stationID,lat,long,hidxbc_date_1_time_00Z,hidxbc_date_1_time_03Z,hidxbc_date_1_time_06Z,hidxbc_date_1_time_09Z,hidxbc_date_1_time_12Z,hidxbc_date_1_time_15Z,hidxbc_date_1_time_18Z,hidxbc_date_1_time_21Z,hidxbc_date_2_time_00Z,hidxbc_date_2_time_03Z,hidxbc_date_2_time_06Z,hidxbc_date_2_time_09Z,hidxbc_date_2_time_12Z,hidxbc_date_2_time_15Z,hidxbc_date_2_time_18Z,hidxbc_date_2_time_21Z,hidxbc_date_3_time_00Z,hidxbc_date_3_time_03Z,hidxbc_date_3_time_06Z,hidxbc_date_3_time_09Z,hidxbc_date_3_time_12Z,hidxbc_date_3_time_15Z,hidxbc_date_3_time_18Z,hidxbc_date_3_time_21Z,hidxbc_date_4_time_00Z,hidxbc_date_4_time_03Z,hidxbc_date_4_time_06Z,hidxbc_date_4_time_09Z,hidxbc_date_4_time_12Z,hidxbc_date_4_time_15Z,hidxbc_date_4_time_18Z,hidxbc_date_4_time_21Z,hidxbc_date_5_time_00Z,hidxbc_date_5_time_03Z,hidxbc_date_5_time_06Z,hidxbc_date_5_time_09Z,hidxbc_date_5_time_12Z,hidxbc_date_5_time_15Z,hidxbc_date_5_time_18Z,hidxbc_date_5_time_21Z,hidxbc_date_6_time_00Z,hidxbc_date_6_time_03Z,hidxbc_date_6_time_06Z,hidxbc_date_6_time_09Z,hidxbc_date_6_time_12Z,hidxbc_date_6_time_15Z,hidxbc_date_6_time_18Z,hidxbc_date_6_time_21Z,hidxbc_date_7_time_00Z,hidxbc_date_7_time_03Z,hidxbc_date_7_time_06Z,hidxbc_date_7_time_09Z,hidxbc_date_7_time_12Z,hidxbc_date_7_time_15Z,hidxbc_date_7_time_18Z,hidxbc_date_7_time_21Z,hidxbc_date_8_time_00Z,hidxbc_date_8_time_03Z,hidxbc_date_8_time_06Z,hidxbc_date_8_time_09Z,hidxbc_date_8_time_12Z,hidxbc_date_8_time_15Z,hidxbc_date_8_time_18Z,hidxbc_date_8_time_21Z,hidxbc_date_9_time_00Z,hidxbc_date_9_time_03Z,hidxbc_date_9_time_06Z,hidxbc_date_9_time_09Z,hidxbc_date_9_time_12Z,hidxbc_date_9_time_15Z,hidxbc_date_9_time_18Z,hidxbc_date_9_time_21Z,hidxbc_date_10_time_00Z,hidxbc_date_10_time_03Z,hidxbc_date_10_time_06Z,hidxbc_date_10_time_09Z,hidxbc_date_10_time_12Z
48300,97.83333,19.3,22.2561,24.0586,26.878,29.8495,28.2269,28.4537,28.2921,27.559,28.5627,29.6185,20.6918,27.4839,34.6714,30.4032,24.3243,28.7388,26.9495,27.0476,28.6272,27.5865,33.1084,37.4935,39.2313,29.7767,34.6214,31.8351,38.8793,37.0657,38.7568,38.8761,38.945,41.0404,36.7283,38.1971,39.6456,36.4506,37.0486,40.5623,41.4486,38.6731,39.4806,38.964,41.627,41.3358,39.2353,35.1702,38.8214,44.7479,42.2102,39.2287,29.8865,35.8993,34.4447,34.8104,32.4037,31.5785,33.4164,32.8093,33.7842,26.2842,31.973,32.6751,32.2095,30.3277,30.0136,28.6905,28.582,33.0305,23.3947,28.8822,31.4588,28.448,26.8318,29.2602,29.4906,30.1654,28.3528
48302,99.05,19.93333,18.6628,15.8156,15.3794,17.0871,16.5721,17.2379,16.7786,17.8339,16.0804,14.3083,21.6297,19.7379,18.8154,20.6013,15.7976,20.4514,19.8134,21.28,17.0179,16.5941,24.0045,23.7178,23.7764,22.0679,20.8796,23.8713,23.318,24.3657,21.853,25.1093,24.2162,24.4467,22.4685,21.6276,19.8675,22.4695,23.5269,23.0421,22.0433,24.8651,23.4984,22.7346,21.9841,22.5192,20.3813,23.7841,17.8992,21.7151,21.5159,22.6337,20.6768,20.096,19.0084,16.68,19.4295,17.8816,18.5408,18.8987,20.1542,17.8057,18.0405,18.3304,16.577,18.3979,17.2726,18.6102,16.4906,17.3941,15.4737,16.2883,16.8227,16.7943,15.8397,18.199,17.5404,16.3534,16.2617
48303,99.88139,19.96139,20.5733,19.4479,19.9847,22.1895,22.1203,21.8187,21.5599,22.7161,21.8,20.5686,24.723,27.9265,29.6599,25.5833,26.2328,29.9578,28.6538,30.3109,30.381,30.9083,30.9335,28.4741,36.5645,33.7576,34.0769,34.992,34.6985,32.3474,32.941,32.017,31.3366,34.7539,35.5619,35.8249,37.2499,40.0742,33.0626,34.5605,36.0306,41.6378,30.1948,32.4036,31.6495,31.3117,30.6983,27.8082,33.3192,32.64,33.1028,31.8932,25.4494,24.3764,25.3482,22.9232,24.7089,22.7862,26.4698,25.733,25.9745,20.7553,23.1161,22.808,21.1256,23.639,22.2774,23.9057,22.3275,23.4499,19.4852,19.9744,20.873,21.4385,22.135,21.7245,22.6919,21.9893,21.4836
48304,99.78333,19.86667,22.4751,23.7989,23.1023,22.819,23.3801,23.5914,25.0629,25.5833,23.801,21.8682,24.6694,28.2847,29.8601,28.3784,24.9066,29.5682,30.8391,30.7774,29.8671,29.9879,34.2968,36.6688,36.1245,33.1178,33.8377,34.5195,34.6488,36.8337,36.615,36.2501,36.0293,37.4012,37.7621,36.0093,28.7444,36.4016,35.0141,34.3432,39.1805,33.0123,29.6358,32.4146,32.514,30.4076,31.4357,31.4589,33.9035,34.1604,32.8768,33.1617,26.4089,25.5421,26.0768,23.2394,25.7046,26.9948,26.1158,26.5151,26.4338,24.4048,23.3179,23.8712,22.253,24.3551,24.8726,25.8105,25.3549,25.8046,23.3554,22.4451,22.7235,21.4865,23.9623,24.8038,25.2118,24.9442,23.7189
48307,100.8025,19.4081,19.1488,20.1721,20.9548,19.2702,21.5232,19.9406,21.5176,22.9033,23.1718,22.1822,24.1746,29.4644,29.4644,27.7175,24.9474,26.0176,27.7119,30.1398,25.5032,31.7581,34.5806,38.389,36.9141,34.4019,33.0277,34.539,32.3287,33.4558,39.6091,26.9219,30.993,30.6093,36.2348,29.4633,37.3529,28.5136,39.8935,39.534,34.4073,33.7484,29.4999,31.7783,32.9395,29.1534,30.7445,32.2579,32.7898,33.9817,32.8847,32.4065,24.4218,24.8451,24.1615,24.2984,27.4692,26.5974,27.2155,26.7513,26.4983,23.1082,22.469,22.3067,22.3288,24.5653,24.5554,26.7749,24.2279,24.1949,22.2975,24.9789,21.1636,21.9089,24.1578,22.2254,23.4627,22.2616,22.2572
48310,99.9,19.13333,21.7715,24.1736,24.3959,24.8044,24.8846,24.4992,24.7433,25.4579,27.0319,24.4006,28.9123,31.6221,35.2303,29.4195,33.5851,34.2223,32.7338,33.0735,34.6669,35.2612,35.4239,39.1178,41.0272,36.9099,36.2373,35.2506,35.9153,39.4582,42.112,39.7174,25.6001,38.6378,42.4855,34.4064,36.0479,39.0377,37.5807,36.8868,34.5949,35.7555,28.3359,33.1385,29.5402,26.0689,32.327,30.9218,30.3352,33.1056,32.6445,31.508,25.8659,26.9018,26.563,24.9147,27.0325,28.9549,29.3961,28.2363,27.506,25.9978,24.6517,24.3801,25.084,26.7706,26.6706,27.9707,28.8336,25.9524,23.3888,22.5057,24.9901,24.15,25.2434,24.4756,26.2289,25.5301,25.7228
48315,100.8025,19.11056,21.0819,24.0477,24.647,22.9907,22.984,22.4132,23.2443,24.0263,23.9514,23.9763,23.1271,32.9348,32.1278,30.3692,26.5973,26.2754,28.504,32.8457,31.7817,31.7858,33.5038,39.9399,38.9626,34.7963,35.7863,39.0321,31.8958,30.5307,41.3834,35.8566,34.4166,33.4196,43.9367,35.6908,39.4613,35.4867,41.6672,40.846,38.8185,34.9482,33.2732,38.5691,35.4475,31.7768,38.5347,34.208,32.8419,37.3283,37.96,37.5864,27.4635,28.0134,29.6911,27.2638,28.4801,30.5206,29.7123,29.6953,29.8577,24.4438,27.6532,25.23,24.8568,26.1367,26.444,27.5397,25.3805,26.2893,23.1832,27.2194,23.6411,23.9053,24.0523,24.4219,24.1332,26.2373,24.0525
48324,99.24472,17.63632,24.6475,27.115,27.6507,27.3264,26.5417,27.1475,28.4169,27.4938,28.1093,27.3483,32.785,35.9746,34.1761,30.7585,28.6896,33.8887,36.3539,37.7771,35.8071,36.5135,40.2459,41.6289,43.0248,38.3875,42.9749,40.3677,41.2574,42.3148,42.5659,43.5372,31.091,42.4395,36.0885,40.7615,40.507,45.9934,33.3932,42.8778,39.3719,44.0043,35.549,38.3183,32.2611,36.7683,34.2788,35.5267,36.3737,36.8924,40.7923,37.2164,30.2563,32.6277,32.0438,30.9676,31.0481,28.9574,31.7953,33.8602,34.1797,28.5628,30.2474,28.4178,28.1507,25.0299,29.82,27.3687,31.0721,30.0723,27.8275,28.724,27.2813,26.747,27.8966,28.2583,28.4453,28.6195,28.2869
48325,97.93333,18.16667,23.2009,23.3545,26.9859,25.72,26.4217,26.4456,25.7852,26.2058,26.6999,27.0494,20.4605,22.1658,26.717,22.0424,22.3581,23.808,24.0152,26.6764,21.7787,22.3872,31.4771,37.7943,36.0675,40.238,34.5244,37.7708,29.4238,29.596,37.8661,34.8317,36.3981,38.3245,33.9085,41.6993,41.6124,37.2657,37.97,41.524,36.7651,38.0544,32.7773,36.5239,34.4745,33.3697,31.6714,30.2577,31.0416,31.8143,37.9038,33.2167,27.0173,30.4527,29.6827,31.6753,24.6247,30.1575,29.4627,29.1848,29.1355,24.6179,29.0824,27.375,23.2577,27.0925,25.6153,28.5572,26.1277,27.3041,22.6182,27.4815,25.3454,26.4699,24.3393,26.5874,26.4699,25.6214,25.942
48327,98.97694,18.79,21.071,20.1643,22.8539,22.8269,23.9668,21.7196,20.9218,22.2904,23.9136,22.6645,27.451,29.2902,29.9954,28.9347,26.424,26.0718,27.5989,27.5576,28.8547,27.6004,35.1334,30.7078,36.2942,35.1163,31.989,31.7016,36.7092,35.4466,39.2925,38.3197,35.5075,38.9151,35.9834,35.4467,39.1585,32.3129,34.147,35.1927,35.7967,35.6264,31.0662,33.3997,32.8675,29.7833,27.4896,30.3541,31.8389,33.2882,31.549,33.0127,24.9087,27.856,28.1359,28.0846,25.5382,28.0271,25.8496,27.3986,28.2672,24.8012,24.0177,24.9261,22.9991,24.9868,23.8841,24.8656,24.8753,26.8478,22.1347,24.3691,25.0076,23.9809,23.2377,22.6129,23.4943,23.7064,25.2371
48328,99.51667,18.28333,19.3613,27.0112,27.6853,27.9527,23.7387,24.825,27.1763,27.8927,28.0917,27.367,29.6334,35.3934,37.5832,27.6242,33.0314,34.3812,34.9623,36.1233,34.1827,36.5955,36.4168,40.6895,42.6278,33.5232,39.113,40.2487,39.8495,41.7595,38.9798,42.0901,36.6834,39.9852,39.0154,37.7281,39.3071,40.61,42.545,47.4338,43.2971,38.3961,31.1896,36.1525,35.0662,35.0264,33.794,34.5745,35.0142,35.3648,36.544,33.4209,31.4456,31.9211,31.9283,31.0832,30.5364,30.9247,31.6191,33.0886,34.1142,29.6076,29.9929,27.3821,27.9749,27.7408,29.2089,27.8429,30.6252,31.0906,27.8299,28.6202,26.5963,25.4785,24.9532,27.4452,27.8563,29.1489,28.4742
48329,99.03333,18.56667,19.1974,25.8517,24.7588,25.2227,22.8701,25.5959,27.4532,27.4154,27.2045,26.5185,27.2936,33.0658,33.9994,28.9961,34.0345,32.4287,35.3662,34.0252,35.68,34.5713,35.3741,36.8155,40.1096,37.512,37.5298,37.7717,37.2445,38.2978,38.9329,38.9547,35.5436,37.956,37.2288,37.7637,33.7559,34.4469,37.3415,39.921,40.0029,41.7333,30.7001,35.9277,34.0683,34.5456,35.5354,32.6045,33.6579,35.6832,35.1382,34.9777,30.9004,32.0203,30.8637,27.515,30.5927,30.3409,31.709,32.4531,32.6432,29.1481,28.2901,28.6447,27.2563,29.1397,29.94,29.4137,29.9569,29.762,28.0761,24.9261,24.1769,24.6038,28.3184,28.0597,28.4939,28.1638,27.3368
48330,100.16667,18.16667,22.1396,26.961,27.4556,26.4364,25.5057,25.4601,25.5557,26.464,27.8494,27.5739,26.2494,35.8256,37.2972,26.9204,37.2973,35.9837,35.2281,33.9902,32.3226,33.3196,37.3504,41.0438,41.0518,35.4049,38.0841,39.0992,39.5337,42.0661,41.9015,44.1427,36.0753,41.0651,35.4969,35.3436,38.1085,39.791,40.7041,44.7301,41.3812,40.2138,33.8232,35.2506,33.4957,32.6975,36.1429,36.4243,35.9238,33.1134,34.7414,34.6309,29.1954,31.0847,31.1201,29.783,30.6194,30.4478,31.208,31.79,31.8828,28.0785,30.4297,27.5566,26.3278,27.8277,29.0456,28.9522,29.5595,31.6785,27.7946,27.5746,26.3152,25.7819,26.0202,26.6865,27.28,27.3151,28.2957
48331,100.76667,18.76667,22.6955,25.8964,24.4302,25.801,25.136,26.168,25.1357,25.5185,26.0985,26.0185,25.2431,32.7642,33.4707,32.1073,31.3993,29.8288,33.4524,34.2628,33.4429,35.1089,37.4536,40.2457,35.7007,31.9092,35.7209,39.8971,39.5329,39.3229,42.6881,36.1783,32.7333,38.9273,43.8363,33.2113,38.2067,38.0474,37.9147,38.9143,43.0456,33.602,34.2747,29.738,35.2746,29.5874,35.2193,34.3787,35.9191,37.2546,37.5691,32.9896,28.4774,28.3634,29.01,27.0268,31.1979,30.7727,31.98,30.8543,30.4081,25.0713,25.8783,27.297,25.0557,27.7082,27.8341,28.2961,27.3161,27.7997,26.3903,25.4918,25.3853,24.2273,25.7343,25.2043,26.2296,27.1374,25.9504
48333,100.75,18.86667,20.178,22.6847,22.1297,23.1088,22.43,20.6409,21.911,22.9961,23.1649,23.6947,24.8663,30.2975,32.4814,31.4026,30.1264,27.4438,28.1889,31.6022,32.4163,33.476,35.4372,35.9521,31.5716,28.7404,35.6559,36.1353,37.4402,34.3023,39.2578,33.0329,27.2224,33.352,32.1958,29.736,37.1674,30.9321,36.6931,37.0567,32.5981,41.2561,31.0727,32.4574,30.9342,26.6206,32.6016,31.2112,29.8481,32.2556,31.4139,28.9079,24.1326,22.9437,25.0034,23.1945,27.6282,27.0048,28.3896,26.2643,26.7115,22.5096,23.0541,23.6564,21.6329,25.2262,24.7602,24.2483,25.33,25.0923,23.9041,24.1203,22.7688,21.6328,23.3294,22.1281,23.7255,23.6352,22.6444
48334,99.28333,18.31667,18.8798,21.383,22.8582,22.4122,22.2509,21.7091,23.4495,23.1884,23.0006,23.8589,28.572,30.1839,28.1369,26.3511,27.4672,31.1218,32.1047,32.2918,30.1865,30.7284,33.2085,36.3467,38.1096,31.9848,38.3782,35.2585,35.1538,37.5542,37.2148,37.9321,33.0244,36.8015,30.1321,37.457,34.7729,37.7569,35.2335,32.2919,26.4931,34.6575,31.9398,34.0919,34.5342,30.9686,32.0897,31.6261,35.0783,32.9387,33.1899,36.8205,28.1267,29.1439,27.2256,28.5791,28.0684,27.6123,27.755,28.3165,27.9369,25.359,26.0589,25.3733,24.7067,25.4333,25.2683,25.1014,26.3918,26.5576,24.726,24.1778,24.8792,23.8116,23.5338,24.3399,25.2234,25.0692,24.5429
48350,101.73333,17.4,20.4892,25.8049,25.1259,23.4083,20.5599,25.1447,26.2845,23.3948,24.2572,23.6994,31.6693,35.439,32.5414,31.9456,33.0916,32.4975,33.8151,34.328,33.12,35.5822,38.5946,40.2481,38.7471,34.9178,40.4584,41.2963,39.1445,39.1866,43.0359,41.1889,33.5624,26.5065,37.5227,35.8043,36.7952,39.7047,33.68,41.1108,37.7668,36.0346,28.3211,27.6379,28.2151,29.0743,29.9531,25.7006,31.9126,33.5173,31.6001,29.8472,26.0002,24.8369,23.7815,23.7415,25.2438,26.6842,28.5257,27.2753,26.6581,26.4673,22.6435,22.5021,23.3539,22.9317,26.0769,24.5806,23.4847,23.4466,25.8538,23.6542,22.1056,20.5715,23.2787,26.0295,24.0264,23.0931,22.2008
48351,100.1,17.61667,24.9076,26.9981,28.8182,27.328,25.8537,26.3908,26.0583,27.4891,27.898,28.671,29.3667,34.6658,33.0474,30.9169,35.3021,35.3549,36.4077,36.2207,37.5775,35.2215,36.8545,39.5573,41.595,35.7822,39.7255,38.669,39.7633,39.7152,39.7845,42.0287,36.7752,40.0966,39.6846,39.3265,39.967,38.9627,42.8695,41.2802,41.0004,40.5868,36.2978,33.0327,34.1563,35.0391,36.7255,35.016,35.9573,35.7551,37.4477,37.2425,31.4731,33.2022,32.0579,31.1557,30.88,31.2198,32.1238,33.5829,34.9678,30.1425,31.1502,29.8374,29.1053,29.3514,28.5746,30.1599,30.8168,30.2733,28.0853,29.9801,26.6906,27.297,26.8624,26.5514,29.742,28.8618,29.4935
48352,102.71667,17.86667,26.0115,28.9499,29.6296,28.3103,30.6698,29.6313,30.717,30.4839,31.2534,30.6457,35.9991,36.956,33.5721,31.1175,34.6676,34.585,36.8295,36.1177,41.2534,42.5562,39.2074,38.3559,36.6179,37.6143,36.0041,35.8812,42.4155,38.5461,42.2573,41.8946,39.8349,37.4504,32.3402,37.9911,41.284,39.9395,40.375,43.2487,42.5813,40.6569,34.1801,35.2711,30.0256,35.1723,37.9694,36.0526,35.8291,36.9405,33.0026,36.1817,31.3127,32.3003,29.8625,31.6779,32.1196,32.2399,34.8158,33.3412,32.2217,29.2657,30.0424,28.2205,29.5307,31.6476,31.0193,31.277,32.0545,30.1908,27.6987,28.2443,27.7986,28.8447,29.54,28.7814,29.6105,30.1076,30.1503
48353,101.73333,17.45,21.2327,26.3118,25.7641,24.2385,21.4487,25.7622,26.7756,24.2799,25.1091,24.5376,32.4134,36.1217,33.3461,32.9029,34.1226,33.2664,34.4062,35.1076,34.1737,36.3477,39.2699,40.9774,39.4418,35.5735,41.2045,42.1143,39.8193,39.8836,43.8768,41.9491,34.0058,27.1483,38.1324,36.4422,37.4532,40.3532,34.2437,41.7166,38.4732,36.5548,31.4894,30.9305,32.017,32.662,33.3617,29.5084,35.504,36.4919,34.3967,32.2119,27.7138,26.683,26.4215,26.2347,27.0074,28.3931,30.0261,29.2673,28.3653,27.5316,24.0468,24.3755,25.1937,24.3142,27.2619,26.216,25.163,24.8395,26.7386,24.7791,23.6971,22.1088,24.5074,26.9303,25.3597,24.4497,23.4845
48354,102.8,17.38333,23.98,28.7181,29.0446,27.2268,28.0541,28.5087,28.4558,29.3777,29.9871,29.2886,35.5061,33.502,35.0331,32.3278,38.5502,32.9568,37.7759,36.6445,41.6108,39.0291,39.2159,39.8148,36.8918,33.3783,34.0004,39.8994,41.0186,43.9349,43.7688,42.1736,41.5816,37.4153,31.1429,38.5427,41.4871,38.4031,43.1411,41.9181,35.1729,39.8273,36.0651,33.332,27.518,34.6919,32.2484,34.0147,37.2711,36.4887,33.5621,34.6801,29.7719,29.3944,28.0761,30.4362,30.0054,30.3429,31.5895,32.9618,30.6136,28.6854,28.0063,26.8311,29.9229,29.0326,29.4335,28.3544,30.8852,29.6133,27.402,27.334,25.7427,27.6845,27.3434,27.5348,27.9281,28.7296,28.9686
48355,104.05,17.11667,23.3994,24.6683,25.9113,24.2824,26.695,25.5531,26.1302,27.1724,27.5134,28.3418,28.2935,29.5529,28.6779,32.9582,34.4952,34.1604,34.3225,38.8522,36.9193,36.1426,32.7393,34.8802,27.562,33.764,39.8202,39.4997,38.6262,30.6353,38.8892,38.8366,33.9618,33.9725,23.9454,37.3726,30.6433,36.3408,37.4067,38.9523,34.99,35.4684,31.3785,31.6171,26.0472,33.0638,30.7172,32.7203,32.4684,32.3334,31.419,30.4005,25.7189,27.1682,24.438,28.2646,27.5423,28.1169,29.9575,28.7692,28.837,26.7995,27.3167,24.1726,27.5077,26.7572,28.0176,28.0886,27.0729,29.3178,25.4874,25.3781,24.6622,25.6643,25.882,25.8196,28.4962,27.9904,27.5202
48356,104.13333,17.15,25.2561,25.9553,26.7873,27.7164,28.5195,27.0492,28.2331,27.993,29.0806,29.5608,29.8449,28.7327,27.1689,33.9783,35.4783,36.2031,36.2412,35.3941,34.2282,36.6884,30.9993,30.671,26.7811,30.4625,31.5607,37.5963,41.3455,33.6537,38.4567,36.4061,39.661,33.3016,22.3861,36.2784,37.3778,32.4532,36.6377,39.4844,36.3875,36.1647,32.9748,32.4618,26.1801,35.391,32.4501,32.7388,33.2383,34.4511,33.2854,31.968,30.4516,29.137,27.0742,28.8584,29.6519,30.9455,30.7132,31.8709,30.0172,27.7464,27.7594,26.6253,28.1822,29.0701,28.5334,29.8304,30.4673,30.5553,26.5601,26.4741,26.5993,28.1287,27.4329,26.6417,27.4982,27.7145,28.2773
48357,104.78333,17.41667,26.639,28.684,27.9517,27.2859,29.4752,30.6629,29.6036,28.2553,29.5001,27.5114,30.704,28.0995,25.3618,27.2056,31.4158,34.8057,33.6661,35.0337,35.252,32.9883,35.1013,31.6336,24.5524,37.6974,39.77,38.4306,38.5898,37.0855,35.7448,35.6552,36.2522,38.7762,25.4227,36.9092,39.985,39.6664,38.4593,38.3384,35.3496,34.1946,33.8393,32.3568,25.8885,33.3083,34.0067,34.9771,34.6135,33.9612,34.2516,33.7381,30.9504,29.1859,27.2805,31.1797,32.1248,33.4511,32.7395,30.2053,31.6945,27.7962,29.8027,27.8936,28.8449,31.3251,31.1404,29.5452,29.2831,29.2905,27.4088,25.9266,25.6237,28.4072,29.9846,29.1221,27.4883,26.9837,26.6566
48358,104.79,17.25,21.5693,25.7787,25.7234,24.3767,27.2509,27.8364,28.0503,25.5433,26.2521,24.27,27.4394,28.1761,24.2552,26.5338,30.0553,33.8031,30.1062,31.8428,32.1889,30.8361,35.5415,28.6557,22.3619,33.5451,38.1614,37.7534,36.6242,35.9162,36.4101,33.7056,35.8392,35.6559,24.3241,35.109,36.8227,30.3292,37.3081,35.5956,35.642,33.9833,31.4016,29.3096,24.8134,30.0641,32.1122,32.133,31.1373,31.5092,31.014,31.8387,29.2289,27.6469,24.4072,28.4223,28.7783,28.4012,29.6948,28.6753,29.8388,26.1708,27.0686,24.5885,25.0374,27.1947,27.0987,27.3228,26.448,26.2457,24.7598,24.6995,23.5491,25.6278,26.1002,26.2962,26.0598,24.1867,24.0826
48360,102.42944,17.2325,23.8553,25.6872,26.6829,26.2478,26.3051,25.9179,25.0139,26.493,27.3954,26.8858,33.067,33.6969,35.1861,32.3601,36.4338,32.0375,35.6284,32.932,38.5859,36.9129,36.9523,34.7879,37.6139,33.3437,39.5022,38.0147,40.0117,40.8717,40.8423,40.0229,35.4838,35.4198,31.7814,32.4595,38.038,37.9143,37.6284,39.614,33.4269,45.2058,31.1874,31.9533,28.054,31.511,29.0306,31.5839,33.1132,33.6886,32.5749,33.0605,28.2554,27.3487,27.1744,29.3016,28.6684,27.4576,29.609,29.8485,29.2083,27.0146,26.7543,26.2523,27.8317,27.6293,27.4037,27.7694,28.0602,27.5022,26.7667,25.4371,25.8529,26.6846,26.9153,27.0599,26.8008,27.2042,26.249
48372,99.1,17.78333,26.0424,27.8537,28.1291,28.8078,26.729,28.2689,27.2716,29.0523,26.5859,27.8895,33.7553,34.9812,37.1506,33.9691,36.3197,36.1744,36.013,36.5794,36.7337,38.3568,39.211,40.5075,42.226,39.7322,41.3686,41.4513,37.3005,43.0832,42.4829,42.2253,38.4108,40.2075,36.2143,40.8862,42.8041,45.7977,34.2287,43.4767,41.1306,40.0435,40.0623,40.3395,40.0386,39.949,39.0934,39.1691,36.407,40.4684,42.2899,41.2829,33.0855,36.1848,36.1812,33.0219,35.0598,31.8455,34.8569,35.7021,36.3548,31.2817,33.1729,32.8491,29.4246,31.483,31.9788,32.8661,32.021,33.7838,28.8596,30.5219,30.1737,28.4362,29.4723,30.3049,30.3296,30.143,30.6061
48373,99.86667,17.16667,25.8474,26.8856,27.4161,25.652,26.122,26.3719,27.6942,28.1089,28.0748,27.2749,33.8866,35.5051,36.5379,29.8597,36.3836,34.5062,36.1533,39.7988,35.8284,36.9475,39.2473,39.6567,39.7913,36.1196,40.575,39.6184,39.306,37.2736,37.0271,39.7085,34.5427,35.5441,39.1862,37.2407,39.4566,33.9344,38.3235,42.8783,39.442,44.674,33.3964,32.8337,31.7025,33.7855,31.9507,32.2557,33.0968,32.8372,35.185,33.6161,28.2506,31.3716,29.7539,25.245,29.2202,28.6767,28.917,29.3808,29.0806,28.0428,29.2359,29.0364,27.9156,28.4959,28.6871,29.4366,29.4807,29.5083,27.8201,27.668,25.8021,27.7676,27.7345,28.3975,29.2023,28.2997,29.1369
48374,101.24944,16.77361,24.7593,26.7511,26.6407,25.9585,24.7891,24.4909,26.9889,26.3943,26.5006,24.8119,30.3915,33.211,35.9067,30.7491,30.7262,32.2156,34.4501,34.9042,34.1961,34.2229,38.5928,40.4934,41.3525,41.7447,34.3484,42.4696,41.0547,37.6994,41.1097,40.3877,36.9382,28.8564,37.4656,36.7814,37.8121,33.7673,36.2921,40.9133,33.8193,36.2302,31.8807,30.4479,32.8255,32.2212,31.5383,31.5142,32.5885,33.4955,32.4773,34.0244,28.0211,28.6355,29.591,28.4927,29.4249,28.5081,31.1398,29.4519,29.7087,27.2891,26.2563,26.4146,27.0647,28.0647,27.9078,28.6675,27.6135,27.2808,25.8262,27.5367,26.9489,25.3811,24.5354,26.8244,26.5941,26.729,27.7222
48375,98.55,16.66667,22.9808,24.4154,26.3964,27.1778,27.9686,27.6586,26.4917,27.1554,26.3151,24.3744,27.4597,31.1877,32.4657,23.904,33.9755,31.3924,34.9276,34.7593,25.1313,32.0846,33.0819,37.9543,40.221,32.5408,40.1162,38.3874,34.1472,34.5192,35.5961,41.7706,33.203,41.2883,34.8806,39.0344,32.2889,35.0016,37.0143,29.6141,34.6128,36.9656,36.8489,36.2785,35.3018,37.0743,36.3617,34.8043,35.1987,35.4042,34.0061,36.4415,30.4696,29.4712,31.5825,31.2911,30.4874,31.4561,31.6891,31.0152,32.1869,29.147,29.2089,27.6221,27.9448,28.9765,30.1918,28.218,28.2331,27.3078,25.4956,28.4854,26.3843,27.0068,28.4198,27.1514,29.0641,26.9932,26.2092
48376,99.15,16.88333,24.6618,23.87,23.6114,23.4796,25.4627,24.3044,24.8641,24.137,24.9918,23.0913,33.4875,32.8664,31.9646,33.7396,35.723,36.125,33.3748,32.195,33.2706,33.4015,39.5815,41.2579,44.0372,33.2961,41.4223,36.3365,42.0779,43.8071,41.8853,42.1728,37.1108,38.6017,34.3402,35.9895,35.8879,43.6133,39.8808,36.9687,35.3438,37.2388,31.6426,37.0974,35.682,35.3262,35.081,32.7139,34.3818,33.1843,32.4085,36.3678,26.9572,28.7432,28.2599,24.674,27.7345,27.1991,26.311,27.4004,27.5337,24.204,24.9426,25.7423,26.1711,26.4305,26.4587,25.5224,25.9149,26.6666,24.2239,23.5469,23.1673,25.3925,26.5325,26.6118,25.6373,26.1457,25.683
48377,99.01667,17.25,25.0265,23.7614,26.2876,23.8706,25.8841,25.7225,27.3094,26.4152,27.1207,25.3898,29.6283,32.1628,32.3586,30.1714,32.0887,29.7809,30.3755,30.2692,32.2488,33.7397,40.4265,43.1055,42.7822,36.2354,37.1595,38.0877,38.6755,36.6738,38.6673,41.2944,32.9819,31.2251,39.9668,43.2421,35.8546,36.9534,34.0428,41.0056,40.9804,36.2067,33.2485,34.1087,33.602,34.3479,31.658,31.818,30.7482,33.1521,36.1143,38.3616,26.9359,29.9617,28.2911,25.5719,26.1708,28.6628,35.2118,29.9866,30.6026,28.2807,26.8554,25.9973,24.8227,27.778,28.2948,24.876,29.756,28.7008,24.7583,25.8183,24.3789,26.9112,26.0122,27.6866,26.4726,28.2095,26.2832
48378,100.26667,16.78333,24.9433,26.5013,26.7605,26.9788,28.0292,26.4147,26.8994,27.4937,29.4249,28.1867,34.4966,34.9276,36.4148,30.6892,35.0695,37.5738,37.5,36.6853,37.2322,37.1125,37.8567,38.424,40.1151,35.1133,41.3287,40.2199,38.6056,39.6825,39.1085,40.3972,31.2231,40.0487,39.0938,35.721,39.5449,38.0441,38.4055,32.1741,40.9334,39.3564,31.2572,34.7634,33.8571,33.5399,31.7399,34.8248,33.703,33.7919,32.7659,33.7655,28.6267,31.0263,30.657,30.506,29.1109,28.452,31.1802,30.3289,31.4482,27.7878,30.8023,28.4305,28.5674,28.0776,28.1647,28.0618,29.4902,29.304,26.8336,27.7517,28.5509,28.0438,26.9753,27.3371,27.4274,28.4219,29.1731
48379,101.15,16.43333,23.3593,25.1569,24.703,24.818,24.7115,24.0697,24.2456,25.1402,26.3542,26.3743,28.1167,35.0028,37.9545,32.5921,31.6069,31.8546,36.0074,37.2661,38.2407,35.6682,36.0168,42.5421,41.4109,38.8774,37.2062,39.1972,42.1646,41.7522,38.7123,33.3459,35.0739,36.3801,33.251,32.9269,38.7976,33.243,37.3028,38.9494,32.494,32.6688,30.5765,30.9949,30.2687,32.2845,34.4762,33.7987,33.8901,35.8477,34.6306,36.5771,27.6117,29.8228,29.9364,26.5533,27.6157,27.0195,29.9362,29.7404,28.7015,25.0187,25.74,26.0564,25.2529,24.6339,25.2122,25.7901,26.1045,27.9664,24.9289,25.3201,25.2615,23.0319,24.6152,24.2442,26.7398,26.9287,27.1976
48380,99.53333,16.48333,24.4061,28.998,28.9757,28.9858,24.3105,28.4642,26.9112,28.8187,28.9897,27.9266,33.8363,35.4211,37.2136,38.1379,33.714,37.5088,37.5478,36.5713,36.2221,37.4372,39.3129,38.0298,39.757,41.3402,42.9125,40.3948,43.6455,41.9048,42.8197,41.4714,37.2078,37.6981,38.5781,36.7866,40.2992,40.7919,39.7203,39.9523,36.6468,39.3662,31.8682,32.8254,32.0641,32.4957,31.4176,29.4882,33.7736,32.6184,33.7862,34.0388,28.2982,29.88,29.377,28.6524,29.4678,28.9808,29.5091,30.56,30.9165,27.8639,29.6141,29.2428,28.3443,27.687,28.8331,29.0498,29.1478,29.5121,27.4297,28.477,28.3744,27.8436,28.0331,27.9396,28.2513,28.5194,28.2935
48381,102.83333,16.43333,25.534,25.4559,27.1133,27.3797,27.4658,26.1882,27.7837,27.5053,28.1915,27.6229,34.2327,33.2182,34.213,33.3425,38.1371,31.7844,36.4078,34.0799,39.052,37.5201,35.911,29.922,35.0306,36.6617,36.6492,35.5761,38.669,34.6128,39.3957,38.2353,37.6355,33.1361,32.0972,31.4975,31.1241,36.8671,37.6062,38.091,36.6786,32.8993,26.9922,29.8943,30.6567,32.299,28.6659,32.896,31.7269,32.0572,32.8859,33.0626,28.2831,29.0729,29.0084,29.0412,27.9522,29.897,27.3427,31.064,30.3299,26.9117,27.2474,27.4546,27.5096,27.4536,28.1552,27.6589,28.8212,28.9918,24.5328,26.0798,26.327,26.5569,26.7545,26.9964,26.4407,27.5331,28.1295
48382,103.06806,16.24722,25.5584,26.8639,28.0946,29.6681,29.7543,27.8857,28.7587,30.272,30.0422,31.1848,34.0045,37.18,35.8374,39.8197,41.0301,33.8168,38.7778,38.4183,41.7662,41.9718,36.9887,32.7868,39.0836,33.2974,42.1201,38.8403,39.6702,39.8059,41.7596,42.8681,26.3326,30.181,34.8246,37.9389,37.6459,37.4694,39.3731,40.4894,39.0516,36.5379,31.9055,31.0106,31.9457,32.4027,29.6852,35.618,33.5077,34.7214,33.1841,34.5503,28.6871,29.034,29.0312,28.9631,29.2264,31.681,29.5659,31.3544,31.0591,27.1359,27.8345,28.217,27.4548,28.9693,29.094,29.0854,30.1098,29.2896,24.7012,26.647,27.938,27.734,26.8491,28.2793,28.0637,27.8283,29.1829
48383,104.71667,16.53333,25.5435,26.7996,27.3542,27.437,28.6051,26.6761,28.6528,29.4018,28.6407,26.6991,28.144,33.7649,28.6089,30.0364,33.3872,31.0845,38.7334,33.8933,35.7372,31.663,32.0959,36.3094,37.3535,34.6841,39.9137,35.4998,39.3033,36.5684,38.7848,39.4335,34.0746,34.7512,31.3196,33.6514,37.7207,32.0875,29.9337,37.1316,37.5191,35.0522,33.5668,33.5426,31.3789,33.3155,34.9613,35.4134,35.445,34.4224,33.4891,34.3641,31.3508,30.1864,28.1352,30.0313,31.4974,29.973,32.0688,32.0669,31.564,27.7263,28.9073,28.2461,28.0209,29.1483,29.1037,29.8577,29.1874,29.1674,27.729,28.0461,27.3989,27.3989,29.7823,28.352,28.6168,27.0539,28.8207
48384,102.81667,16.33333,25.2549,26.4305,26.5223,26.5858,27.4085,26.1858,26.9566,27.9512,28.5194,28.111,34.8417,35.1702,34.8263,38.6109,37.4706,31.185,35.9105,34.5671,37.2485,38.8624,36.4012,34.0013,39.3858,35.8509,41.2182,37.8043,40.3722,40.4614,41.182,41.2208,40.6416,36.6728,34.6007,37.3642,32.9741,37.8875,40.1785,37.6822,33.5694,39.0311,27.607,29.4275,30.3881,29.9561,29.3008,31.3105,32.6441,31.6425,31.453,32.368,26.3511,27.3601,27.2024,26.8011,27.8752,29.4407,27.3152,29.4229,28.4133,26.732,26.1357,26.7341,26.954,26.1185,26.9473,27.5225,28.7412,28.0691,25.1238,26.0586,26.6374,26.7509,26.7422,26.8237,27.015,28.1465,26.5759
48385,98.86667,16.01667,18.6695,17.4945,17.2276,19.1125,20.8613,19.4143,19.4143,19.4135,16.6709,19.4449,20.7155,23.7269,22.392,23.6831,22.4389,20.633,22.2723,24.5513,24.5694,23.9816,32.2478,33.1572,34.3251,29.3233,34.0133,33.1615,33.8328,29.1095,38.5169,35.9782,28.1926,32.2334,25.7896,25.4589,28.4827,24.2287,23.702,30.2713,29.0356,27.6898,29.0648,30.9219,25.0326,26.8997,25.328,24.2479,29.226,27.921,27.2356,26.4661,20.4005,20.2002,21.0014,23.2627,21.5216,21.8855,21.9936,19.6744,22.413,19.2864,19.6205,17.7744,20.9722,19.9105,20.45,19.7644,20.0656,20.08,18.0346,18.3473,18.339,18.6187,18.7335,18.7985,19.2215,18.0818,19.4569
48386,100.28333,16.43333,25.5084,26.6615,27.8547,28.6881,27.9206,28.3202,27.6439,28.4754,29.3264,29.4879,35.7874,35.8707,38.8846,31.1611,35.2185,38.3753,37.6601,38.1077,38.4173,39.0553,37.9466,39.5558,40.3079,38.2092,38.4333,40.0681,39.1162,40.3475,40.8072,39.5861,33.536,39.6293,39.2994,36.4962,36.9036,38.525,38.1937,39.5237,40.2436,40.9708,30.2503,33.9834,32.7165,33.3064,32.6303,34.9969,36.3213,34.9301,33.6353,35.0524,28.8698,31.7401,30.6856,29.0751,28.6087,28.2332,30.7516,31.3454,30.0193,25.6289,29.7593,29.3412,28.958,28.8251,28.1723,29.3381,30.5325,29.5891,25.8487,26.9601,27.9463,27.7289,28.3038,26.9994,28.2289,28.2278,28.1129
48387,98.93333,16.76667,19.1871,18.6734,20.8787,19.7558,20.5541,19.8941,19.3039,20.0366,18.6837,19.6316,25.4205,23.9027,30.0715,22.0431,28.1569,25.9751,22.9384,25.1793,23.6457,25.1438,25.7193,28.7795,28.0071,18.5282,28.3374,27.5384,23.9615,26.6209,28.0557,28.7995,27.2361,27.3421,25.3471,25.5866,20.2176,27.3662,27.63,23.7855,24.9759,25.9424,23.0423,24.3719,20.9228,22.7294,22.9727,22.2031,20.7864,20.4839,24.6461,23.1561,18.9013,18.0502,18.688,19.1027,20.0308,19.4459,18.2165,18.9062,21.2956,19.6096,16.4775,17.1796,21.1012,21.1491,21.5913,16.0773,16.8275,16.5218,16.4908,19.1491,20.6531,20.1708,20.9706,20.8126,19.8318,18.7393,19.0926
48390,103.58833,16.3325,24.9636,26.9014,26.9873,28.1539,27.5541,26.2204,28.2114,28.8382,28.863,27.9322,30.9582,34.4632,30.4312,33.8584,33.8445,31.2059,34.0594,31.7293,34.7191,36.7642,30.3685,30.6827,33.7038,32.3044,40.0324,36.456,38.4634,40.2104,39.4944,38.8928,35.3005,32.5834,31.9011,37.1376,30.8668,36.352,36.0717,36.879,33.5625,35.1074,31.9064,31.1543,29.6911,33.8388,32.6658,31.9198,30.7198,33.5098,31.815,31.7687,28.0343,28.0516,27.3721,29.5969,28.8497,29.8106,28.6242,30.416,28.925,27.2984,27.8692,28.1534,28.3036,29.3628,28.9623,29.8207,30.6314,27.5216,27.0293,26.6939,26.9354,27.3868,26.619,27.8818,27.9168,28.5746,26.5061
48400,100.16667,15.8,26.7936,28.0563,28.9614,30.5427,27.3688,28.4908,27.8913,28.9868,29.8407,31.1327,37.2647,36.6099,38.034,37.6073,40.4052,35.3937,37.9768,38.3688,39.4045,40.908,39.3334,38.9895,40.298,41.2808,40.8244,38.476,41.2746,37.7826,43.0599,41.9047,38.7981,40.1379,41.1206,40.7742,35.3826,38.4439,41.6742,42.5116,42.2509,42.4531,34.4038,35.435,34.5608,28.168,33.5035,33.9546,37.3981,33.4249,36.0079,35.924,30.7251,32.9294,33.0474,29.4379,31.7205,30.9588,32.6955,31.0521,32.416,29.5567,29.1202,30.4853,30.0781,29.2578,29.4326,31.6204,30.4319,30.7493,29.0762,29.0019,28.528,27.8941,28.1724,28.2898,29.513,28.6593,30.5154
48401,100.5,15.35,25.5318,26.0319,28.1383,26.9639,25.9533,26.2395,26.4625,27.1053,28.7993,29.4006,36.1462,34.1773,36.6948,36.2544,36.9766,34.5837,36.5003,36.4813,38.4187,38.8619,36.4025,38.7942,39.8658,39.5021,39.5183,36.0239,38.4129,37.9118,38.7856,40.7674,36.7243,38.0659,37.4564,36.3837,38.5469,32.8203,35.6794,38.69,39.2897,39.7496,32.4576,33.8298,32.698,30.6045,31.9691,33.9022,32.3085,32.8103,35.8661,29.4192,28.8193,30.5095,30.886,29.2654,28.2729,28.6479,29.2052,28.9984,30.4868,26.2079,29.1798,29.6712,27.892,27.3785,27.5086,26.3499,29.2433,28.7368,25.6458,28.6318,27.2933,26.1927,26.7241,26.546,25.7367,27.4156,27.5163
48402,100.18333,15.15,26.6872,27.4713,28.3166,27.4455,27.5814,27.5061,27.4858,28.1483,28.2223,28.0911,34.0593,33.3016,34.7774,34.1887,35.9265,37.0048,34.9191,34.636,36.0152,36.574,36.6787,37.4199,38.7162,37.7173,38.9089,38.4105,36.4693,39.0818,38.3805,38.2367,29.8616,36.3924,38.7426,40.879,36.4877,30.51,36.1824,37.6059,40.0103,36.6176,29.7944,34.4083,30.8375,33.1233,33.7463,31.5567,32.5298,32.2395,35.0055,35.086,26.4585,30.8039,31.9692,27.7348,30.3743,29.2606,29.505,30.1089,30.3075,27.7866,29.517,28.771,28.603,28.9389,27.5607,28.3847,29.2585,29.2897,28.1502,28.9252,27.5678,27.0771,28.1601,26.9463,28.6869,27.9235,28.337
48403,102.03333,15.8,25.5318,26.9413,27.4812,27.9244,27.7685,26.8217,23.8465,27.3688,28.3655,28.0749,32.7507,37.1247,38.7022,34.4467,35.4291,32.4794,33.6561,38.2436,40.3494,40.7616,35.4055,38.9499,41.0872,33.3735,40.4498,38.323,39.3355,42.1687,34.8513,41.8711,35.0509,32.0509,39.4472,38.8901,33.3473,37.7317,35.2641,30.7107,32.2964,37.493,31.9064,27.2181,33.5139,33.221,34.1467,33.5246,32.208,33.677,33.4,34.8389,28.219,28.5354,29.5946,29.6693,31.0525,29.5744,29.7196,29.6299,29.0147,27.8419,28.3934,28.4913,28.4638,27.8997,27.9226,28.1809,28.6898,27.6625,27.5451,28.1022,27.8029,26.9533,25.4682,26.2563,27.0776,27.8715,27.265
48404,103.61667,16.06667,25.0179,26.8569,27.1475,27.1679,27.0902,25.6585,27.4615,27.8976,29.1856,28.4525,31.2962,36.0505,34.3398,33.2919,32.4379,34.6878,35.6026,33.399,38.0279,39.2848,35.79,26.7672,32.8832,36.8324,33.1575,37.5264,38.2264,40.71,34.7965,38.9735,35.1294,32.896,33.6834,35.6752,34.498,35.5829,31.4878,36.6505,34.2317,32.2986,31.2025,29.9182,30.2948,26.4326,31.6195,30.8268,28.1303,33.2902,32.2271,31.7377,27.8732,27.3652,27.288,28.2261,27.2737,27.7803,28.3589,29.1661,28.4656,26.6132,27.4052,26.5275,26.7772,27.7545,26.9051,27.6203,28.8392,28.2723,24.9542,26.0803,27.1169,26.0296,25.058,26.4477,26.2983,28.9754,26.6632
48405,103.68333,16.05,25.5624,27.3453,27.6472,27.6933,27.6471,26.2445,27.9062,28.4109,29.6122,28.8436,32.4522,37.4411,35.6832,34.7191,33.8386,36.1517,37.0202,34.7666,39.5318,40.7824,37.2436,28.2552,34.336,38.5078,34.5839,39.1374,39.8376,42.5319,36.4191,40.4663,36.7971,34.5783,35.2204,37.4158,36.1816,37.3361,33.1099,38.4697,35.7107,33.5561,33.1835,31.8893,32.504,28.5634,33.9669,32.9676,30.6484,35.7106,34.3663,33.7281,30.0285,29.5413,30.2534,30.3418,29.9699,30.5508,30.8579,31.6814,30.7181,28.3849,29.0991,28.4342,28.6525,29.6459,28.7422,29.5032,30.586,29.9828,26.2646,27.2948,28.5686,27.3782,26.4087,27.7755,27.7262,30.2509,27.8667
48407,104.86667,15.25,26.2522,27.881,27.5972,27.881,28.1374,27.0038,26.1156,28.2561,28.5724,30.0,31.5142,33.2109,35.3152,36.6437,32.314,36.6988,28.0097,31.1444,36.2185,36.912,33.8825,35.485,34.6119,40.1817,29.6716,37.1644,36.9239,39.0942,39.898,37.7828,34.0978,37.1105,33.0213,36.6414,40.4137,34.6878,33.9604,34.0692,36.8076,32.8996,32.6773,33.6401,31.5005,34.2916,32.0279,34.5133,34.1694,33.4683,35.5534,35.3231,29.2039,28.5068,29.4869,29.5755,28.9905,29.9925,30.0226,30.9407,31.7805,28.2349,26.6769,28.5569,28.9012,26.8557,28.1189,28.0765,28.5982,31.2027,26.5485,27.5207,27.3377,28.8842,27.0981,27.1185,28.231,27.6342,30.3112
48408,105.03333,15.23333,24.5787,25.2511,25.8218,26.4171,26.2454,25.8258,24.4866,26.6035,26.4558,28.129,29.1319,36.3293,33.4313,36.7098,31.7193,33.5934,28.6625,30.5843,35.6232,36.2002,35.1678,36.7295,33.1675,40.3428,40.3768,35.4811,34.5164,39.193,38.2758,39.3559,35.6521,30.4132,33.9871,32.548,34.1895,32.236,31.864,33.7866,37.7938,33.0671,30.8633,31.6908,31.9069,32.0718,30.2738,32.2207,30.6967,31.219,31.6899,31.735,27.7488,26.1436,27.0449,27.303,27.0717,26.3981,27.002,29.2111,28.7413,25.2739,24.0796,25.7473,25.9391,25.0002,25.3292,25.5949,27.1238,27.8722,24.3799,24.2215,25.5025,26.0919,24.719,24.4441,25.8136,25.6691,28.0519
48409,104.25,15.03333,26.3711,27.1655,27.6959,27.1858,27.5971,27.0722,26.2561,27.8147,28.2418,28.6148,35.988,34.3666,37.7537,36.0016,31.9999,34.0825,29.0076,36.6017,36.7018,38.3298,36.046,32.134,30.0201,40.417,37.8061,34.5806,33.7742,36.1105,37.1162,39.3841,24.7328,34.5193,32.3842,38.472,35.402,35.5848,34.9971,32.0203,38.3921,35.054,30.0221,30.2378,29.4974,31.8856,30.1826,32.4429,30.5451,29.9391,33.5068,33.2628,28.1594,25.8424,27.8651,29.2781,27.5394,27.201,27.7641,28.0367,30.3782,26.4326,26.4049,27.9049,28.2514,27.1827,26.3182,28.2514,28.23,29.8206,26.3353,26.6907,27.4579,27.8335,26.8979,26.2733,27.2104,28.6576,28.6664
48410,100.03889,15.37417,27.0254,29.2766,29.3407,28.9377,27.4225,28.1588,28.2889,29.5128,29.7353,29.478,35.4243,34.505,34.9776,34.3356,35.2778,35.1236,34.6761,35.0794,36.1314,37.8676,37.7939,39.0584,40.3451,40.3876,39.7314,39.2849,39.7808,41.0025,39.8767,39.7085,34.9244,40.2047,40.6492,40.7182,37.5445,39.4062,36.505,37.6628,40.9028,42.5627,33.2672,34.2576,32.9504,30.5324,33.5506,33.101,32.6533,34.3487,31.4438,34.3512,29.1421,31.6724,30.9748,29.8965,30.5326,30.6963,31.0884,31.3065,31.8945,29.588,30.2032,27.4956,29.3153,29.4888,29.1038,30.7366,31.2447,31.0897,28.9352,29.4153,29.1804,27.8445,28.6241,28.3779,29.6933,29.853,29.2252
48413,101.10833,15.65694,24.533,25.9344,29.862,29.4961,26.3496,25.3053,26.3104,28.5862,29.6291,30.6809,29.1205,35.9299,37.3583,31.2125,36.0726,33.6866,37.1743,37.7411,37.6378,38.8065,37.1375,39.1768,41.0481,40.0975,39.9313,37.8386,39.0335,41.0416,40.0134,42.1616,34.3832,37.3094,36.1412,34.7735,38.1327,36.3227,42.5171,38.6701,39.5076,33.073,32.3919,31.4063,33.1549,33.2977,29.4854,33.9883,33.6791,33.317,32.3959,34.0297,28.7691,29.4016,29.5609,28.0439,30.2274,28.8193,30.1876,31.1029,30.3294,27.937,29.8185,28.1577,27.1795,27.2956,27.4031,27.8947,28.2819,28.5952,25.5458,27.8057,27.3296,27.4073,25.8019,26.5538,27.6403,28.5529,28.9664
48415,100.71667,14.51667,27.1483,26.8265,27.573,27.9569,27.6851,27.0836,27.9155,27.7949,28.0217,27.7784,35.4495,33.17,36.7482,37.3275,37.7096,36.2729,37.4286,37.1392,38.2115,38.4458,37.471,38.0289,37.0263,37.6218,40.0135,38.6997,38.9963,37.4286,39.3132,36.899,36.1579,37.3207,38.5363,40.5868,40.3718,33.9926,35.8772,38.6205,35.033,38.7652,34.0903,34.6001,34.499,33.646,31.5104,33.0956,31.1386,33.1316,33.6912,32.2698,30.5197,30.2687,30.4431,30.2915,30.2099,30.5777,30.2497,29.4937,29.987,28.4908,29.8765,28.8429,27.7356,28.5035,28.7116,28.8034,28.5112,29.4402,27.9524,28.6404,28.2277,27.7095,27.7574,28.275,28.2438,27.9505,27.4242
48416,103.68333,15.31667,25.6425,26.791,27.9503,26.9542,27.6652,27.342,26.781,28.3385,27.0477,29.7877,34.6536,34.1011,36.4736,35.9269,36.1801,32.6078,31.5476,33.6233,37.4995,38.1814,33.0843,35.2297,35.1338,38.2037,35.452,36.2108,35.4039,37.1832,29.8389,39.7183,30.231,30.4185,38.1342,37.2963,38.2302,34.598,28.7268,34.2757,39.2898,35.802,31.0475,31.2056,30.8963,32.8341,32.5666,33.5245,32.671,33.7051,31.232,32.8848,28.9814,27.9508,28.3428,30.2082,29.2464,29.0843,30.0539,29.3126,29.854,26.9924,26.873,27.3552,27.0283,27.2883,26.9154,27.6932,27.1905,28.3656,25.9855,25.7152,26.7235,26.7086,25.5074,25.4337,26.3612,26.1037,26.2342
48417,101.39584,14.35972,17.9423,19.348,17.4187,16.5685,16.8646,18.5138,17.8557,17.473,17.7606,17.9146,20.9528,23.3913,20.2068,20.2999,21.2511,21.8831,20.1148,21.8203,23.5114,18.751,23.8708,23.7987,23.5461,23.1664,23.7178,23.6849,22.634,23.6258,24.5993,23.9173,24.6903,24.4247,24.0848,24.6434,21.4131,20.7271,22.8682,19.3664,23.7156,24.1263,24.0754,24.4661,19.4235,16.2922,16.1488,17.734,15.1122,21.5377,21.7112,19.7724,19.3465,20.8442,16.6414,16.3457,15.3259,15.7932,15.0608,16.6302,17.5171,17.7091,18.3962,18.5181,15.5914,17.5641,18.0748,16.5328,16.6387,15.4973,19.0988,17.0164,17.2095,18.6833,18.8829,17.6829,16.7516,17.8968,18.5102
48418,101.18333,15.26667,23.8283,23.4368,25.5338,24.8273,25.3462,25.6053,25.0467,25.2852,26.3059,28.071,31.7649,34.5663,36.6046,37.4214,38.4207,34.8521,38.0894,38.853,38.7824,38.3062,35.7977,38.9562,40.9532,36.0577,42.5026,39.3306,39.205,42.3311,42.3106,44.0666,37.4397,38.0622,38.1725,37.4024,38.4428,34.8852,37.7331,40.4966,39.2819,38.4614,32.8307,32.9503,32.8406,34.9994,29.9973,34.1167,33.274,36.0122,32.3074,32.7326,28.4611,30.8926,30.4318,28.0811,27.7301,28.6741,28.6555,30.5177,28.2366,25.5262,27.3782,26.4007,27.3709,26.0212,24.9154,26.6252,26.7361,27.2409,24.7153,26.8408,25.92,26.5189,25.9451,25.6523,24.8909,25.9196,28.7908
48419,100.63333,14.11667,25.0189,26.5804,26.8058,26.2007,25.949,26.2562,25.7507,25.3287,26.2363,26.496,37.2593,34.8973,37.0344,38.1421,36.0667,37.2612,38.2838,38.6614,38.8036,39.7923,39.1885,37.0945,40.1984,40.7465,37.6874,39.4085,37.5549,38.2582,40.1552,40.1899,34.3115,31.8079,38.3532,38.8122,29.657,29.8393,30.4443,38.9695,39.6069,37.1465,30.7634,29.1516,30.3213,31.2762,27.0554,25.7772,26.3889,26.3142,25.1064,27.3049,29.23,26.5362,28.1848,28.0623,27.8022,26.4046,27.0288,27.0132,28.6929,26.6178,26.7992,27.1707,27.0832,26.5136,26.6028,26.4012,26.6075,23.5667,26.853,26.6933,26.1174,25.8303,25.943,25.5421,25.1079,25.6216,25.9037
48420,100.76167,13.51667,29.1684,29.0277,30.167,31.3624,31.3232,32.6911,32.5239,30.0963,29.7661,29.956,36.0432,36.2428,36.2249,38.1983,37.3242,39.1259,38.1759,36.6442,38.4462,39.0879,43.6576,44.0639,42.7993,41.1757,39.8409,42.4481,41.1903,42.2144,46.1191,44.6993,32.803,39.7488,38.4187,34.8679,38.8441,34.9458,37.6213,46.3712,45.6267,48.5365,34.893,39.2097,32.7937,35.1145,36.8033,29.9814,26.1186,32.4086,30.7364,33.1311,31.3941,28.1069,33.1508,33.6777,31.3936,32.4614,31.1073,32.6144,31.314,26.1125,30.1325,30.697,31.6046,31.5053,29.8882,28.7124,29.0843,27.4472,28.7083,28.5786,31.5737,31.505,30.7451,31.7539,29.9187,29.1298,29.3154
48421,98.63639,15.74222,23.9127,24.9641,25.7144,20.7178,24.7144,26.536,26.2526,26.161,23.6016,26.3401,30.1279,28.9936,30.5596,28.9032,29.8122,35.4675,32.6758,31.9943,30.4744,33.6961,32.9619,41.6848,40.7761,38.5302,36.9927,39.9409,43.8523,29.3877,41.2393,35.5967,34.5655,44.1252,40.9628,26.9362,37.6607,32.0443,29.005,39.2209,32.6016,42.1632,35.5779,35.0636,32.3752,34.1255,39.7165,33.0523,33.0856,29.9313,25.8601,34.3126,30.5663,32.5383,29.8478,31.7729,30.7535,29.6922,32.5044,31.3071,32.6221,23.8235,29.391,26.3484,27.1776,27.6219,27.4223,28.5403,28.3093,28.7733,25.5298,24.279,23.2457,24.6265,26.9186,25.3341,25.3163,26.5971,23.5367
48425,100.13333,14.46667,29.1999,27.5099,30.1313,30.6195,29.8066,28.5053,29.4853,31.3726,30.6827,30.6401,35.6898,38.0292,35.5323,38.7288,37.9178,36.3489,37.0186,34.5374,37.6367,37.95,37.8144,37.9674,37.2011,39.203,40.6648,39.1326,39.3942,40.8784,38.7675,36.7223,35.4212,34.2449,40.0173,38.7881,31.2517,34.6479,35.664,35.4589,42.5143,39.1393,32.7117,35.7586,35.2697,34.233,33.9204,36.1371,32.94,34.0688,34.558,34.5606,29.8163,31.6982,30.3447,30.6328,29.26,29.5354,31.3804,30.2063,31.9905,30.4939,31.0381,30.2463,30.5251,30.1769,29.3112,30.6457,31.0862,30.1244,29.9691,29.3751,30.697,29.7482,28.6955,28.8594,30.4287,30.0489,30.3821
48426,100.61667,14.8,26.8724,27.489,29.0945,28.2121,28.616,27.9465,28.2373,28.5217,29.1597,29.6462,35.5202,33.242,36.6062,37.3181,38.386,38.6324,37.7565,36.7185,38.6586,39.1993,36.5616,38.1627,37.3212,38.8076,40.5018,39.4968,38.9264,39.6959,41.0438,40.1272,35.8364,36.3016,36.6989,39.4219,32.6699,36.7069,33.9795,38.1152,39.4551,41.1386,33.819,36.3404,34.077,35.3441,33.0983,34.1818,32.7141,34.2421,33.7926,32.0358,30.7672,30.8074,33.2973,31.7414,31.7735,30.9938,31.0283,29.1163,31.8302,27.0884,30.5347,29.9883,29.5963,28.7378,29.21,29.3472,29.6389,31.168,27.7561,29.2364,28.5399,28.3651,28.6038,28.4622,28.4399,28.7031,29.3216
48427,99.86667,14.3,27.7786,28.8778,28.975,29.8026,28.1927,26.7081,27.8561,29.604,30.073,28.5333,34.6596,36.8335,37.0003,37.3095,37.179,36.2824,38.3511,37.9414,39.9307,37.5374,36.6772,38.1647,39.5283,38.8392,36.4426,39.1773,38.5245,38.4452,39.9017,40.7799,33.1535,37.2938,39.0611,36.1574,34.2066,31.5999,35.873,37.0128,36.2492,35.3462,33.5476,34.2022,31.8501,30.8527,30.5414,29.1509,30.9232,28.6242,31.2428,25.2771,28.0578,27.7681,29.1236,28.5048,28.6463,27.2531,27.3433,27.8744,26.5029,28.3927,29.6744,28.6412,28.1361,28.4253,28.5803,29.2534,29.6474,28.9558,28.9797,29.4672,29.4505,28.7467,27.6785,28.7363,29.7906,28.1584,29.376
48429,100.7675,13.68639,26.9993,28.4213,29.4655,29.6406,30.0867,29.6399,30.009,29.1621,29.6123,29.4691,34.2397,34.542,33.8758,33.5792,32.9241,36.1707,35.9736,35.1237,35.1758,35.731,37.5226,38.5616,38.2419,35.7596,34.2449,36.9801,34.7861,39.9013,37.4227,43.1167,29.1679,36.48,33.4305,29.0627,32.8306,29.9618,30.8987,42.5502,36.9213,41.1456,33.0029,30.6712,34.299,29.6619,30.3798,29.2552,27.3808,29.9828,30.8103,28.5122,31.2327,31.1623,28.7873,29.8968,28.5412,28.7949,29.3903,29.8179,30.6241,27.1541,29.4375,30.241,29.5772,29.3377,28.3778,26.9979,28.1264,27.7894,26.9887,27.629,29.7859,27.8737,28.4175,28.5243,28.0327,27.9926,28.4797
48430,101.36667,14.05,26.4877,27.3711,29.1525,28.9443,29.6217,29.7299,29.8568,28.9069,28.5212,28.5917,34.3756,34.5708,37.3302,37.8234,37.3438,36.3589,37.0539,37.3078,37.1815,37.2345,37.6426,37.0848,39.7831,39.726,39.3164,39.09,39.2025,40.8351,40.5968,39.9178,36.2564,37.7028,39.56,34.5609,36.9346,37.45,36.1674,39.6902,40.6965,42.311,32.2031,34.1368,32.6679,29.214,29.0774,30.3302,30.4527,30.0686,34.4982,34.8455,31.4708,31.9376,31.4649,30.1344,31.5286,31.0068,30.5809,31.2413,31.5427,29.0227,29.3599,32.2556,30.8718,30.6151,30.4439,30.1464,30.4521,31.0168,28.4151,28.8653,29.4799,29.4378,29.9647,30.1389,29.0909,28.4761,29.0845
48431,102.07667,14.96278,25.8843,26.7555,27.599,27.3916,27.043,27.4085,27.2388,26.7532,27.7754,25.7606,31.6031,34.1024,36.4968,36.1039,36.0429,32.4166,36.5835,35.4158,36.3089,36.7711,34.4417,39.5772,41.826,33.1273,40.8264,37.619,39.9674,40.9256,40.6232,41.3714,33.0328,37.5436,38.8125,35.3151,37.0573,35.5925,37.5337,34.9748,35.3975,32.5928,32.5541,31.5485,32.9501,33.8708,33.8839,33.5409,33.8996,31.458,32.1654,34.1318,28.7175,30.6569,31.2166,31.4508,30.047,27.6828,29.9947,31.0505,30.7641,28.817,28.7734,30.6352,29.6716,28.7052,29.0136,29.2453,29.3197,28.6849,27.622,28.3434,28.4785,27.7884,27.6863,27.3752,27.1998,27.5268,29.1491
48432,103.5,14.88333,26.8424,27.6856,27.9671,26.9062,28.1858,27.5481,26.7891,27.8469,27.8383,28.509,34.6298,33.2141,36.9057,37.7067,37.6887,33.0177,31.5688,34.7687,32.7828,34.494,35.6513,37.5788,39.7325,39.2495,36.1203,34.7919,36.9067,39.6625,39.9694,41.9393,27.4928,30.8112,32.69,33.4616,38.2233,36.6509,33.2524,35.1241,37.6855,37.929,28.2344,31.0165,31.7208,32.9744,31.0451,26.8853,33.2303,32.7907,32.5353,32.5573,27.5842,29.1779,29.5322,27.2613,27.3705,28.6185,28.3555,29.9682,31.0524,27.4909,28.1729,28.1526,28.7174,27.8186,28.2735,27.9875,26.4511,30.3059,27.122,27.8019,27.265,27.9184,26.7026,27.7199,27.4118,26.3272,28.5386
48433,103.45,14.88333,25.7948,26.6155,26.8717,25.6792,26.9754,26.5049,25.7414,26.6917,26.6227,27.2424,34.5796,33.0642,36.9194,37.7508,37.7121,32.8707,31.3615,34.6596,32.545,34.3278,36.1126,38.1189,40.3611,39.8606,36.6008,35.2207,37.4202,40.2867,40.6058,42.6607,28.1987,31.6977,33.4495,34.2388,39.1961,37.4645,34.0451,36.0476,38.6295,38.8347,26.8261,29.3449,30.0106,31.0537,29.4715,25.6123,31.3016,30.8933,30.891,30.9627,25.177,26.8363,26.752,25.0174,24.7403,26.1323,25.9617,27.4683,28.3069,25.8077,26.4905,26.2989,26.8767,26.1577,26.6262,26.0977,24.6026,28.5833,25.9518,26.363,25.8453,26.4015,25.1489,26.4246,25.9867,24.9825,27.0025
48434,102.16861,14.71889,24.8824,26.2184,27.0235,26.4081,26.865,26.9938,26.6807,23.6025,26.3965,24.5169,34.2649,35.207,37.3357,36.215,35.8798,35.4631,37.8276,38.1374,37.4276,38.2455,36.2951,37.9749,40.7782,39.7971,39.0482,38.983,39.5768,42.0522,40.1439,42.7378,34.7484,39.564,37.9147,41.0461,38.5443,34.2381,38.0919,39.8752,32.769,37.4584,33.3398,32.3135,32.7418,31.1762,33.5447,32.7692,34.4023,28.1353,32.2319,32.1056,29.1865,29.9762,31.0025,28.2798,28.4426,28.1036,27.0893,30.9426,29.7852,28.4863,29.1472,29.2836,28.5366,28.9654,27.9654,28.8657,27.9516,28.9608,27.4511,28.5507,28.2603,25.5454,28.2543,26.6436,27.6028,27.3005,27.4459
48435,101.41667,14.7,22.3978,22.5456,23.1127,23.7954,24.0384,24.0052,23.7817,23.0381,22.7246,24.4862,30.8913,31.0474,29.7256,33.1612,33.3232,31.8399,32.1188,32.6383,35.1531,32.7664,33.9046,33.7658,33.6723,35.7861,36.7712,34.9386,36.738,37.5942,37.3338,33.5878,28.1704,33.7965,32.2321,34.5594,30.5739,38.2023,30.3243,30.8926,38.1791,34.8517,29.2967,29.4795,29.6449,26.6578,27.4493,23.4523,26.2417,31.1657,27.9267,29.9653,26.388,25.2266,26.9119,26.0175,25.9702,24.8862,23.8644,23.8183,24.3879,24.52,25.2412,24.7488,24.093,24.5144,24.3631,24.2563,24.1446,24.0842,22.9136,23.6559,23.5728,23.7793,23.961,23.3637,22.769,22.9401,23.0363
48436,102.71667,14.61667,24.7105,25.9099,27.3817,27.4723,27.516,26.6464,26.7995,26.0997,26.3839,26.7183,30.6615,33.7077,35.901,33.7815,36.5398,34.4971,34.8286,35.7947,36.0804,33.5049,34.9058,38.0974,39.5224,37.8975,39.7449,39.1756,39.2081,38.1413,41.1935,42.8558,33.4692,37.4363,32.4311,36.178,36.4072,33.6864,28.2379,35.6039,31.2391,37.4515,28.7756,27.6222,30.8534,28.8386,30.7966,28.8162,29.6863,26.4347,30.3488,31.4898,26.3489,26.2599,29.3402,27.2025,26.8285,25.544,27.0333,25.7484,26.7208,26.87,27.1005,27.8936,27.4528,26.9071,26.7737,26.1867,26.975,28.2901,25.798,26.2765,27.3334,26.3499,26.495,25.9324,26.5384,25.8154,26.5081
48437,103.24417,15.2275,24.5551,25.7386,27.108,25.3981,27.4356,26.487,25.7617,25.4879,26.4818,26.5944,34.4807,33.6956,33.7757,35.5746,35.0233,32.6931,32.3384,31.8367,33.7418,32.9452,36.6058,35.8892,36.8352,37.6832,39.2842,35.8521,36.3675,37.7596,41.7662,40.4583,25.1943,28.3221,38.3667,35.2346,37.3475,29.4379,36.4236,36.5741,30.1197,33.1163,29.1644,27.9888,28.9207,30.8008,34.7844,31.6287,29.9431,28.5309,33.1501,31.6313,27.2262,26.3373,26.7905,28.4299,28.9198,26.149,26.8273,27.5823,29.1187,26.3092,25.9748,27.1362,26.1614,26.206,26.7941,27.2508,25.7703,28.9727,25.5587,25.6251,25.8454,26.2391,25.2022,26.2078,26.4683,25.2479,27.1631
48438,100.03222,13.40777778,28.1347,30.4493,29.4964,30.6697,27.65,29.7446,29.2106,31.0618,32.3156,29.0333,35.4381,35.9042,37.4986,37.756,35.418,36.207,35.3448,34.9716,36.3528,36.4558,33.4017,36.251,38.0908,37.6416,37.2912,38.3876,34.7818,36.4937,37.7942,39.3975,32.647,36.5295,36.6276,34.6599,34.0053,35.8949,35.0048,34.173,37.4324,33.095,32.5445,34.404,33.3954,32.8725,32.7111,34.5953,33.0791,35.4379,32.0141,32.5179,29.9932,33.8089,33.436,32.1852,32.6536,30.6126,33.3168,32.0183,34.2613,32.2568,33.4494,35.3286,31.5486,33.3227,29.6369,31.3957,33.6521,33.5287,32.1929,32.4754,33.3122,29.1326,31.0054,30.3835,33.5057,32.1929,32.7792
48439,101.70722,13.98333,23.7582,25.501,26.1202,26.9539,24.1171,27.3411,26.0769,25.3798,25.8485,26.0904,32.3188,33.9795,35.6803,37.2741,36.9764,36.7885,29.4799,36.1971,35.6476,35.6941,37.6155,36.7441,38.2986,38.3503,39.3132,36.8044,39.4144,39.3658,40.8345,42.1348,36.0417,36.5304,36.4208,39.2767,35.3659,33.4182,37.281,37.7025,38.9842,39.3785,30.7902,32.8053,33.1794,29.1293,31.2765,24.1219,27.1965,30.4334,27.9746,30.318,27.8784,30.2708,30.8184,27.5885,27.0455,27.2848,27.1162,27.3982,28.7459,28.3764,28.9805,28.402,27.7514,28.0665,27.2667,26.6365,27.205,27.6149,25.9986,27.5049,28.2061,26.8032,27.5313,27.477,25.914,27.1105,26.919
48440,102.03471,13.78888,24.9891,25.7854,27.026,28.223,26.1235,26.6737,25.9395,25.7144,26.7952,27.1801,34.1067,34.5208,35.9493,37.7376,35.8089,37.74,31.1894,36.5081,35.9632,36.0257,36.6484,36.8774,38.7589,35.6904,32.4542,29.9272,35.6616,37.5469,41.4851,42.2929,35.0553,36.0457,37.4181,34.9743,37.2043,34.9415,30.8905,37.9966,38.0002,40.8165,32.3355,32.3513,30.9513,28.5814,30.5504,29.806,30.1036,28.7805,28.4789,29.9262,26.538,30.4888,30.7518,29.2733,27.0709,24.9313,27.8158,28.571,28.9163,28.8658,27.8688,28.6705,28.1211,27.8596,27.1672,26.9908,27.0904,27.0047,25.5592,26.9233,26.8257,26.2978,26.0537,26.6238,26.6765,26.7331,26.6704
48450,99.53333,14.01667,28.9965,28.9054,29.7775,30.6119,30.7421,29.3985,30.5871,30.5552,29.2356,29.3733,34.6924,38.0964,37.367,37.9829,39.397,36.4952,37.3102,38.2842,39.8612,38.877,40.2776,40.8673,42.2067,41.0657,39.0489,39.117,39.708,42.1976,42.2366,42.9083,32.8181,39.2055,35.1473,32.6901,29.5501,40.4161,38.1176,30.7519,34.9137,35.8724,29.6144,29.6582,28.1753,31.603,31.9727,34.8884,33.6392,28.9666,34.584,41.694,30.7868,29.7255,33.0482,31.0277,34.0196,31.6122,34.0927,31.654,30.0442,28.8874,31.6072,29.2141,30.9688,32.2397,31.2424,31.4664,31.3063,30.7254,29.4955,30.1467,30.702,30.2822,31.4977,30.9095,30.0685,28.9094,30.304
48451,99.96667,14.01667,27.4172,28.0921,27.8,28.6833,27.0616,26.5696,26.4706,28.8564,28.3758,28.515,36.1504,37.3853,36.9558,37.9813,36.6263,36.4301,37.1367,37.7116,38.614,37.9985,36.6806,37.1815,38.3929,38.3015,40.173,39.1309,40.9557,40.572,38.548,38.6484,34.4298,33.9484,34.2156,35.7635,35.4035,30.8758,35.9376,39.7126,38.9337,36.6174,32.5387,30.4848,34.2942,32.4423,31.0282,30.3665,31.4937,30.9224,29.9682,33.2457,28.4618,27.576,26.434,30.4318,26.7315,27.7243,26.5893,26.5262,24.3943,28.1636,28.3766,29.1159,28.2667,28.2995,26.5579,28.8528,29.1135,27.7655,28.2213,28.2901,28.778,26.7957,26.1921,27.4216,28.8219,29.3186,28.1204
48453,100.61667,13.66667,25.6646,26.3569,27.7316,29.3994,29.1014,31.6281,30.2887,27.8234,26.5507,27.0404,39.1157,39.0344,38.3613,39.1053,40.1894,39.9829,40.0594,38.8274,40.9016,40.9374,52.8757,56.5024,48.0452,46.4275,44.381,45.1214,45.3722,49.0072,58.017,57.5746,39.6326,44.2064,40.8635,39.2343,39.1564,32.4861,45.1905,45.8525,50.4108,55.3143,33.2411,41.6428,33.3867,36.0784,34.3268,30.9401,30.407,34.4287,32.8867,41.1075,31.5547,30.0149,31.2474,30.2465,31.2673,30.7265,29.3793,30.3676,27.6764,25.3456,28.5604,29.1818,29.5252,31.3807,28.8426,27.3082,27.4156,25.6253,27.6777,27.4339,29.3105,28.791,29.677,29.979,29.1858,28.0489,27.2559
48454,100.56806,13.70694,27.3165,28.2313,29.4966,30.4984,29.6556,30.1237,30.3841,29.8934,29.5143,29.7983,34.6771,35.5764,35.2732,35.2558,36.3104,37.8998,36.0117,35.9455,36.5506,37.2681,38.5064,42.0246,42.4008,37.9884,36.015,38.9976,39.7273,42.7346,40.4315,41.7502,31.5317,35.6595,32.3002,34.9745,30.8476,36.3853,35.1134,42.3895,38.5748,41.3406,29.4304,32.9577,49.3489,28.5057,33.6896,28.5573,29.3616,32.5788,36.1958,35.3988,,,,,,,,,,,,,,,,,,,,,,,,,,,
48455,100.568,13.706,26.8533,27.7856,28.9802,29.9792,29.1577,29.6451,29.8566,29.355,28.9735,29.2378,34.4517,35.3453,35.0497,35.0233,36.0565,37.6322,35.7677,35.7058,36.3016,37.0068,38.5693,42.0999,42.4777,38.0556,36.0749,39.0651,39.7978,42.8141,40.5032,41.8266,31.4504,35.7083,32.0924,34.8333,30.6221,36.335,34.9903,42.6835,38.5929,41.534,29.2175,32.9948,51.6449,28.0433,33.7383,28.0647,28.8709,32.5701,36.5561,35.5753,28.7409,27.2502,30.3146,27.6643,29.7306,29.5384,28.9813,28.2003,29.0372,29.178,29.1698,29.1891,28.7344,29.6945,29.2259,28.0408,28.7354,28.6007,27.9616,28.0284,29.6709,29.0952,28.9849,28.8247,28.3586,28.9985,28.7379
48456,100.605,13.91917,25.1022,26.7072,26.2768,28.2311,27.4707,28.289,27.5367,26.4268,26.3501,26.8992,36.5831,35.7237,36.3356,35.933,35.3768,35.7502,36.0126,36.5573,38.2958,38.132,35.4818,38.5465,37.386,39.0842,38.5287,36.0196,37.4072,38.5949,38.275,39.6085,30.8459,33.1584,35.0397,24.0,32.4792,32.7098,28.5464,31.6081,38.0894,39.2042,30.4107,29.4131,38.4682,29.0894,25.5654,24.4837,25.9794,25.5734,26.387,26.9158,26.1897,23.8958,27.5929,27.9158,27.2625,26.2362,26.647,25.9129,26.5862,25.5492,26.5076,27.3066,27.3837,26.7477,26.8759,25.824,26.1902,24.6203,26.8601,25.4152,26.6138,26.1528,26.9446,26.547,24.7699,24.8559,25.0226
48457,100.64944,13.37722,32.6514,31.0596,31.7092,34.4189,33.8379,34.0166,32.8648,32.7293,30.8568,30.4361,33.3369,33.754,35.9386,37.3124,34.945,34.7072,36.3861,33.9784,34.414,34.4465,37.4823,38.3779,37.8012,36.8911,35.6988,35.991,36.0401,36.72,39.5803,38.3289,34.5746,35.4336,32.7179,33.0129,37.3305,36.8816,38.1069,32.6362,38.1416,38.9966,33.7315,35.1821,34.4927,32.5651,35.2197,30.8769,33.262,32.8893,30.9426,34.4398,,,,,,,,,,,,,,,,,,,,,,,,,,,
48458,101.45833,13.565,23.626,23.8883,26.599,27.6988,24.2321,26.8008,26.4722,25.2899,24.8659,24.8654,34.177,34.7378,34.9699,37.4298,35.987,37.8939,32.955,35.1503,35.9676,35.6477,36.5869,37.6859,38.4703,38.7934,33.8825,36.2063,38.6411,38.6041,40.5602,39.4231,36.6627,37.7052,36.6904,36.6591,36.5027,38.4199,33.9969,43.0633,39.5352,39.1519,31.1475,31.0246,32.909,29.9214,32.0531,26.9847,27.7418,31.8017,29.9433,30.9226,27.0642,28.2805,31.1911,27.2493,28.6077,26.3363,23.381,26.0403,26.366,27.0663,28.118,29.893,27.6308,27.8031,28.3996,25.4531,26.2888,26.4535,25.2596,27.12,28.5797,24.5345,27.1439,26.0365,24.8604,26.7475,25.5172
48459,100.98333,13.36667,30.1984,29.5998,30.4556,32.0255,31.8266,32.2796,31.9338,31.0631,30.3891,30.235,39.9957,40.6228,40.2444,43.4431,40.7537,43.2026,39.9842,38.8823,40.4492,40.8734,44.8467,45.387,44.518,46.4674,45.3589,43.9025,43.2627,44.4195,48.2452,47.9752,48.2456,49.6508,44.0112,43.5507,44.6217,43.223,43.8874,47.349,51.0313,51.9918,40.4258,39.7658,36.2828,35.4193,39.6189,31.143,37.8982,29.3148,28.1186,35.1011,31.1903,37.0259,34.3274,30.9807,33.3913,31.2019,29.77,33.2771,25.7747,29.7661,31.5304,32.11,31.1689,30.9443,31.2954,32.3513,30.8287,30.7132,30.1072,30.3515,30.9826,31.3176,31.2298,30.8519,30.7411,29.7409,29.0514
48460,100.8,13.16667,29.1834,29.5678,30.09,29.5678,28.5425,28.6947,30.5322,30.4613,29.1267,28.7107,37.5113,36.8536,39.2335,41.3741,37.871,36.7883,39.161,37.2584,37.1508,38.8727,38.7238,40.5486,41.96,41.2479,40.0261,39.507,38.7064,40.591,40.7121,39.8696,36.3677,34.6488,34.2231,30.9278,35.1314,33.1718,38.1835,32.959,39.0184,39.6786,28.1287,31.5934,34.3926,27.2271,33.5737,28.0286,33.4241,26.7737,25.3975,32.7215,29.8876,30.054,26.245,28.2939,29.1175,30.5068,29.2221,29.5279,28.5551,27.0102,28.9142,29.0496,28.5938,28.0964,28.3771,28.7727,29.1863,29.8517,27.8427,28.6,27.4994,31.2903,29.0261,28.9967,29.7468,29.3276,28.7724
48461,100.86667,12.91667,29.4822,29.7417,30.3188,30.1335,28.5069,28.9417,29.0876,28.536,30.0055,30.2499,37.3824,35.7534,39.2187,37.0693,37.6116,36.6299,36.9361,37.5477,37.3085,37.5789,37.0231,38.1997,39.5829,40.5662,39.1098,37.252,36.7402,38.6013,38.5435,37.908,36.3943,36.0893,31.522,39.8594,35.389,31.0943,35.5616,39.1843,38.3879,38.3858,31.3962,32.567,34.2351,29.3903,34.861,30.6203,32.1333,29.545,32.4454,34.242,30.5011,34.8503,28.1486,30.5493,32.1779,30.1232,31.3642,31.6805,29.6995,27.8151,28.8944,29.1762,28.0751,28.9891,31.3349,29.558,30.082,30.2148,28.8791,29.9468,29.2688,30.9889,29.6267,29.7339,30.4909,29.3017,30.556
48462,102.58333,13.7,27.4377,27.9178,28.8152,29.364,28.7741,28.5152,28.6067,28.3904,28.7231,28.7656,36.2335,36.8987,37.8241,39.5418,38.7262,35.5387,35.2066,35.4616,39.8623,40.4614,36.7003,39.088,40.9657,42.1697,39.3758,38.5232,36.7229,43.9369,42.336,41.7874,30.1906,29.3206,37.02,26.522,27.6709,41.3899,37.9312,32.907,30.4468,37.0541,33.5921,33.0174,32.3298,31.2976,35.8843,30.2448,32.2481,29.1356,31.5551,33.5066,29.4496,30.4262,28.8999,31.8091,29.4377,27.0253,29.6711,31.0842,31.2172,29.8167,29.7001,30.5736,28.9852,29.5826,28.7994,28.3465,28.0064,29.3763,28.0744,29.1587,28.2242,28.2108,28.1094,29.26,28.3065,28.496,29.0629
48463,100.86667,13.06667,29.3588,29.7329,30.2195,29.7329,28.7399,28.9285,30.6208,30.5451,29.2964,28.926,37.9014,37.1255,39.6859,41.874,38.1171,36.9594,39.5647,37.4508,37.3533,39.1248,39.3105,41.9788,43.8654,42.6157,40.9024,40.6219,39.3933,41.9234,41.8622,40.6841,37.4103,34.9822,34.4968,30.2511,35.858,32.9463,39.4762,32.8756,40.6281,41.5689,29.4689,33.0921,36.0443,28.6264,35.1918,29.2688,35.135,28.1003,26.7572,34.4393,,,,,,,,,,,,,,,,,,,,,,,,,,,
48464,99.79833,13.5,25.3491,26.1941,27.4346,26.5049,26.7671,26.6166,26.4897,27.3667,27.3543,26.4644,32.0989,36.1033,34.2641,34.0428,34.2848,35.9741,34.051,33.4715,34.2673,35.5791,33.7459,35.9851,39.3779,38.3501,32.5612,36.8843,40.0913,36.3311,32.8353,34.0729,35.7778,36.8396,29.5212,38.8579,40.0201,31.1554,39.1819,32.5624,38.8736,37.237,32.3816,28.0109,27.871,29.0847,30.3331,29.928,29.8744,33.3175,29.0548,28.012,23.3948,28.7755,28.1446,28.6032,29.5128,28.2448,28.8561,28.1233,27.8627,27.3768,28.7803,30.8553,28.2095,27.5709,27.3175,27.3427,28.8548,28.3009,25.4786,29.368,27.5635,26.8711,27.2128,24.157,27.8916,27.7765,27.4208
48465,100.06059,12.99937,22.5775,26.5842,26.7301,27.6019,25.9012,26.3787,25.8018,27.4655,26.0157,25.2976,37.3015,39.2173,39.2484,38.0871,33.5841,38.5169,36.9303,34.8961,39.2634,38.3718,41.2473,42.1644,39.6105,41.8662,37.7386,44.0307,42.5183,44.1839,41.2094,44.3923,36.7328,33.104,36.9918,40.3639,35.7659,34.9731,36.5598,37.1872,34.7588,38.065,30.1799,26.825,29.5243,29.5379,31.9687,30.9382,29.8285,29.5611,24.5051,28.9525,21.0612,28.1814,27.3865,27.9438,26.6895,27.0414,28.8987,28.0566,29.1195,27.5318,29.3222,28.8656,27.5252,25.9294,28.8219,27.5683,25.6414,26.7327,27.4609,29.0123,27.7787,25.612,24.5679,25.1991,25.7919,25.1839,27.7394
48474,99.73333,12.58333,24.3752,24.8452,25.8715,24.7286,21.6328,24.755,25.0594,25.7952,26.0238,25.088,32.786,34.5756,37.1945,30.8535,32.456,35.4087,30.5095,29.8907,32.2879,33.8549,38.931,34.6724,37.9067,38.2242,35.2095,33.8878,35.4325,33.6848,35.4144,42.2751,33.7957,35.8849,27.9528,37.0284,35.1676,28.6501,27.9002,37.0165,33.0507,36.4086,25.9066,35.598,30.5841,32.6478,33.0355,31.0895,32.2984,28.6012,31.0948,33.2521,29.0462,30.3883,27.6217,25.6837,29.4092,28.0476,28.9504,27.1098,28.2929,28.6933,26.3686,24.5271,24.5001,26.1889,26.9002,26.7445,26.5735,27.2793,23.8964,27.2582,24.722,27.016,24.803,24.7528,25.6824,25.4865,27.6277
48475,99.95,12.58333,28.7432,30.107,30.4661,30.003,28.158,29.5371,27.1398,30.3313,31.1419,29.8375,35.41,36.6843,42.2949,36.9479,37.8655,36.4816,34.3136,32.9213,38.703,41.1754,36.5047,37.1244,38.0686,37.7977,37.0547,35.9856,35.841,37.252,38.8155,36.8579,34.0572,35.8492,29.8386,37.027,35.6955,32.4784,30.9688,37.0364,35.9241,34.2025,29.8797,33.0467,32.6182,32.1083,32.013,32.5596,33.2608,34.4265,32.3648,33.0383,31.8676,31.7369,33.4355,29.6206,31.9582,31.9305,32.066,31.6558,31.8079,31.313,30.5816,30.8074,29.8328,30.2034,30.5965,31.6567,31.5357,31.786,28.7491,31.5883,30.2825,29.8185,29.4289,28.3447,30.7592,30.6971,31.0936
48477,100.98333,12.68333,27.5344,28.6819,29.4231,30.2937,25.3687,28.7691,28.0207,28.1835,29.0769,29.2755,40.5469,40.3097,41.5755,42.0758,41.2619,41.5967,41.7268,41.2536,41.187,42.5735,43.0645,44.6443,46.7931,44.4577,43.6726,44.2992,44.216,46.0987,45.3228,44.7424,41.0091,42.7619,42.6381,43.7914,37.7858,30.8651,42.2982,47.6317,43.3712,43.3019,33.6934,32.9339,34.4931,30.5597,34.8245,35.9537,32.701,30.0121,32.2556,30.5322,29.9453,26.7037,30.6946,28.2995,29.034,29.4366,27.568,28.4644,29.9163,28.2463,32.3436,27.9077,28.7876,29.004,28.6372,29.0599,26.7965,29.1151,28.738,27.8842,27.5338,29.3879,27.8865,27.4754,28.1892,27.8594,28.7244
48478,101.35,12.63333,30.0322,31.2446,30.7943,31.1585,30.4699,30.18,30.7661,31.1013,30.4815,31.1803,37.6768,39.2724,40.434,38.6587,37.0942,39.7988,40.4474,39.2379,40.9013,40.7127,40.3685,42.6572,43.198,42.2961,44.46,40.4759,42.15,42.1957,41.5956,43.6382,39.7915,41.2144,43.7919,42.6679,38.806,41.582,38.7171,35.4051,41.4813,41.917,32.8337,36.5499,33.809,31.4021,34.9793,31.4486,32.7794,32.173,34.4917,33.7774,33.8514,33.8805,32.2323,31.4439,32.1501,30.7338,28.7917,29.9183,31.6587,30.0408,30.1766,31.7199,31.844,29.507,30.1012,30.298,29.7004,31.5528,30.3332,31.686,32.0622,27.7028,31.8148,31.3024,31.5448,32.1299,30.873
48479,101.13333,12.73333,29.0267,30.4169,30.6853,30.5188,29.4695,29.5871,30.3934,30.0079,30.5097,30.9395,35.8469,35.755,36.2746,35.4757,36.1904,36.3517,35.2029,36.6713,35.7456,39.3171,35.6039,37.069,38.8951,38.0687,37.3054,37.3544,32.9231,37.049,37.5663,37.4959,36.4611,36.649,31.8083,37.3763,31.1051,36.2443,35.3181,31.9777,36.7569,36.9904,32.1994,35.3651,34.8505,32.7497,36.3008,28.558,30.3477,29.9378,31.1292,31.5829,33.2932,30.3735,31.2556,30.3349,31.6331,30.6038,30.2118,29.0891,32.3563,31.6121,31.7031,32.5225,31.2969,30.2396,29.5127,30.2234,31.1051,31.9124,30.7701,31.9571,30.5055,30.9796,30.4355,30.3009,30.3811,30.3555,31.3048
48480,102.11333,12.61667,27.8504,27.3299,29.2098,30.1336,29.49,29.0964,29.0936,27.8109,27.6942,28.6354,35.244,34.8911,36.054,32.4123,31.7637,33.2938,32.0776,35.9098,35.8141,37.3494,38.2951,35.711,36.8584,38.6344,32.8254,33.2397,31.6687,38.276,38.693,39.5688,35.0326,36.0823,37.9562,35.3526,36.4967,34.7165,32.5031,35.2177,36.7091,36.7612,35.206,36.0986,39.1561,36.8878,32.2063,28.4689,34.8409,31.3934,36.8758,37.2301,34.1553,34.7776,33.8091,35.537,32.7808,31.5813,34.4885,32.3878,31.0156,30.0369,30.6385,31.5932,33.9481,30.9323,29.6645,31.3536,30.4676,30.9014,28.5811,29.8064,30.0012,29.3393,29.8935,28.1624,28.966,28.431,29.3505
48481,102.16667,12.51667,27.0031,27.147,27.4293,27.6964,27.417,27.3434,27.8571,27.2788,27.462,27.6116,38.4742,37.6326,39.1931,39.3891,39.0807,36.6737,39.1496,38.317,38.684,38.8815,40.2806,41.3566,42.5098,42.6287,40.8346,39.5578,41.2795,41.9174,40.676,43.7531,38.2331,38.9162,43.3341,42.4946,37.6992,38.1086,35.7422,38.7273,39.3862,39.9448,31.4056,32.48,35.897,34.2024,25.3094,25.0695,27.2822,28.8449,31.8433,30.6321,30.4282,30.6355,29.4575,27.3623,28.8856,27.1249,31.2831,30.6023,30.3367,24.6272,28.2674,28.7702,28.3892,28.2204,28.013,28.7187,28.2111,28.523,26.8114,28.9241,26.9867,28.7283,27.4328,27.1034,27.4041,27.0611,27.5779
48500,99.83333,11.83333,24.9622,25.7934,26.0781,26.06,25.6359,27.4874,27.1836,25.6297,26.1959,25.5459,31.3745,31.9425,30.6762,30.6301,25.2185,30.7119,25.6923,28.878,32.345,32.411,35.3929,37.855,38.6125,31.379,38.2727,32.8688,31.92,38.5702,37.3058,37.4046,33.7225,26.434,33.5152,35.1366,36.8722,37.6103,29.5829,32.0082,31.711,32.8021,31.8502,29.2818,27.4587,29.9971,29.8067,30.4049,26.5714,32.0077,29.0545,28.1916,28.9716,28.0958,27.6492,25.9928,28.9939,28.2113,28.8536,24.742,29.1275,27.0091,26.2898,26.0705,27.3423,29.9404,28.7535,24.606,24.5909,26.1596,26.0211,26.7188,26.9906,26.1875,25.617,24.7428,25.617,25.5475,25.4387
48501,102.88333,11.76667,27.3885,29.2049,28.9204,30.9905,25.697,26.5917,26.6784,21.3922,26.8949,26.7876,38.0285,38.0146,37.2048,44.2766,37.325,27.0102,29.9203,34.7017,34.8953,35.8054,38.7807,40.8712,40.052,40.7429,37.7948,33.2311,32.7945,37.8794,35.8971,42.3752,36.3583,36.3583,39.9134,36.0064,33.7407,33.6681,27.1322,36.1326,37.3752,39.5968,31.605,31.684,30.9936,31.0453,27.9446,32.2824,30.4014,29.9882,34.1029,32.8627,29.5522,31.9455,27.76,27.7924,24.7928,29.2628,30.8302,34.7285,31.3123,28.4869,27.6529,29.1943,26.1145,27.2199,26.9325,24.8951,27.0607,28.255,27.4709,26.1572,27.5736,25.7288,28.0683,23.8594,28.5926,26.8297,26.4796
48517,99.18333,10.48333,27.285,26.3659,25.5946,25.4661,27.7708,27.5016,27.4642,27.6322,25.296,25.29,30.3283,33.4002,27.8787,36.3758,35.1642,35.6327,26.9275,35.3708,29.576,29.0972,37.938,37.5381,31.1688,33.5618,29.9134,34.3249,37.248,27.1611,29.9487,31.4064,32.2926,34.1822,30.0035,27.7614,23.5306,35.5282,35.9741,21.3645,23.3197,35.2193,33.7761,30.7052,28.6957,31.1655,40.0089,33.6941,30.9869,32.3302,30.5407,30.3825,31.1906,29.7359,28.9784,30.2222,33.0899,33.0105,31.644,30.374,29.8682,27.9773,27.8439,28.3391,27.5933,28.4986,28.8939,28.969,28.1071,29.3336,28.2125,24.8158,26.5785,25.3773,27.3972,25.384,25.685,28.3575,25.897
48520,99.1,10.33333,26.7584,26.7311,24.6754,24.9151,26.456,26.456,26.0166,26.9881,24.5433,24.7486,31.4284,34.9208,32.5288,29.2077,26.5978,32.6297,32.6811,27.0941,28.4929,31.2797,32.3337,38.0451,26.6545,33.6234,30.7686,37.4928,36.4753,31.4293,30.5341,33.4387,29.519,37.4431,31.5563,36.6771,28.6501,24.6108,41.1713,24.2457,28.2045,31.3773,36.1669,28.2351,36.9488,28.8671,36.1367,34.2724,31.0233,31.8009,34.6717,30.7683,30.408,29.9836,29.2431,29.2451,30.0573,31.8677,30.7911,28.5035,26.784,27.8138,29.4223,27.5831,27.6078,26.2183,29.4098,30.1875,28.0816,29.7934,27.2864,27.769,26.499,25.88,27.1508,25.3838,26.3902,27.0081,26.6587
48532,98.61667,9.98333,27.6004,28.2068,29.5737,29.4216,28.2491,29.346,28.5288,26.948,28.0765,26.8463,33.862,35.5206,29.8353,28.8376,33.2868,35.1217,28.7274,35.0375,28.4046,37.2495,33.5741,32.0722,32.8133,32.6769,34.4838,30.5507,38.3576,33.5516,34.2846,33.7513,35.3726,36.436,35.8162,40.3124,32.8897,38.2701,33.0979,34.4847,25.9527,34.7425,36.752,39.1436,35.4952,32.6334,36.1127,36.9399,39.1388,30.5094,42.9848,37.4587,33.0759,32.6339,30.5241,33.7148,34.6109,32.6057,29.963,32.5544,29.2253,30.1817,29.9212,29.7352,31.0781,30.1288,29.6772,30.9123,29.3768,30.6437,28.9677,29.3823,28.5886,29.6562,28.6787,28.1291,29.4748,28.7355,29.4408
48550,100.05,9.46667,28.9589,29.0336,28.9785,26.6403,29.3574,29.7363,29.3842,28.6399,27.0728,28.9006,32.2814,36.0721,34.6319,30.1311,36.3627,38.3025,35.8588,31.9385,35.2236,34.0273,40.7093,38.9627,44.8176,29.2453,47.1215,50.0497,46.5945,39.3949,38.8702,43.9028,43.6752,33.872,37.83,34.0003,40.1797,43.9201,40.2499,40.6652,31.0541,35.8867,31.5937,33.7466,30.7926,33.752,33.7648,33.5378,36.7141,31.0537,34.1859,30.8681,35.2131,30.6301,32.3169,30.3408,32.2199,30.7665,29.5719,31.095,30.8324,30.6464,30.0604,31.6066,29.8285,30.7529,30.7253,29.622,28.0594,28.9238,28.7868,27.8677,27.8732,28.5141,28.9721,29.0367,28.6709,27.5193,28.9101
48551,99.15194,9.13556,26.0786,25.5885,25.8729,23.8946,24.1652,25.6384,22.9079,25.7532,24.9733,25.7411,37.4991,33.3998,35.3195,28.5333,34.0646,36.8641,33.3547,33.5235,25.9885,28.1051,33.7518,38.9164,39.0648,28.7347,31.5276,35.8815,34.0785,36.2656,29.9713,35.4531,52.484,33.3437,29.4256,25.5401,36.0358,34.2557,33.6745,32.1704,39.1632,69.6094,30.5192,34.5575,26.9328,22.0237,32.2633,33.9991,31.0601,29.4717,26.2755,35.1778,29.3375,27.5117,34.5666,27.1203,29.4348,28.2933,28.8618,28.6857,28.3652,27.7403,27.4873,25.0499,25.8347,28.0134,27.3266,28.2493,27.2825,27.4626,25.2475,26.418,26.6467,26.3339,26.0146,25.0301,27.1293,25.7346,25.8635
48552,99.96667,8.46667,25.1884,25.7585,23.5511,23.7006,24.2885,25.0013,24.7136,24.0538,22.6292,23.7309,32.2358,32.5509,32.0112,28.596,31.8497,32.973,32.6867,30.223,29.4812,28.8313,34.5876,31.4136,31.6498,36.176,35.2776,37.6908,38.8268,35.1022,31.6175,34.3545,34.6787,28.0678,25.8207,26.8024,31.3036,30.7038,27.9033,29.9837,30.4545,43.7785,34.8124,26.6024,30.4338,25.6411,30.4399,28.7984,29.0792,27.729,28.6312,24.1054,26.7746,27.8033,25.8068,24.566,27.9196,27.4521,27.9234,26.3003,26.1388,26.1655,25.9068,23.7579,25.5818,26.7599,27.7628,26.496,26.8832,25.6725,25.3777,24.7077,23.8411,23.4297,25.3717,26.3719,24.0557,25.4114,25.2686
48554,100.08333,8.33333,26.9769,27.5185,27.428,26.9495,27.397,27.6895,26.8604,27.6355,26.1402,28.065,35.5415,36.6495,33.2046,29.8605,35.0604,37.0719,36.6558,31.8511,31.3166,33.7437,39.146,41.1009,32.5912,31.2759,35.2949,37.7366,39.0953,36.7151,34.4164,38.5689,34.656,40.7824,27.139,36.4449,39.1355,31.3346,37.2959,36.1974,29.5707,31.9398,32.1623,28.7671,31.2112,28.8012,34.1893,28.138,30.3711,27.4873,30.0878,28.8345,29.7556,29.4835,30.6067,28.634,27.4726,29.5679,29.4979,28.7549,29.0514,29.0579,28.1275,27.9015,28.4781,28.9077,27.6082,23.0345,28.1722,28.5564,28.126,27.5602,27.4215,27.147,28.1406,27.3047,27.2102,27.6114,28.0653
48555,99.63333,9.13333,23.1682,25.7158,25.6944,23.7488,25.8558,26.8987,26.0202,25.691,23.8843,25.5923,34.2669,34.2639,33.9508,30.0524,36.7414,35.955,38.5881,30.6079,33.3081,29.5822,39.7,29.2016,40.4632,32.9313,26.6936,37.9478,40.4988,41.8669,38.7946,34.6728,33.7343,37.4276,29.204,31.1433,36.4958,33.2168,30.7512,36.4893,25.7184,26.1593,31.5514,31.5789,29.3341,29.7163,34.1352,34.338,33.136,30.2574,27.8311,30.8987,26.7547,29.4907,29.7577,29.0428,30.1968,29.4624,28.4482,28.0322,28.1301,26.0579,27.7672,27.4032,27.2371,28.6953,28.7048,27.839,27.0889,26.5203,25.8591,26.5687,25.0764,26.2208,26.3879,27.4459,26.9347,25.6819,26.2149
48556,99.255,8.56583,23.9852,23.4998,25.7496,26.4995,23.9852,24.1791,24.9817,25.1188,25.1773,26.2687,33.7439,36.3028,36.1862,28.0978,33.3464,37.9134,36.2666,43.8776,32.2735,38.158,31.493,33.0953,35.5599,32.3178,33.353,38.6217,39.3409,35.5861,33.9348,40.7727,37.587,37.2937,30.7797,26.0593,36.1696,37.0114,30.8571,26.9518,29.631,22.0236,24.924,27.1269,26.385,27.2581,35.5226,31.7852,33.444,29.292,30.4954,29.6035,26.7607,27.2907,28.495,25.9584,27.6507,27.0868,27.2156,26.9435,24.3843,24.2373,25.4806,26.3245,25.1245,25.6046,25.2972,25.25,26.3969,25.408,24.3277,25.8463,26.6868,24.7348,26.3608,24.8304,25.9978,23.5482,24.2702
48557,99.51194,8.43193,22.1105,22.7251,24.5408,25.9241,24.4405,23.2915,23.3731,25.1569,23.9253,25.861,28.3039,37.1808,35.5301,26.0,37.1252,38.0211,37.8332,33.7614,28.8111,33.8316,44.6337,35.3974,28.2593,36.9577,39.4792,43.6051,42.9522,43.7622,35.7118,37.7254,36.3698,30.6359,35.5624,27.5368,29.8984,42.1872,28.7559,30.9951,28.2794,26.0501,28.4763,30.8338,29.4087,24.1717,34.034,32.1061,32.5507,26.3039,27.7825,29.5658,25.7102,27.6132,27.5032,26.6068,27.2468,25.6256,27.9236,27.5457,26.8283,24.3421,26.7054,25.8216,25.107,25.7074,25.4305,25.8356,26.2487,23.8947,22.8951,25.7463,25.3114,25.2056,25.1771,24.9497,24.1371,25.2964,23.7798
48560,100.16667,7.58333,26.2554,26.7555,26.8726,25.0239,27.4021,26.4608,26.4927,25.4222,26.277,26.5658,33.2391,32.2184,31.8649,32.1324,36.4556,35.9003,34.178,28.1885,29.15,33.6248,33.2612,33.6977,36.0067,34.8938,35.0458,35.7586,37.9339,29.681,34.9496,34.1398,28.648,38.9335,31.7164,32.6439,33.6996,35.6713,30.2559,39.2065,32.7147,34.5408,30.7045,32.9234,29.4796,31.091,31.922,33.4914,37.0222,32.7845,27.7305,33.0415,31.2544,30.917,29.7321,30.6331,29.3189,31.0315,30.0033,29.279,29.6837,28.9771,27.8642,28.5472,29.1398,28.5174,27.2283,28.9876,28.0389,27.7187,27.7556,28.1501,27.9441,27.3859,27.37,27.1913,27.6446,26.7072,25.965
48561,98.26667,8.85,27.9195,27.6825,23.4062,29.6222,26.6761,27.2739,28.9422,30.3758,27.9289,25.4988,38.9438,46.7336,45.1252,47.1655,34.839,45.8188,42.0037,38.6328,40.2855,40.904,41.9783,41.235,33.8491,23.597,36.1461,42.0841,43.9033,42.88,47.807,42.7384,39.7982,35.1814,42.7813,33.0078,35.329,41.5172,38.2244,42.9496,35.9409,41.9487,32.8702,36.2593,26.8493,34.8355,35.2773,32.1909,33.2697,34.9976,25.9705,26.3054,28.1776,30.2476,29.9389,31.2668,31.7901,30.8832,31.4173,30.9017,30.0341,29.3323,30.009,25.9703,32.1882,29.5596,29.9888,28.5718,28.6865,29.9641,28.4374,28.557,26.1887,28.8803,28.0064,29.4471,29.2501,24.4956,28.726
48563,98.97528,8.10361,26.0703,25.6837,26.2534,25.6896,25.7995,26.6489,26.5024,26.0321,23.9079,26.4005,38.5722,43.006,42.5705,40.0818,42.0946,41.0094,39.9188,31.5908,35.7996,39.3347,39.404,44.4332,26.206,37.2975,52.1231,42.0602,38.6688,44.2153,34.7527,43.7401,40.6375,43.388,30.9548,42.8851,42.5596,36.5258,37.5785,37.4949,37.6944,40.7241,29.0545,30.6453,26.9349,24.0971,31.5794,27.5142,30.514,26.1704,29.4247,22.2893,25.7927,29.4639,28.4253,25.6035,28.5008,28.8995,28.354,27.8498,29.0354,27.3228,27.1244,26.3946,27.0788,27.5412,27.3395,27.3347,24.7407,26.4733,24.8913,25.4664,26.4209,26.4609,26.2034,25.2641,25.9823,26.2407,26.8935
48564,98.4,7.88333,30.3025,30.6388,28.9154,31.0115,30.5036,30.4187,29.7247,30.0596,25.6449,29.6279,40.4922,44.0966,40.873,40.5918,41.6613,43.3916,43.3844,47.9004,41.2984,37.9257,47.2526,57.7984,47.3726,60.8521,45.4761,54.1373,45.4034,49.6156,41.0375,55.4409,42.4324,46.4382,70.9563,38.5074,46.4704,49.3564,46.0547,43.0828,42.6217,43.1355,35.4833,35.8144,27.6613,39.1739,37.872,36.2226,35.3964,34.2048,37.4522,39.8694,34.3763,33.1838,36.5837,32.9821,34.7857,34.0669,30.7205,28.3821,33.6389,33.2279,31.4407,30.5422,31.5886,32.6143,29.9513,32.4938,31.5688,32.4337,29.8176,30.8189,25.2887,28.6742,31.2528,29.8777,31.1992,28.566,30.6764
48565,98.31667,8.11667,30.3418,30.1065,32.5239,27.8015,32.0007,30.7545,30.5574,28.598,24.3186,29.4129,39.0426,42.4218,27.9122,38.5475,47.593,43.0654,40.7301,44.9243,27.8475,42.2161,42.1819,45.6914,33.1287,48.0998,39.8213,43.8515,42.2051,38.1405,46.5875,42.9241,42.9134,41.1485,34.1995,47.1848,42.1474,43.4363,40.8483,36.1413,37.7763,51.3807,35.4255,28.3343,26.4774,35.3136,36.4256,36.6389,35.4275,31.8924,36.3552,35.4837,33.5107,33.646,36.7449,31.1763,32.3814,32.9784,33.9644,31.6322,34.4669,33.4218,33.5086,32.7213,34.2497,32.1015,31.7531,31.3217,32.7034,32.2609,31.3244,29.5569,28.8584,30.6754,31.2167,30.1894,31.1777,29.2285,31.6981
48566,99.05,7.53333,29.9054,30.0373,31.645,23.8749,30.0431,30.5998,28.3021,29.9198,20.293,30.5801,40.2993,36.0888,42.2981,28.504,42.0447,41.1674,39.4118,31.8331,36.5859,36.1805,43.1293,46.5944,39.4392,37.2441,45.5881,45.9007,42.6497,47.7513,29.9987,35.2006,38.3111,38.1442,35.127,42.6294,40.3857,37.1533,38.6117,47.1962,42.7264,35.1935,35.5335,32.4614,35.9966,30.3298,33.2181,32.0531,32.701,26.874,32.6683,30.44,31.0436,30.5296,27.1181,33.5639,32.3902,31.6432,30.4566,32.6247,29.6119,29.9793,30.0565,29.9925,31.877,30.5201,21.0994,31.0129,29.056,27.8429,29.4101,29.2063,36.5246,29.8547,30.0744,26.9221,29.1714,29.4627,25.2788
48567,99.61667,7.51667,25.9022,25.2728,27.1193,27.9127,28.1913,25.6658,26.8538,26.5999,28.0181,28.0988,38.2205,30.2737,36.3109,31.1467,31.7356,35.8964,34.4193,31.7621,26.4903,34.8674,37.9248,38.369,29.916,29.5257,34.7817,37.3624,33.9609,31.1694,25.5694,35.6733,34.192,33.8299,30.7741,33.0909,36.1643,34.907,34.5132,33.6942,28.4257,33.5105,35.3414,36.7073,29.7564,33.7718,34.9231,35.9149,35.0399,36.0515,31.975,33.0831,31.933,33.5111,31.3698,31.8237,30.365,31.1693,32.9882,31.6011,31.9294,29.7237,30.0884,30.4739,31.1166,27.2934,29.6339,30.2563,30.5103,31.7589,27.5572,28.5037,29.0752,28.9451,27.3678,27.6313,25.2959,28.9113,28.7737
48568,100.60472,7.20389,27.9635,28.555,31.0156,29.9984,30.3795,29.7406,31.5204,28.8773,29.2101,30.0291,37.2189,37.7886,36.9263,34.1353,37.2701,37.1933,37.3897,39.9149,29.3037,37.1399,39.6742,36.007,34.7032,39.7589,38.6323,35.7526,37.1391,35.5353,37.268,38.1284,38.8104,36.1049,36.4762,35.6845,41.4755,39.8119,33.4714,27.4146,27.5477,35.7528,34.6711,32.6062,33.8942,34.3807,35.3543,33.3579,35.5917,29.3388,33.405,30.2989,29.8572,31.9553,29.6351,30.8062,29.9705,31.1237,25.2681,28.6124,28.4721,28.69,29.6031,30.0319,30.231,29.1283,30.3027,29.6754,29.7166,31.7384,28.5822,30.0515,29.4036,28.7473,28.1216,30.4983,29.7728,28.4994,30.2352
48569,100.43333,6.91667,24.6099,23.9287,25.514,25.1583,24.7846,25.794,25.0108,25.406,24.4191,26.5579,37.2552,32.7324,34.4948,33.7242,33.3713,37.1571,38.2931,33.2491,35.9339,30.8337,38.5996,39.1876,36.4011,36.3445,35.3028,24.7431,42.8226,33.7425,26.1811,40.0901,35.176,38.0062,34.2648,49.8534,29.7638,39.0719,30.6049,31.5734,29.4163,26.1888,33.2424,33.4618,30.6527,31.9755,33.0282,29.8307,33.4375,31.7188,23.6967,29.5589,27.9587,27.8529,29.5925,26.1958,28.2314,29.8421,29.6702,29.1319,29.6093,26.2319,27.2085,27.291,25.9228,26.3006,27.7142,27.835,26.9472,27.3922,25.6562,25.8568,25.2636,25.0561,25.7901,26.0564,23.5874,26.3209,26.5479
48570,100.08333,6.65,27.3143,30.0261,29.7974,29.9457,29.6413,28.8463,28.5969,29.6271,28.3305,29.5311,32.0659,37.0287,38.3206,38.5206,36.4557,38.1215,34.6973,36.5048,29.5532,29.5904,36.8813,37.3626,39.7806,36.5766,36.9755,36.2914,32.9522,37.1421,37.0456,37.0605,36.0534,36.7237,37.8894,32.1837,31.75,36.8798,31.9358,28.5311,38.8119,36.8657,37.5581,39.0065,37.6346,36.6535,37.7578,38.6974,35.0797,36.3298,35.2382,37.1633,32.2243,33.1519,33.4038,32.7722,31.9274,33.1162,33.5022,32.7601,32.9873,29.5758,30.4019,29.0146,31.2018,29.6741,31.5971,30.5364,29.843,30.5816,28.6994,27.7549,28.836,29.6386,28.5079,30.444,28.0209,29.6112,30.3508
48571,100.5,7.01667,26.2303,26.9146,27.6874,27.9386,26.595,28.1569,28.0781,26.8777,27.9508,28.0987,38.4187,34.623,38.3267,35.8594,37.2478,38.197,39.2895,35.045,34.8017,33.8037,38.9978,41.6324,37.7328,32.6332,34.6709,31.4393,40.2487,41.481,32.5775,40.35,38.4328,34.7799,33.4689,38.2878,39.3469,38.5833,33.0285,28.4387,28.3317,33.6427,32.9249,30.4435,32.4456,32.5616,29.8573,31.2118,32.9772,31.3192,27.9597,30.0627,30.1454,30.3563,30.8896,29.7236,31.2478,32.8171,31.9265,29.3003,31.0436,29.568,29.451,29.9925,28.4408,29.4511,30.7334,29.833,28.7097,30.0053,27.7945,27.7707,27.2613,27.4118,28.8274,29.0457,27.36,27.0664,29.334
48574,100.39055,6.7936,24.1825,23.5053,25.0394,24.7171,24.2858,25.4139,24.5624,24.9371,24.0318,26.0841,38.0925,33.6778,35.3085,34.6372,34.4875,37.9272,39.3389,34.2383,36.8656,31.4999,40.3638,40.8065,38.0255,38.3648,37.1024,26.6517,44.4822,35.5394,28.7517,41.8238,36.8373,40.1251,35.7835,54.1312,30.638,41.4521,31.6468,32.7098,30.2936,26.5978,34.4223,34.6696,31.4664,33.0326,34.1846,30.519,34.666,32.7162,23.8806,30.2405,28.1718,28.0829,29.6869,26.5776,28.406,29.915,29.7492,29.2742,29.6936,26.4925,27.5443,27.5985,26.3992,26.6993,27.9864,28.0749,27.1981,27.7086,25.9468,26.1087,25.6138,25.4564,26.0722,26.3545,24.0187,26.568,26.7546
48580,101.15,6.78333,25.3313,24.9663,25.0023,25.3952,25.3817,24.9375,25.7472,26.0009,25.5981,24.5534,37.2335,37.0398,41.9065,36.7138,39.8836,41.0508,35.1328,36.3304,28.0123,36.1676,41.1101,40.5947,42.1976,36.6616,43.1456,40.6384,41.0638,28.434,26.6432,39.3695,45.7771,41.2178,38.7092,39.5453,29.372,43.3581,34.667,40.0972,33.0078,36.4077,36.9277,32.4124,34.3634,33.7794,32.9871,32.8647,32.3248,28.4805,29.6643,32.6032,31.5068,32.15,29.9,28.5779,29.4212,28.9129,26.9123,29.4102,30.5052,,,,,,,,,,,,,,,,,,
48581,101.28333,6.51667,24.4699,25.446,25.2498,25.446,24.9602,23.9027,25.5098,24.5317,25.3291,24.1366,35.909,36.1773,39.3083,36.9744,36.401,37.5212,32.8677,35.2035,33.0185,35.9354,41.5134,41.7124,38.2519,39.9805,40.438,40.2851,41.1562,33.8802,26.7846,38.1391,38.7428,34.2645,34.9204,37.6795,31.6474,42.1858,39.4885,40.6742,39.7176,33.4585,35.5076,33.2627,33.2683,32.4822,30.3935,30.3897,31.127,27.5361,29.8227,31.8255,27.6958,29.7998,29.6379,24.0836,28.9378,28.6664,29.122,29.431,28.2639,,,,,,,,,,,,,,,,,,
48583,101.81667,6.41667,26.0179,26.3631,27.12,26.5253,25.4747,24.7667,25.7154,26.4239,26.3008,26.328,34.8798,34.2494,36.4155,36.2542,34.3143,33.7918,34.7924,32.9843,31.7237,30.4004,37.8078,38.2877,38.4752,38.6376,38.5336,38.9413,38.156,37.1676,36.0958,37.7002,43.1292,38.6626,40.8076,34.3858,29.2769,28.6621,33.1211,35.8685,27.4989,35.497,35.8941,27.3034,37.5654,29.1627,29.8353,29.5717,30.5747,30.3459,28.1332,31.8896,30.981,30.7221,32.5913,28.1532,29.1511,33.4645,29.9144,28.8536,31.0539,,,,,,,,,,,,,,,,,,
