48300,97.83333,19.30000,27.7731,27.4496,26.7365,25.6855,26.7353,24.3442,26.6107,28.5158,25.9363,30.8478,26.8351,30.541,26.3324,24.5051,30.0088,30.6666,31.9544,26.5854,32.1215,28.8992,32.9013,40.2438,30.9417,37.4636,39.2787,39.0206,38.1667,40.2027,38.3351,39.2146,40.3631,37.6603,40.454,40.298,35.2515,40.2024,37.7126,42.1977,48.309,39.7864,39.4955,36.3123,32.5623,39.0411,39.7844,37.767,37.3825,39.3932,37.9761,30.8801,31.9937,35.2658,29.8462,31.9167,33.8021,35.0751,33.6984,34.7742,34.664,31.1396,27.7094,25.8451,28.5343,29.911,34.1194,32.2434,29.8297,29.3618,29.9818,29.1932,27.6563,25.1572,28.0097,29.5805,26.9574,26.6584,25.7415
48302,99.05000,19.93333,15.5008,16.4755,17.9337,15.8201,16.8902,16.7886,17.0066,14.924,18.0414,16.0581,17.6105,21.5549,18.1008,19.5419,16.9681,19.0565,16.9948,15.072,21.1419,17.766,23.3185,24.145,21.4256,24.1251,23.3401,23.4103,24.2294,23.0235,24.2845,22.2145,24.4241,23.9843,19.7503,19.5247,24.2312,24.9246,17.083,23.327,25.0581,23.0389,22.257,18.2628,19.9732,18.8969,22.9383,18.7229,17.1549,22.6465,20.7143,22.634,19.8011,20.9697,18.5102,19.5901,19.9436,16.1705,18.7275,20.0658,18.8066,18.2494,17.3527,18.8393,19.0743,18.8787,16.7312,18.0954,19.0242,17.6451,17.6446,17.9227,17.5719,18.6434,17.7349,15.8253,16.424,16.6712,14.2932
48303,99.88139,19.96139,22.5649,21.11,22.349,22.5047,20.5266,23.8281,22.7683,22.4296,20.9365,19.9369,27.0244,29.3927,25.5937,26.7825,29.3654,26.7407,27.415,26.9024,29.9214,28.7605,35.0537,36.2277,34.0373,30.2597,33.387,37.4056,34.5618,33.2828,34.4258,31.8467,32.9301,31.3919,31.3052,31.4669,31.8782,35.0593,29.9027,33.9261,36.9224,28.552,33.4864,27.5358,30.2702,30.1211,32.2192,29.9921,27.7898,29.7534,34.3304,30.7694,25.7487,24.0506,24.7811,24.6141,22.4117,24.5065,23.5304,25.6753,25.4876,22.7875,22.4856,23.068,22.7569,22.2235,23.7855,22.3686,22.253,21.6516,21.7583,22.1879,23.125,23.0458,22.4794,21.4718,22.5996,21.5587,21.7827
48304,99.78333,19.86667,22.6697,24.147,21.1462,22.3658,21.1474,24.1357,21.1828,21.1826,20.9485,21.6943,30.3574,29.3984,26.6402,25.1965,30.2777,28.6674,27.3165,27.3922,30.8877,29.3034,36.7193,36.0291,33.7889,32.7193,36.446,36.909,36.8235,37.098,35.6612,32.5451,36.8568,38.2962,34.0264,35.5559,34.6388,39.8595,30.6339,35.3006,33.5867,35.0304,31.666,27.206,30.5506,31.1757,31.9987,31.9711,28.7653,31.263,31.3223,28.8661,26.1724,24.8483,27.2272,26.0843,27.3014,26.7442,23.4963,25.3056,25.3133,23.6393,20.4357,21.4746,23.839,24.6564,25.5403,23.1255,23.5825,24.3345,24.6819,21.4704,21.1372,22.5781,24.4048,22.4612,21.9925,21.6968,22.9895
48307,100.80250,19.40810,20.8591,23.4773,20.6887,22.3714,21.4126,23.2802,22.7097,20.2747,22.8393,21.8584,26.9379,24.1373,27.6275,29.1297,25.2871,29.6682,28.8528,30.4569,27.8553,26.7266,32.6886,32.4901,33.7105,27.0631,35.2114,29.9,35.4229,39.3978,33.6282,29.7212,30.6507,35.4671,34.8147,38.863,36.0555,38.8044,34.7323,31.7284,38.6199,32.8961,28.3876,29.5147,32.3197,31.2311,29.5729,34.1303,29.7506,31.1088,28.8935,29.3446,26.8329,25.465,26.7256,25.7362,26.3627,27.3513,25.4617,27.1443,27.3019,22.9499,22.3175,24.6094,25.1159,26.4681,26.4936,24.9113,24.6424,24.7362,21.6167,21.6977,23.3798,24.0447,24.0023,23.951,23.0584,25.3178,22.6159
48310,99.90000,19.13333,26.2716,24.328,24.8986,27.0102,26.5693,28.1527,26.1934,24.2143,26.0926,25.1292,35.8714,31.6182,29.3625,33.0882,32.4653,35.4254,35.2576,33.1237,32.7742,33.5494,38.7969,38.7997,35.9432,37.6811,39.6837,38.096,37.9145,35.614,39.8431,37.0326,29.4775,37.3202,34.3592,34.0036,31.2847,33.0827,37.763,41.4049,35.0351,41.8536,31.4353,28.6445,30.9492,31.8696,32.5571,31.0714,31.0764,32.4162,31.8315,29.5046,28.9205,27.8215,28.0923,27.3178,28.1676,28.4212,27.3496,28.5373,27.8939,23.7149,25.7937,26.4789,27.7872,27.3903,28.0604,26.7594,26.7232,26.5694,23.7976,24.3596,25.7537,26.4308,27.2657,25.8403,25.0583,25.3251,25.3806
48315,100.80250,19.11056,22.7592,20.9797,21.838,22.6823,23.9454,23.5495,24.8601,23.5663,25.1077,23.3444,25.0796,24.2747,23.5722,30.8657,26.9791,29.6509,28.1237,33.3866,31.0387,30.0613,38.3503,35.8552,37.4344,41.395,39.7078,41.7458,40.567,40.2655,32.8643,40.4485,35.4301,37.0232,34.3721,35.8789,41.0162,42.6353,37.1245,38.0265,39.3553,30.3304,34.5814,34.0157,33.8322,34.6009,35.9539,34.9183,34.2318,33.5793,33.9444,33.8595,29.478,28.3465,29.5809,27.3713,28.081,30.8149,27.5196,27.2396,28.7814,24.2512,25.5462,24.7653,23.1209,27.8906,26.4544,25.0738,23.5334,26.3145,25.2397,23.9429,22.9382,21.5415,26.7787,25.8001,25.0765,23.7108,25.2638
48324,99.24472,17.63632,27.6124,28.6322,26.9211,27.947,26.6057,29.4098,29.3893,27.3101,27.4975,27.1253,32.7231,36.2114,34.6134,32.813,35.8596,36.0545,35.1328,33.0069,36.0295,36.743,40.3164,38.1647,39.2192,42.2347,43.0299,41.4873,43.2646,44.4753,40.5851,41.0658,39.3884,40.6336,44.3743,40.8622,44.4267,43.585,35.0501,45.8054,43.7825,44.2347,34.4867,36.6217,34.6725,37.7409,39.3838,38.3025,38.023,37.6182,38.4075,34.105,31.5397,30.1691,31.9561,31.6265,34.3228,35.1413,34.6946,34.5176,34.2818,29.2401,28.9868,29.6035,30.0365,30.4347,31.0646,32.105,31.1361,29.6885,26.2974,27.1868,27.5811,27.431,28.1754,29.9314,27.9522,27.9535,28.7706
48325,97.93333,18.16667,23.9739,25.3587,23.6112,23.691,24.3256,28.2304,28.8079,29.6318,26.7382,27.4581,18.7864,23.13,20.9865,20.1684,22.6913,24.6974,33.0302,25.0346,28.3336,23.485,27.4959,35.6194,36.8769,35.8572,37.7884,39.9645,37.5573,41.0081,36.7254,34.3968,31.7689,40.2364,36.0536,40.9878,40.158,48.9187,40.2424,48.0821,41.7338,37.875,34.8283,35.4568,38.5901,33.3591,35.6343,36.8596,36.7148,33.9182,37.4271,34.358,26.286,27.8545,26.1908,28.5835,30.3406,32.7493,30.7864,28.6282,32.0986,26.8239,25.1851,25.3699,26.8937,27.5305,30.0767,26.2144,29.1477,27.8185,25.8686,25.8485,24.015,25.3798,27.6843,29.7038,28.0564,29.087,27.4169
48327,98.97694,18.79000,22.5545,25.5745,20.6697,21.952,24.5383,23.3491,23.5495,22.2058,23.8518,21.5493,32.0378,30.1277,26.6905,29.1968,29.8115,31.2526,28.772,27.6125,29.1449,27.7761,35.8877,33.0242,34.0522,35.8235,34.6343,36.6454,37.3972,38.4458,36.1533,34.1691,37.3079,37.7258,37.0703,36.4365,32.2572,39.3212,37.3774,33.0953,39.5038,45.0958,34.0511,31.4046,31.7894,34.6743,33.218,34.1438,30.1006,31.7431,31.0197,27.497,26.7146,27.9251,24.4596,26.2806,28.3622,26.9485,25.46,28.0082,27.1976,25.7476,25.8076,26.4189,25.0112,26.0118,25.3358,23.962,27.645,24.608,24.5773,27.0883,21.8546,24.9547,25.0349,23.8283,25.3427,23.7662,24.6962
48328,99.51667,18.28333,24.2499,24.772,23.7025,25.0132,25.56,27.4739,27.4913,26.7763,28.1777,25.9226,32.8659,33.3264,33.2731,34.8434,37.2058,41.0311,32.6035,36.9246,35.5451,34.5671,39.6084,41.5489,40.1359,38.2657,41.359,41.6851,39.9116,40.6626,40.5396,41.1408,34.0836,33.2447,41.0755,41.0803,32.3203,40.4727,41.3403,41.6611,33.2114,38.6912,32.4038,32.7769,32.6267,35.8079,32.2396,36.7339,33.309,32.149,34.4719,34.4254,30.0722,29.8001,30.8804,32.5648,31.6422,32.1871,31.7009,33.5258,31.4118,26.6528,27.1086,28.4895,29.8759,28.9582,29.938,28.3706,30.6551,28.4469,25.0662,25.1717,25.8897,27.8238,27.3491,28.0438,28.1691,27.4039,26.7431
48329,99.03333,18.56667,25.6503,27.9537,28.2362,25.7568,25.4107,25.9634,25.9808,24.6672,24.3667,24.0078,34.4365,33.1617,33.4943,32.2414,35.4863,33.4591,35.9372,30.609,35.4639,33.8356,38.2987,38.2238,36.7057,37.7288,38.7163,38.6523,39.3797,39.8619,38.5024,37.3304,36.894,39.6649,33.6289,38.3001,48.4196,38.0755,39.6584,35.522,36.5644,38.4564,34.6801,34.1323,34.4744,34.5319,33.7545,35.8052,29.7862,33.3808,33.8494,30.3676,31.0044,31.2973,31.5229,31.0899,32.297,32.9927,29.2815,31.0341,30.5997,29.355,30.2034,27.1349,28.1415,29.2115,29.5182,26.0103,27.731,27.7769,28.536,27.9654,24.9222,27.0813,26.2637,26.6897,24.0046,24.6711,24.1415
48330,100.16667,18.16667,27.3023,24.0251,23.3521,27.1569,28.6646,26.8469,27.8703,29.4794,27.645,27.9723,30.0751,31.189,32.2396,32.4942,32.7968,35.3973,34.9951,36.8122,34.2792,34.6891,36.6166,37.3102,38.2882,40.874,39.7376,39.9142,42.0288,38.6013,34.5681,36.9203,39.2127,38.4246,38.1739,37.7431,38.3122,36.9119,41.1103,35.1458,40.9758,36.2656,34.5073,33.8415,34.2774,35.0518,34.9262,35.5532,34.7532,32.256,35.2854,34.0316,25.635,29.2561,30.9396,31.5033,30.9718,31.978,30.3453,29.7983,30.3334,25.1612,27.3732,27.5374,28.8453,28.7437,29.0927,29.5048,28.1111,27.7625,24.5074,25.0307,25.7363,27.1233,28.1224,29.4022,29.5254,29.9088,27.8972
48331,100.76667,18.76667,23.2441,23.3902,23.6882,24.8369,25.8123,25.6419,26.218,26.308,24.3366,25.4796,31.1328,27.3468,31.7961,27.5471,33.398,35.5845,35.6503,33.0772,31.7792,31.2985,35.5054,35.7463,37.8362,38.3705,37.6668,27.8354,37.7556,38.8926,36.343,38.9505,40.0212,35.5334,39.0594,47.3489,37.1655,50.2644,37.2532,37.6891,43.0295,35.1032,33.2536,33.9656,31.9629,35.5828,37.028,35.6356,33.0392,36.2247,35.5607,31.5261,30.7685,29.5685,29.6019,29.1038,30.6301,30.4845,29.037,31.6103,30.9514,25.2168,27.0231,25.4858,25.9616,27.1785,28.2136,26.0486,25.9115,25.6988,25.318,24.3186,24.287,25.704,26.1665,26.9991,26.9291,24.6785,24.7986
48333,100.75000,18.86667,20.1817,20.1751,20.9231,20.8103,22.4746,23.6058,22.8462,22.8683,21.5003,23.1524,26.1206,26.1158,26.6361,30.8981,27.4932,28.2125,30.1395,30.631,31.1928,29.796,34.7758,33.1971,34.0165,36.8565,31.3067,36.6519,35.1852,37.9579,33.598,36.2934,35.1094,33.7002,39.4898,38.7774,36.809,37.2352,34.8605,32.2705,36.9317,30.3506,30.7787,30.2235,30.8909,28.7319,31.9762,31.2891,31.2486,31.4214,31.7784,28.2505,26.2579,24.9288,26.8011,25.7824,28.604,25.4918,24.9235,28.3006,25.7887,22.846,22.9005,22.3628,21.8739,26.6998,24.8942,23.413,23.2556,22.5331,24.2203,22.1323,22.1743,23.6022,24.9385,24.05,20.9709,22.2223,21.7739
48334,99.28333,18.31667,23.3672,22.8784,23.8057,23.0919,22.1756,24.7594,24.7931,23.0907,24.6322,22.8392,29.5638,31.9514,28.382,30.3729,32.0653,32.4581,30.9528,28.3219,36.9802,32.4996,36.0703,36.8069,36.7337,33.2403,38.4045,35.5195,33.519,39.0901,34.0672,37.0944,33.777,32.299,33.7913,36.1827,30.3045,36.9198,29.5415,37.8073,34.9869,33.7391,32.2458,31.5432,32.1387,33.2619,33.1432,33.6757,27.8795,35.3706,32.3857,28.5802,27.1583,27.1253,27.6139,30.1523,28.3342,29.7925,28.3556,27.9498,28.2,25.3148,26.1854,26.288,25.6219,26.8109,27.1475,27.1286,27.4338,26.2713,24.2761,25.0837,24.4744,24.6186,25.3092,26.7649,25.857,24.6182,24.7816
48350,101.73333,17.40000,24.0824,22.7678,21.2167,21.9212,20.3794,23.3953,22.5323,22.3086,22.6335,20.3902,32.8758,31.5223,33.6484,32.8697,30.3044,36.3881,32.4488,34.1154,35.0351,31.7959,38.0869,39.3877,39.0856,40.4619,40.6566,41.9585,40.8024,41.4665,40.0621,40.7732,48.0262,30.4129,29.8807,43.176,46.1737,37.3303,30.9504,36.4691,34.6285,36.0693,29.7246,29.2734,24.6667,30.575,31.2012,29.4463,29.9406,30.235,27.3155,29.6871,26.5383,24.4957,22.0864,26.2543,27.1563,25.7477,26.4108,24.7984,22.5656,25.1882,22.9046,21.6431,23.4781,26.1313,24.242,22.7971,23.1069,21.0687,25.6517,22.1195,23.1869,21.0122,22.7641,22.9952,22.333,23.3197,21.7982
48351,100.10000,17.61667,27.6557,27.1511,25.4062,27.9351,29.5635,28.5608,28.2831,29.0392,28.4375,27.9585,29.5521,28.1846,35.4707,38.3545,36.247,39.8662,38.4541,31.8143,35.4956,39.7956,35.9533,37.3546,37.3071,36.5221,42.4845,42.1921,43.1525,39.765,40.4672,39.3207,38.5498,38.5703,38.8003,39.5231,41.6321,40.4284,40.1005,39.6089,40.0074,40.0909,34.9192,34.5802,35.8353,36.4271,35.0469,36.0766,35.2666,35.1226,35.099,35.4363,30.8464,30.2461,33.131,33.8524,33.7709,34.0902,33.8832,33.6747,34.9635,27.7237,27.7695,30.6023,31.0799,31.5613,31.8899,31.1658,31.6108,32.9624,25.6314,26.8426,29.7217,28.6354,29.3159,30.3032,29.7318,29.6024,30.7456
48352,102.71667,17.86667,28.6051,28.2346,29.0847,29.6158,29.9525,31.0659,30.8403,29.7951,28.1455,30.5043,33.6788,35.1586,32.5468,36.324,37.355,41.3943,40.7427,33.5295,33.9755,33.8902,37.2357,37.5856,38.9909,40.3664,42.0256,37.3221,40.9471,46.3339,38.6551,39.601,35.6855,36.0514,37.3695,39.5739,37.5013,37.0528,38.8141,30.5161,39.117,30.7072,31.4905,31.2789,34.3009,36.1007,35.9,36.0343,35.7007,34.4854,33.1942,32.3034,31.3561,30.1106,31.3845,32.8084,33.2818,32.9069,32.6612,29.496,31.0465,29.3202,28.6472,29.9228,29.6288,31.341,30.9837,30.3552,27.8989,28.8458,28.5024,28.4101,28.7504,28.7412,30.7035,28.5024,29.2352,27.4786,28.3713
48353,101.73333,17.45000,24.8023,23.5207,22.1291,22.8866,21.2612,24.3084,23.423,23.3143,23.4977,21.3076,33.5808,32.282,34.5556,33.7923,31.3587,37.154,33.3684,34.9667,35.7494,32.7308,38.7779,40.1019,39.7925,41.2256,41.4098,42.7405,41.5458,42.2395,40.8006,41.5372,48.8146,30.9298,30.5122,43.8974,46.883,37.9893,31.4725,37.0586,35.2226,36.6762,32.4121,32.659,28.3065,33.5542,34.3233,32.5086,33.2081,33.1088,30.723,33.2054,28.238,26.5622,24.6276,28.1962,29.0397,27.8911,28.6452,26.8232,25.2155,26.4602,24.3994,23.3598,24.9856,27.6507,25.6304,24.3969,24.6263,22.7195,26.5798,23.3438,24.4551,22.4685,24.1947,24.2473,23.7309,24.5519,23.0993
48354,102.80000,17.38333,28.0056,25.2667,27.9516,28.6258,28.611,30.075,29.6072,29.7152,27.5246,28.253,35.8431,36.359,38.3585,38.4241,33.1318,36.9868,39.9687,35.9099,37.3248,39.3133,40.6113,39.0197,40.5085,36.1044,42.4139,40.5747,37.7281,37.8528,44.0664,31.2785,34.2026,39.0744,38.7146,33.7614,35.5686,41.5196,37.1853,40.8205,32.5073,46.3326,32.6048,31.8951,32.1542,33.9022,35.769,32.6404,34.2406,32.6051,34.3776,33.1249,29.7035,28.0753,30.2096,30.2627,31.3356,30.7433,31.4189,28.7579,30.5403,27.887,27.6897,29.1921,28.3534,30.092,29.7444,29.8714,28.3671,28.836,26.2554,27.644,27.3604,27.6792,28.7257,29.0707,28.9295,27.5807,28.2396
48355,104.05000,17.11667,23.7733,23.9744,25.4711,25.2941,27.2003,27.4345,26.8297,27.437,27.1574,26.9608,29.6097,27.7638,32.6364,30.931,34.2812,37.5606,36.3019,37.1175,39.3588,36.0699,33.8651,34.0376,36.0503,33.6946,38.9419,38.4,39.9006,36.7868,35.9262,27.7663,28.3794,31.9568,34.4202,33.9534,37.1584,35.391,33.544,34.0644,31.3342,37.8579,28.7836,31.136,29.1912,30.3398,31.1484,31.915,30.5078,32.3977,29.5177,30.8052,26.6412,26.4107,26.5284,28.2739,28.9487,28.9522,28.435,27.7379,27.1775,25.8483,25.7973,25.8486,27.5736,27.9237,28.683,27.8276,26.1349,26.9842,23.4938,24.8853,25.3457,25.9993,27.028,26.4879,27.6593,27.7638,26.5384
48356,104.13333,17.15000,26.5387,25.3426,27.4228,27.8584,27.359,29.2403,28.0143,27.7396,28.6244,27.4574,30.4804,28.7141,33.2387,34.5179,31.9015,36.7861,37.9313,38.1255,37.672,35.4703,32.3941,31.4547,35.2774,36.3167,34.9177,35.9919,37.2447,36.9508,38.2525,30.0611,29.9538,31.7495,30.8925,32.2215,36.069,33.4677,30.0359,33.9605,32.9598,36.3958,30.698,30.6271,31.2512,33.1199,32.5026,32.8369,31.9995,32.8613,33.1846,32.6373,28.8268,28.7521,29.1187,29.5526,32.5407,30.4396,30.3758,30.8377,29.1852,26.7415,28.1226,27.9602,28.4481,28.4738,28.8296,28.7827,28.103,27.912,25.6501,26.6744,27.9263,26.6781,27.4774,27.7586,27.7888,28.944,27.9807
48357,104.78333,17.41667,27.0608,27.1552,28.5119,28.3758,27.8571,29.4865,29.1131,26.166,28.3263,28.9512,27.5612,34.5835,31.308,32.631,37.4437,31.4926,36.4408,31.1803,33.2862,33.4918,37.5184,28.2187,33.9601,33.3708,36.4123,39.5251,37.7381,38.5207,38.6677,37.5803,28.4635,35.1313,36.7722,37.1227,39.4682,37.0475,44.2504,36.5921,32.4181,36.5683,30.4275,30.7051,32.1427,34.0687,34.7034,33.6564,34.0264,31.3704,32.4587,33.0161,29.6908,30.1777,31.4489,30.8194,32.6165,30.6891,32.6604,30.9937,30.356,28.3128,29.2518,29.403,28.4011,31.4266,29.3086,31.7616,29.3753,28.7685,26.7385,28.2178,28.1507,27.049,29.2586,27.3581,28.7958,27.4714,27.4501
48358,104.79000,17.25000,24.0245,25.3402,26.3808,25.5859,24.9248,26.8799,27.202,23.7833,26.0669,26.782,24.504,32.2589,29.3961,28.8884,34.8181,32.3694,35.4181,30.5411,32.5973,31.6072,31.8464,28.5639,32.4069,34.5084,38.4717,27.5106,31.0677,37.9052,35.5456,37.3982,30.474,34.7867,34.6215,36.8224,36.9885,35.3933,37.5507,31.5257,30.1882,30.9895,29.1196,27.351,28.8161,31.9414,31.1323,30.4456,31.2605,30.4182,30.3716,31.1657,26.447,26.9012,27.2881,28.3943,28.3982,28.0166,29.8096,27.9159,27.5955,25.1424,25.8295,26.2492,25.9003,28.4106,26.0592,27.3407,25.6262,25.7336,23.5066,25.2909,24.131,24.3201,25.823,24.7858,24.5757,23.9763,23.9211
48360,102.42944,17.23250,25.7613,22.8232,25.6798,26.077,25.53,27.1416,28.2838,26.9169,26.9214,24.8493,35.9065,34.3903,33.2936,38.3017,35.0313,38.3741,39.1132,38.7241,36.8293,32.8423,37.8681,36.6956,37.8674,33.9397,41.4033,39.8429,40.7183,36.566,31.5471,41.0004,29.0595,32.1315,35.6793,37.7456,33.5949,35.0728,34.9171,34.6559,36.493,32.6361,29.5577,27.7617,30.0526,30.2949,31.305,33.023,32.12,30.7755,29.8074,32.167,28.7798,27.1093,28.6165,29.1431,29.7288,29.3634,30.7227,28.4322,27.8319,26.4392,25.8981,27.2425,26.9049,27.5007,27.1876,28.1532,26.7331,25.6308,25.1175,25.7349,26.1356,26.674,25.7758,27.6772,27.7842,26.1222,26.1999
48372,99.10000,17.78333,29.0871,28.3897,27.394,26.1268,30.0541,28.1636,30.2652,28.9163,27.8354,27.452,36.2821,35.6962,36.4401,32.6945,37.8679,37.8015,37.1399,35.9974,37.2553,36.5836,38.4798,38.0998,39.7357,42.0352,41.4114,42.7868,36.8978,44.5575,42.3522,40.7246,34.8168,39.4076,42.6731,40.1256,31.0079,43.1317,40.3173,44.1934,41.4849,34.5931,40.1301,38.2772,39.3166,40.9146,40.5134,39.6594,41.6649,40.0959,41.3877,36.9407,30.9732,33.2994,36.0231,38.3218,37.9361,37.8506,38.3538,36.5765,36.6245,31.0042,26.1188,30.8992,33.3223,33.0789,33.7757,35.3486,33.322,32.5337,29.9249,28.9812,28.3113,31.0095,29.5317,32.2375,29.896,29.2582,29.5626
48373,99.86667,17.16667,26.9938,25.5848,26.006,27.5448,28.5492,27.7868,28.4945,28.9825,27.924,28.5207,32.6573,35.1301,35.7262,33.4113,36.3872,37.644,34.4755,34.9762,32.6573,34.1798,38.6784,39.2538,36.7848,39.0091,40.9359,40.5395,41.8532,39.5803,39.5706,38.424,36.6485,34.9856,38.08,36.3327,38.8403,38.3223,36.1423,35.2063,39.8822,38.2228,31.0076,31.4628,32.8359,33.2546,34.0714,35.2455,34.0943,32.9139,32.8714,33.2904,28.4356,29.7599,29.5114,31.0072,32.4381,32.7227,32.695,32.6099,31.3111,28.3252,28.3502,29.542,30.3034,29.9876,30.8618,30.8735,30.5158,30.3196,26.9617,26.1731,27.6696,30.0723,29.2222,29.9906,29.0138,29.3767,29.0695
48374,101.24944,16.77361,23.7514,23.7142,23.7912,25.496,26.4201,26.5234,26.7181,26.7532,24.3514,25.1296,28.9182,29.2239,28.628,33.0108,33.7011,33.9113,29.3857,30.6295,30.0901,33.729,33.6331,36.294,37.4195,39.6768,41.5397,40.4134,37.4971,38.2335,37.7214,40.0424,29.6908,26.8961,33.9255,34.4363,35.3029,36.8409,37.2032,36.6466,36.3955,30.8736,29.8357,28.1971,31.791,31.892,32.4477,33.7034,33.2251,30.0547,33.0489,31.0418,27.8602,27.4037,30.2204,28.4946,29.6752,29.5958,29.9089,29.5196,29.0731,24.3033,25.3042,25.0811,25.4858,28.0292,27.1519,27.4375,27.8478,26.7088,23.7663,24.6858,24.9457,24.8253,27.3065,25.2632,25.2416,25.5554,24.9103
48375,98.55000,16.66667,26.2122,25.9482,24.8899,22.8991,25.9137,24.7051,24.9164,27.131,25.2889,24.6332,24.8979,23.8282,29.0354,33.365,35.6078,33.5926,34.3655,36.5213,34.7705,28.6262,32.7887,33.8967,34.224,40.846,43.7482,43.5675,43.7294,42.6587,43.9985,37.1692,35.9341,41.6553,36.1564,37.6035,34.0888,43.4052,42.2526,41.5099,38.9379,40.2903,33.1085,33.1378,33.6851,39.6238,37.5893,38.7558,38.1384,40.4884,34.7751,38.4031,29.8183,29.5222,31.038,32.7217,30.5227,31.3873,33.1166,32.1926,31.1676,28.5016,29.6775,27.6736,27.5532,29.5492,29.4043,31.4294,30.2186,27.7767,28.3115,26.7991,25.1906,27.0339,28.4831,24.5547,26.3231,28.6358,23.7876
48376,99.15000,16.88333,22.9686,24.7974,23.9827,22.9222,23.9481,24.6602,25.8235,27.4325,24.2138,24.0961,26.7176,29.0547,34.0309,38.5674,32.4078,30.6975,36.4486,35.2481,35.666,31.0374,40.6979,35.526,39.5145,42.317,28.5917,40.8102,38.5951,37.5847,43.6349,36.1837,35.7786,35.7461,42.0809,41.9402,40.2424,36.5301,43.1448,37.5508,32.7886,40.3745,33.2936,34.2488,32.5189,38.841,39.2636,36.075,38.991,39.0272,36.9247,35.4452,26.0987,27.3939,27.8328,31.6981,31.2631,30.2138,30.5074,30.7378,30.7019,24.932,25.3561,26.2273,28.8815,28.8761,28.104,29.8363,27.6832,28.5857,25.0373,25.7448,25.6637,25.0973,27.802,26.0341,27.7507,26.9673,25.9409
48377,99.01667,17.25000,25.7008,24.7759,24.7997,25.554,27.0745,27.0354,31.6991,24.8735,24.5968,25.4948,33.3698,31.2072,31.7885,35.0877,36.7158,35.03,33.9417,33.2025,35.8319,32.2275,36.5572,33.7638,42.0478,34.8842,42.7194,44.045,43.6751,43.1018,41.9844,39.2939,37.4657,40.8439,37.3905,31.2319,31.1763,35.0042,41.1525,40.3053,40.6474,34.7818,34.2358,33.2357,32.8734,36.6023,36.2916,39.9723,35.7645,36.2597,36.2082,37.1055,30.5919,27.6592,29.4915,32.2793,32.5566,32.7541,30.8127,31.5889,31.215,28.1357,27.9824,28.445,27.6618,30.6131,32.1703,28.2151,30.0897,31.1142,25.6666,26.5209,26.7735,27.486,28.2039,29.0836,25.6726,26.4551,29.8031
48378,100.26667,16.78333,26.9501,26.9366,28.0372,28.2386,28.9994,29.6556,30.6759,29.5148,28.4755,28.9179,30.503,32.6447,33.8668,38.8374,37.4239,38.5624,32.7445,36.8352,37.6327,30.5337,38.9774,39.7388,40.0858,40.3576,41.5123,41.8648,42.4665,42.4544,39.6682,41.0705,30.411,37.4148,37.5506,35.0566,40.0095,40.7306,36.5849,38.602,38.7362,38.2911,31.3521,33.9474,34.431,33.7373,35.3625,34.7585,34.7693,34.7579,34.9253,33.1865,27.7984,29.2336,31.2131,30.8863,31.9605,32.4854,32.3002,31.7522,31.6192,26.7391,29.5815,29.7327,30.0884,30.3739,30.7703,31.7426,30.4177,30.3349,27.102,27.6204,29.1112,29.5511,29.1171,30.4259,29.6193,28.5759,29.2848
48379,101.15000,16.43333,22.7402,22.2911,22.5959,23.8374,24.4689,26.3855,24.4454,24.777,25.017,24.5396,28.005,27.1172,29.8168,33.2586,34.4895,31.1254,34.9961,29.2455,32.5557,35.2541,30.6775,39.0111,38.5095,41.9992,31.9713,37.1511,41.1262,35.5143,43.2548,41.6623,28.8415,34.0589,36.7451,30.7301,45.729,40.0819,34.403,39.7456,39.3902,35.6211,28.2402,30.5244,33.2342,31.4861,34.9816,33.9657,35.3075,34.0315,33.6297,34.0216,25.0903,27.7483,26.1101,29.8484,27.5646,28.4754,28.7813,29.3983,27.8229,23.736,25.2787,26.0272,24.9229,27.7668,24.9009,25.1109,25.2169,27.8742,23.7994,24.3496,24.7394,24.8593,26.6489,26.9,22.5288,22.8687,25.5192
48380,99.53333,16.48333,24.7073,22.1218,23.7791,23.8706,24.8165,24.5049,27.3861,25.7392,25.4926,25.8833,31.861,31.5771,33.7867,34.9605,37.243,36.9599,37.8787,38.62,35.1858,34.9838,42.5079,42.4693,38.7336,41.9383,41.8603,41.594,41.4775,43.8476,43.0578,42.8918,39.5071,31.6475,39.0424,40.6312,40.1162,40.8822,36.3849,34.9693,36.2744,33.615,28.9339,31.1821,28.0129,33.4978,34.2622,32.8961,34.1625,32.6859,33.3422,31.3235,25.1188,29.2403,26.8768,29.4412,30.1583,30.1153,30.1827,29.3322,29.5861,26.5014,28.2253,26.7347,28.5945,28.1712,29.1208,28.356,28.6841,28.3262,27.093,27.6955,24.6142,24.385,27.0495,26.7113,25.446,25.3836,26.4649
48381,102.83333,16.43333,25.1823,25.8879,25.5645,26.4886,27.7212,26.8698,26.8118,28.7388,27.9057,26.8698,31.849,33.0096,35.002,35.4784,38.6064,36.6589,38.4648,39.1482,33.5027,33.4658,32.9431,33.2152,36.415,38.2602,33.2743,37.6496,40.5214,41.1614,39.9991,38.2478,35.048,33.2087,35.4962,35.7757,31.0469,31.833,36.7267,34.6172,33.3541,29.4288,27.7059,31.1984,32.892,31.4135,31.9978,30.7802,30.967,32.2154,30.8742,30.3357,25.862,29.1022,29.4644,31.1226,31.2096,29.4186,29.287,29.353,29.1573,26.0443,27.1075,27.6114,29.9525,28.6289,27.785,27.6861,27.9337,28.1213,24.4884,24.9711,25.8111,27.9666,27.8121,27.4821,25.9633,27.0361,26.9714
48382,103.06806,16.24722,26.8907,27.0481,27.5934,28.5803,29.8466,29.532,28.7999,29.1452,29.6749,28.0571,38.3158,34.6773,37.059,33.6669,42.9748,41.2157,41.3836,46.4758,41.4593,39.6313,34.4743,32.4068,40.6021,37.4687,36.8344,41.8815,41.8043,40.563,42.9267,32.7335,33.7457,36.6104,39.0455,43.0504,38.9719,26.4662,33.1969,40.8365,39.55,37.6078,27.955,32.5021,31.7887,33.14,33.8318,30.6246,30.599,33.1179,32.9278,33.6957,26.9147,29.883,30.3309,30.6609,30.1187,29.7849,29.3569,30.2816,30.8599,27.243,28.3581,28.2705,29.5741,29.1443,28.8235,28.1956,29.2498,29.1736,25.6362,26.6306,26.5842,28.1237,27.0892,28.3264,26.4249,27.5756,27.5975
48383,104.71667,16.53333,24.2297,25.19,26.9939,28.2409,27.9588,29.1775,29.4314,28.5751,27.6125,26.255,27.7272,28.9441,29.6119,32.5443,33.2951,37.8204,30.9924,38.0124,35.3282,31.6882,33.9487,35.3417,39.7074,36.8557,40.311,35.2537,40.9601,36.2085,41.3349,38.6245,33.1445,30.5694,36.8752,35.7311,32.0914,35.2944,35.8812,30.6752,31.6592,33.9435,31.4791,31.7072,34.0694,33.1818,32.922,33.6896,33.5826,32.173,32.0386,31.8943,27.3175,28.9287,29.6717,31.289,30.867,32.8151,30.4076,30.4984,30.9966,26.7829,27.5831,27.8155,27.5634,30.4694,28.7995,28.8289,29.0806,27.7285,25.068,27.1619,26.5546,26.3332,28.1623,28.376,25.6809,27.2241,26.2802
48384,102.81667,16.33333,25.3251,24.7763,26.1385,25.8019,27.9147,27.2337,26.795,28.7064,27.7845,26.0627,34.0694,30.7081,36.3593,36.1254,37.9974,37.848,37.7017,36.8844,38.0924,34.6923,37.11,37.8022,36.5725,39.4001,39.7305,41.093,40.273,34.7912,40.4998,38.6013,37.8817,32.8192,37.1434,37.9259,30.0131,35.9724,38.4627,37.1669,36.8854,33.8423,28.0221,30.205,32.0471,31.4712,30.777,30.9657,31.3645,31.6057,29.2966,29.6171,23.362,26.6831,28.0488,28.84,28.7362,28.311,28.4686,28.4461,28.7266,24.9807,26.1202,26.487,28.1204,27.7014,27.6105,27.5864,27.5438,27.1383,24.0343,24.721,26.029,28.214,25.9523,28.3049,26.6278,27.6179,26.4014
48385,98.86667,16.01667,18.6636,19.0592,19.0188,20.0917,19.7703,20.4791,18.613,19.3232,21.076,18.5212,21.3106,21.198,23.6613,26.7896,26.4181,25.3773,27.4871,25.8985,27.7826,27.3551,28.0898,32.1264,32.6514,36.9126,30.6593,35.7506,40.6444,43.6678,39.0268,34.7816,26.4238,29.2441,31.5988,34.8624,33.9761,28.3943,24.7509,38.9038,25.7612,30.1848,25.2148,24.3742,26.1946,23.8104,27.5351,26.7817,30.2576,25.8083,28.4032,28.2105,22.0705,21.8287,23.0827,23.6511,20.8705,24.2371,24.6467,21.0628,24.7573,20.5998,20.3196,20.5409,21.3855,19.9659,21.2616,21.6619,17.812,21.4104,18.5724,18.4967,19.2429,20.6536,20.1423,20.3951,21.9194,20.1004,20.3949
48386,100.28333,16.43333,27.6173,27.9542,28.8148,29.095,30.5401,31.2065,30.2726,31.0754,29.7047,30.3821,30.7303,32.6919,36.1913,38.8089,40.1396,39.1307,39.9716,37.3553,38.2688,37.2493,38.4095,40.4915,40.0579,41.3674,42.6056,39.6063,40.9118,41.5653,38.8651,42.9247,35.8177,38.7611,38.3596,39.5679,37.9614,40.0806,37.0601,37.7331,38.4895,33.45,31.2455,29.9044,33.7801,33.3689,32.343,34.1836,34.2792,34.3932,33.5974,30.2833,27.0376,29.2155,30.9061,31.4456,31.9068,31.2175,32.3019,31.4639,30.4743,26.5449,27.7667,30.0724,29.5431,30.1187,30.2087,31.6099,29.286,30.9366,27.2235,26.9856,28.7656,29.3864,28.3574,29.6786,29.9865,28.5262,29.1098
48387,98.93333,16.76667,17.8572,19.7632,18.5222,17.1032,18.1308,16.8075,19.4598,19.6104,19.7236,17.2117,19.9548,24.3128,24.5201,23.5618,20.2393,21.6783,25.1321,20.4794,24.4599,22.0027,25.1139,24.1985,24.222,27.3267,28.075,28.8297,30.5286,29.4539,29.6553,28.0274,23.946,26.5872,26.8298,21.7473,29.4267,26.5939,21.1594,27.0856,27.4371,26.0469,21.8418,20.941,21.1961,24.7037,24.4937,24.4097,24.0302,25.3046,24.0417,21.8486,17.8453,19.1127,19.1035,19.2852,19.1653,19.9619,20.068,17.8528,18.8298,18.3807,19.1318,18.7307,17.8215,18.3884,18.1042,20.3536,19.4556,19.9052,18.7791,19.9832,17.2336,17.099,18.1445,18.5033,19.2992,19.7815,16.7944
48390,103.58833,16.33250,26.1453,24.5959,26.78,27.368,27.9387,28.0924,27.9944,26.3711,29.7613,27.0931,29.9815,31.0948,31.5448,34.1583,34.6477,35.7956,36.1835,36.0737,37.3779,35.8067,32.9319,37.956,32.0354,34.9827,37.8792,36.1433,39.1425,35.9999,35.7304,37.2717,33.6156,26.9677,36.2831,34.0429,31.4531,35.8033,31.6186,39.5019,36.7414,32.5897,29.67,29.5456,31.0661,32.179,31.4484,32.0935,32.1882,32.7777,30.0531,31.8184,27.2243,28.8446,29.8653,29.237,29.7088,28.9983,29.8378,30.1585,28.1392,22.3632,26.928,28.0318,28.3126,27.8908,28.6937,27.9443,28.4123,28.7968,25.289,26.4812,26.9275,27.8835,28.43,28.7255,26.6749,28.6373,27.8349
48400,100.16667,15.80000,27.7271,27.3969,26.8384,27.4653,29.7336,29.5461,30.2852,30.0463,29.9782,28.3033,34.3561,37.6606,38.284,35.6364,39.0462,40.6978,40.4368,40.728,37.9144,40.3796,41.225,41.2984,39.2461,41.352,39.5595,43.4091,43.5187,40.9692,41.639,43.8753,39.7531,37.2359,39.8066,40.6862,39.1874,43.1371,41.5855,38.5277,41.1168,39.9313,30.2929,31.3177,31.7939,35.3916,36.5195,36.0318,36.4593,33.1698,32.9335,35.559,27.5613,29.9869,30.0826,33.8204,32.8186,33.6148,33.1788,34.3251,34.3367,26.6716,28.7689,29.7671,30.5353,30.362,31.9393,32.998,31.4125,31.3526,25.8858,26.8501,28.7392,29.6638,30.699,30.164,30.4048,30.2337,29.5951
48401,100.50000,15.35000,26.6536,24.9517,25.3413,26.7905,28.1328,28.1328,27.9843,28.5196,28.1008,27.5803,34.2784,35.9311,35.8627,37.3924,34.552,38.973,35.9489,38.5752,37.4078,37.3502,36.3955,38.822,39.8988,39.6679,40.1977,41.2702,39.7068,40.5417,41.2248,39.2704,34.6396,32.1365,37.4679,38.3094,40.1535,38.8016,38.295,35.6814,34.7838,37.5771,27.8931,26.9309,32.45,33.9517,31.8043,33.5875,34.9256,34.0847,30.5531,32.887,26.1044,27.1414,30.1657,28.8685,28.977,31.6447,30.4997,30.1934,30.3081,22.1786,25.9384,27.8204,27.7167,28.2188,29.499,29.0582,29.5288,27.7308,25.2686,25.4557,26.6233,27.0682,27.6817,28.4788,28.4721,28.1839,26.7716
48402,100.18333,15.15000,25.1637,26.7467,26.0348,26.6021,28.3116,29.1368,27.8611,28.5204,27.9441,27.3583,35.2112,36.1231,36.8245,36.5088,37.1973,35.8149,35.9894,38.6432,34.0217,35.9503,36.7052,38.3178,38.8174,38.5568,40.7383,39.373,40.4257,41.2009,39.5196,39.8174,34.0685,30.7513,37.5117,39.0961,38.5895,37.7141,38.8708,38.7601,34.9805,38.9938,28.7413,30.9185,31.0909,35.604,32.5006,34.9585,35.0282,35.254,33.2708,33.5903,27.8237,28.6143,29.8125,31.0342,31.554,32.0165,32.5156,32.2334,31.2598,26.0229,27.0482,28.1852,28.7904,29.5284,30.7256,30.1174,29.6913,28.7994,26.7998,26.8928,27.0405,27.8606,27.9635,29.3875,30.2263,28.752,27.8604
48403,102.03333,15.80000,26.8304,24.6654,23.6533,27.3164,26.8453,28.7592,28.8727,29.3215,27.6498,28.1727,32.023,29.3762,32.7475,33.7241,38.0218,39.5392,39.2636,36.4844,38.4134,33.142,36.2192,30.4474,39.6219,40.6756,39.838,39.9611,40.5017,41.6597,40.8451,38.9867,32.3196,29.732,36.7221,40.1769,30.7335,32.7886,32.9561,34.1809,37.2623,37.9379,29.4193,28.5698,32.1412,31.6375,32.1845,32.2652,34.4438,32.1845,31.6037,32.944,28.1107,25.4002,29.3117,29.4212,30.618,30.7056,31.37,30.6726,29.0241,25.4597,23.9436,29.3245,28.8317,30.4738,29.5553,29.8718,28.7315,27.5108,24.8027,23.7046,27.0557,26.149,28.7974,28.8333,28.89,27.1812,28.4935
48404,103.61667,16.06667,25.5519,23.6774,26.8344,26.2694,27.6607,27.4025,28.1123,26.8879,27.5565,27.6931,31.8937,28.7978,32.9929,33.6901,36.7298,39.3428,36.0333,36.6891,37.438,36.9218,32.976,35.295,38.2678,37.5337,31.9489,36.4187,37.6717,37.8093,35.7437,30.1489,33.8324,34.3827,37.3568,35.4475,34.7019,35.6993,31.5969,34.0697,34.9446,36.9713,28.2457,28.3722,29.2389,31.4408,29.0692,31.5917,30.6165,31.7985,30.2263,30.5468,24.9068,26.8008,28.9357,28.3385,28.2961,28.3092,28.2463,28.8749,28.4561,23.7206,26.2567,26.1554,27.7413,27.093,27.5959,27.472,27.8517,27.2287,23.7385,25.85,26.0337,26.4264,26.0337,26.3192,26.3138,27.1934,26.3856
48405,103.68333,16.05000,26.1015,24.3609,27.3634,26.8683,28.2009,27.8889,28.5735,27.3747,28.0479,28.164,33.193,30.0294,34.426,35.0962,38.3089,40.9039,37.5134,38.1168,38.9254,38.3972,34.4824,36.7952,39.8626,39.1257,33.5739,37.9279,39.3107,39.3249,37.2913,31.2336,35.3866,36.0533,39.2454,37.1977,36.3556,37.5034,32.9475,35.6157,36.5806,38.9032,30.0421,30.5755,31.3742,33.8208,31.3017,33.8735,32.631,34.0353,32.1124,32.6667,26.9698,29.0538,31.4156,30.8907,30.8994,30.8006,30.6726,31.4527,30.658,25.5888,28.0503,28.0378,29.5872,28.9885,29.1023,29.0876,29.5757,28.8683,24.9613,27.123,27.3476,27.7878,27.3476,27.6427,27.4727,28.4789,27.6775
48407,104.86667,15.25000,24.9521,23.8527,25.8222,27.0911,27.9753,27.0173,27.7217,27.1077,25.3937,27.8789,30.8118,35.104,36.0766,32.8218,36.9242,38.2215,36.5763,37.2071,31.4659,37.5174,30.8456,32.0204,36.9171,31.8742,38.9242,38.8864,36.5971,39.3032,39.6888,35.7195,34.4351,35.5471,37.3728,39.4332,32.8568,30.8675,29.3498,34.9319,35.258,39.9316,28.2953,29.9807,31.4257,32.7562,33.1307,34.2998,30.8446,33.2388,31.3746,33.5979,27.703,28.6129,30.4286,31.1265,30.1672,32.7715,29.3636,30.9118,30.3598,25.5477,28.1469,28.8114,28.0136,28.6673,28.5797,27.0309,28.2074,27.9173,24.0287,26.6196,26.9689,28.0157,28.7731,28.4821,25.9469,28.4756,25.9855
48408,105.03333,15.23333,23.4512,21.7638,24.3646,23.7169,26.9045,25.5591,25.5075,25.103,24.3991,25.2655,30.4845,31.4032,33.6541,31.4805,36.1142,34.8644,35.5939,37.5532,34.5481,35.4133,33.8164,31.4552,38.6128,37.7779,35.4163,38.823,29.3807,34.0403,37.4715,34.3447,33.5784,34.8024,37.8677,36.8776,34.1908,33.7856,31.1623,33.9484,32.1018,38.4617,29.2882,27.224,29.1884,30.3501,30.1689,32.4775,31.2236,29.9978,28.7322,30.7102,24.149,25.0345,27.2141,27.4786,27.5912,28.0338,27.7802,27.111,27.374,23.6944,24.9782,25.5154,25.3913,25.2122,26.913,25.1691,25.1387,24.9006,21.8759,24.3215,25.3286,25.2949,24.6136,26.2806,24.1454,25.3124,23.45
48409,104.25000,15.03333,24.0985,25.9289,26.295,28.0861,27.9722,28.2292,28.7533,27.9562,27.0581,27.8758,33.9122,32.3923,36.7301,37.1062,38.3712,34.2833,38.274,38.5967,35.3645,37.3816,34.9639,36.1923,39.3609,33.601,36.7669,38.1377,26.8886,39.547,37.5472,38.2341,34.3534,37.7819,37.1609,41.197,45.3983,37.5908,39.4151,37.039,37.071,39.2179,28.7951,31.4775,31.8045,33.6221,33.0484,31.9405,30.9728,31.4204,31.6722,33.1842,26.592,28.2989,29.3238,29.1285,30.6026,30.1601,29.092,29.6936,29.3764,24.8206,27.6912,26.8104,28.2374,28.1357,28.5742,26.5362,28.0111,27.7746,24.2049,26.5735,25.8439,25.8735,27.5025,27.0609,25.9778,27.622,26.2832
48410,100.03889,15.37417,27.2266,27.6665,26.9479,26.627,27.9903,28.4517,29.9374,29.094,27.9536,27.1583,34.6967,35.7353,36.36,36.4968,36.3936,35.4305,35.0418,38.394,34.3393,35.1196,38.6037,39.0522,40.6127,40.3075,42.384,41.66,42.2979,41.9475,40.6683,40.6687,36.4729,36.5799,38.9949,39.0268,41.2154,40.1481,42.6587,37.6976,37.1883,36.8322,31.9283,31.9095,32.8474,36.1716,35.3054,36.4995,35.3526,36.5605,31.9606,34.8137,29.3933,29.2888,30.4566,32.9823,32.3478,33.5106,32.7405,31.6473,30.999,28.5014,28.2054,29.0273,31.4431,31.0119,32.4624,31.4942,30.6824,30.1521,27.4344,27.8602,27.0794,28.7005,28.5027,29.4863,29.6456,28.5279,27.7261
48413,101.10833,15.65694,26.7875,26.7143,24.9546,26.9424,26.33,28.2569,28.1074,28.3142,29.8601,27.8382,30.6284,32.2082,35.0673,36.2643,35.8149,36.8379,38.7026,36.346,37.7624,35.4746,34.8142,39.1121,39.1576,40.3817,40.5288,40.1522,40.6015,40.8498,40.1375,41.3154,31.1519,35.594,37.4336,33.249,38.4406,39.3192,39.2694,37.2929,35.7776,34.6149,29.4954,29.1079,33.5561,33.2656,33.8175,33.5094,33.7285,30.7281,33.0081,33.3173,25.5314,26.7959,28.1813,28.6889,29.9691,30.4805,32.7328,29.9328,30.4991,24.014,25.2909,27.6272,26.2025,28.3502,28.8923,28.8312,28.5387,28.5278,25.2582,25.4771,27.1949,25.4517,26.7999,28.6869,26.4781,27.9341,26.6759
48415,100.71667,14.51667,27.2375,26.5391,26.8181,28.3395,29.5966,30.1004,29.4137,29.4339,28.055,28.6765,32.3647,36.3569,37.2925,39.0959,35.5954,35.5397,35.964,37.8272,38.1559,38.0503,38.4381,38.2754,38.4518,40.5201,40.921,41.4776,41.5775,40.8574,39.0311,39.8766,30.5347,36.4924,36.7122,38.4601,34.8404,36.1881,37.4013,37.6899,37.2972,39.0941,26.6554,28.8041,33.1138,33.1724,33.0796,33.2642,33.41,34.692,33.0413,32.4332,28.4987,28.4759,29.2004,30.278,28.7639,31.266,30.6811,31.0469,29.0613,27.8457,28.233,29.3997,29.4797,29.5584,29.1265,29.4748,29.4117,28.3419,27.1316,27.1206,28.6152,29.9934,28.5322,29.9013,29.3301,27.9829,28.4378
48416,103.68333,15.31667,25.6725,25.3933,27.0982,27.4036,28.9795,25.6164,28.4135,26.7778,26.9605,27.0752,26.9512,31.8836,33.689,34.4788,34.0319,34.3515,35.4085,36.4605,35.547,30.6855,34.4816,33.2027,38.0349,27.4841,30.3905,37.515,28.4501,37.6213,36.7751,38.5682,31.6725,28.4199,30.6989,33.4426,33.2482,38.164,37.0335,36.1,36.7126,35.8911,29.7838,30.2586,30.1807,33.6419,31.7185,32.5121,32.2651,34.1718,32.0786,31.6935,26.7995,28.9487,28.4219,29.3178,27.9815,30.7196,28.9641,31.0278,29.8889,24.9059,26.4686,26.8124,27.3819,26.781,29.4453,27.3361,28.4739,28.2253,24.955,25.6725,25.4217,26.9397,25.6004,27.397,25.9848,25.8768,26.8558
48417,101.39584,14.35972,15.0826,17.096,17.0882,15.8455,16.7773,16.7693,16.1706,17.926,15.6905,17.2906,15.1014,15.1121,21.0725,20.8327,20.3905,19.5229,19.481,20.5459,21.2914,17.8378,16.4548,20.8277,23.002,23.4272,24.591,22.0073,23.3137,22.9211,22.1203,23.6449,23.2868,21.1097,23.2871,21.1928,20.109,23.4772,24.2441,24.2483,22.9886,23.8495,15.1839,14.9189,20.794,22.1693,21.7896,21.7676,20.5152,15.326,16.3551,20.3329,16.3019,19.2104,16.0244,16.4014,15.3455,18.0029,20.6809,19.1363,17.9202,15.0144,14.8259,16.6356,17.2413,17.7206,15.4866,17.9549,16.3427,15.8664,17.8893,16.6064,17.1724,18.9057,19.7161,16.4715,16.2126,19.4565,16.436
48418,101.18333,15.26667,25.7655,26.5392,24.962,26.6688,25.9111,27.4255,27.1373,28.1241,26.7462,26.7457,33.1742,37.7574,37.8904,38.6052,37.8245,39.3964,39.46,36.5792,39.0696,40.0104,39.0258,40.0699,40.5249,41.7094,42.0558,42.5951,42.046,41.8128,44.0225,42.169,35.3116,37.8352,37.3303,39.137,37.323,42.7173,39.519,41.5935,36.371,39.6201,25.3647,27.4514,33.584,30.7759,33.2387,34.8312,36.2555,35.3446,32.3604,31.2763,26.0659,26.1933,31.0382,27.9104,29.7945,29.7995,30.3067,30.1428,30.0654,23.6671,24.7431,28.3632,27.3846,28.1245,28.4766,27.7304,27.8478,27.4633,25.1292,24.8791,25.7154,25.8328,26.4632,26.7609,28.5986,28.1527,26.3708
48419,100.63333,14.11667,26.562,26.1078,25.3493,27.9175,27.1854,26.4185,29.2353,29.9921,26.4661,27.3351,32.8259,36.1334,36.9251,39.8089,35.9338,38.4195,40.9332,41.3058,37.9149,37.0603,37.9884,39.6526,38.1431,39.9521,40.0585,41.2622,28.4196,36.2987,39.3905,39.7733,36.7451,32.8842,37.4439,33.2359,38.5008,35.0754,40.7303,33.9999,33.6446,40.3637,27.7361,25.9691,28.588,31.5974,29.7637,29.1144,30.7312,31.6348,32.5198,30.9324,25.6714,26.8698,27.8196,27.1733,28.062,27.3846,30.5992,27.2842,27.1521,26.1638,27.0568,28.5159,27.9757,27.4737,27.8669,30.0176,27.6337,27.6433,24.9468,25.2405,27.7288,26.437,26.2447,28.6287,28.1174,25.6096,26.5431
48420,100.76167,13.51667,31.9568,31.4174,32.1814,32.2265,31.78,31.1486,30.3365,33.3373,31.2423,31.0713,38.7796,39.0287,38.7576,40.4161,38.8499,39.2336,38.8823,41.2175,39.7469,38.2344,37.4747,40.0775,39.2069,43.4188,41.2459,41.1441,42.7521,44.2943,40.0775,41.005,39.8789,39.3112,38.3653,41.9688,41.1971,41.5629,39.6485,41.6295,40.1324,39.0242,32.4069,33.6252,34.485,34.4822,36.0887,34.7979,34.8454,35.0376,34.498,34.4143,29.2502,32.7345,33.7166,31.493,32.4751,33.5209,34.8486,33.2372,29.4639,31.4549,30.3278,34.6899,30.9493,31.1907,31.3171,34.4546,32.6423,30.1541,30.9619,30.3426,28.5437,29.1459,31.0649,31.5786,29.6396,31.4413,30.3703
48421,98.63639,15.74222,25.0962,24.5677,24.7312,22.8386,24.0085,26.589,26.3601,27.9658,22.7049,23.2718,28.2445,32.1104,34.958,34.7493,35.3317,34.9028,35.4938,32.2759,35.144,33.2614,39.3064,35.2183,38.8594,42.1452,45.8617,45.4318,45.0693,47.2203,33.1806,40.3351,30.7396,27.3569,32.3491,48.1829,33.1057,42.8414,41.1986,35.417,34.5689,40.68,34.1357,34.7665,36.2566,33.4722,34.1572,36.4401,37.9021,35.8307,37.6903,37.6903,31.399,32.1167,33.8145,31.2494,33.9866,32.9903,34.8184,33.3369,33.828,27.4289,26.9815,27.403,28.8347,29.8896,28.8041,27.7322,29.8136,27.5212,25.6991,25.9829,23.3032,26.7274,27.5873,26.6212,24.3431,24.0431,24.3958
48425,100.13333,14.46667,29.9266,29.1814,28.4859,29.3011,31.2585,31.3184,31.4512,32.2009,30.1528,29.8488,37.9113,37.6785,36.8736,37.9422,39.4896,39.025,39.8426,41.196,39.3225,37.4584,39.8875,38.9079,38.1851,37.0024,38.4869,41.2597,40.0616,39.844,38.3549,39.5634,39.4331,35.1624,37.2529,38.4007,34.221,27.6334,38.6578,43.0109,37.7632,38.5625,28.7719,31.1528,34.2523,34.7261,36.0667,36.9471,36.6293,34.9357,35.0219,34.304,30.3126,29.2201,32.6628,31.3848,33.4308,33.2981,34.2369,33.9157,32.327,29.1101,27.9961,31.1479,31.8561,32.716,31.0279,33.5489,28.8135,31.1904,28.4322,28.4371,29.5526,30.9021,30.5997,30.9672,31.4105,29.5168,30.1548
48426,100.61667,14.80000,28.8795,27.6542,28.0273,29.7636,28.7069,29.6695,30.2529,30.99,29.6282,29.6016,32.5944,38.3327,37.6301,39.8389,40.4503,37.2911,40.4413,38.71,37.8202,39.0009,38.3918,39.8316,39.4801,40.8066,41.2194,42.6098,41.2406,39.8634,41.7065,42.113,29.6101,39.1673,37.2435,39.304,32.5452,39.634,37.4076,40.256,38.7111,39.276,28.8338,30.2906,33.7512,35.2886,34.8478,36.7003,36.4114,33.6231,32.7641,33.3519,28.7962,30.1721,31.2842,32.3062,32.2045,34.5842,32.3735,32.5659,32.5446,28.585,29.1307,29.8386,31.336,30.7457,31.4591,30.7831,30.0716,29.9563,28.0203,27.9204,30.3704,30.0197,29.8651,30.5769,29.9383,29.7715,30.1695
48427,99.86667,14.30000,27.2199,26.1465,26.5645,26.5044,27.6641,28.2039,27.3581,28.0238,27.9753,26.5189,36.8377,36.2694,35.8886,35.5696,37.5302,40.232,38.0833,39.3867,37.5936,36.7343,38.6992,37.9473,38.272,37.9088,39.6745,39.5075,39.303,40.1262,39.0006,38.9361,27.8756,33.8147,34.2164,38.6271,37.5353,39.9363,38.9585,38.4295,34.3227,36.3975,27.8011,27.4226,29.9506,31.3396,29.9464,30.1722,34.2302,34.1447,31.1471,34.6348,27.0634,24.4022,27.8481,28.6377,29.4324,26.6819,33.0633,29.0627,28.1403,26.9651,26.0172,26.7765,28.9979,28.4743,29.0312,30.3507,27.8154,28.5878,26.5055,25.3739,26.5049,28.4733,28.9597,28.9081,28.8202,28.778,28.612
48429,100.76750,13.68639,28.8421,29.0876,30.0054,30.2156,30.4381,30.8617,30.6438,31.1476,30.3766,29.977,32.4177,34.8882,34.6579,36.4002,36.1827,35.8041,32.4536,36.0463,37.0726,35.4653,31.4981,33.9741,33.9052,35.9822,36.0233,35.4657,35.1982,37.3111,36.4066,35.5759,33.5347,32.3465,34.02,28.0264,36.2654,34.5156,35.212,33.6675,29.8521,29.6899,30.6546,30.4648,30.257,31.6284,30.9892,32.0211,31.6971,30.7683,30.676,29.5666,26.6823,29.4859,30.6692,30.2094,30.6231,29.861,31.4445,29.4652,27.4487,27.8062,28.226,29.8216,29.2305,30.2288,28.1311,30.8027,29.9183,28.924,27.9164,27.9308,25.9867,27.7346,29.5102,29.594,27.4648,29.1588,28.6508
48430,101.36667,14.05000,28.8203,29.0844,28.7916,30.1697,30.3963,30.7956,30.2982,31.3667,30.4488,28.3853,31.142,37.3298,36.7941,34.0647,35.0603,34.5231,39.6632,38.2847,36.5298,38.3989,32.4212,38.1551,39.6778,34.5119,40.7826,40.8351,40.9404,36.7124,39.773,36.6262,36.6689,29.3254,42.6563,34.0583,34.1249,39.9513,35.5585,40.1903,37.1403,32.5569,32.496,33.2233,34.5591,32.6775,35.0896,35.0062,33.4455,32.5393,33.2295,35.4657,28.853,31.106,31.7,31.4354,31.8149,33.1541,32.3483,31.3241,32.6612,29.46,31.2787,30.6134,31.2554,31.6085,30.7381,31.0405,30.8991,29.981,28.653,30.1977,29.0981,29.4825,30.0518,30.1255,30.6851,29.6067,29.2182
48431,102.07667,14.96278,26.6417,26.4978,26.6676,27.1288,27.2603,28.6744,26.9928,28.1217,26.876,28.4098,33.9271,35.5937,35.3093,35.1692,36.01,37.3951,36.9607,38.2914,36.9159,31.1363,35.0584,38.8558,38.9863,37.8856,37.5309,37.8388,40.5459,37.9819,41.6836,39.061,29.0537,37.6672,40.1261,30.87,38.3749,35.9863,41.3225,35.0076,33.8852,27.4245,31.5782,29.7346,31.2975,27.8672,32.5883,34.3714,35.2448,33.7443,32.6468,31.5769,26.1176,28.3982,30.0495,29.3194,29.9993,29.9063,31.8775,27.8098,32.4189,26.864,27.1355,28.3188,27.7082,29.1737,28.7903,29.9375,28.5693,28.5709,26.6664,26.0492,26.3443,26.6858,27.7435,26.9821,27.3513,26.1124,28.3672
48432,103.50000,14.88333,25.3739,25.1838,27.815,28.109,27.4052,28.439,28.7294,27.122,25.6727,28.3574,31.8114,33.0073,34.7336,32.3529,33.2281,34.6617,35.3346,32.826,32.0724,34.7117,31.8289,37.847,40.348,36.8041,39.2833,36.7757,32.213,37.8117,37.5961,38.3029,32.4125,34.7297,35.0748,39.2121,31.9653,36.2741,36.8494,37.5935,37.659,34.5208,27.5253,29.2514,31.2562,31.4573,30.2932,33.5354,31.6983,33.4824,31.6377,31.1567,26.6259,28.3425,28.562,29.7801,28.9661,30.7246,29.4826,29.9092,29.1943,26.002,28.3116,27.4827,28.5567,28.0406,30.204,28.8569,28.2988,28.7129,24.5355,27.1978,25.6923,28.8476,26.8078,28.2227,26.6733,26.768,27.2695
48433,103.45000,14.88333,24.2036,23.9482,26.6593,26.8973,26.1209,27.2327,27.4354,25.8973,24.4378,27.2385,31.6283,32.7859,34.5947,32.083,32.9834,34.5107,35.254,32.6184,31.8336,34.6193,32.1564,38.3984,41.0058,37.3144,39.8922,37.2843,32.5787,38.3615,38.137,38.874,33.2106,35.5306,35.9452,40.1454,32.7328,37.0565,37.6793,38.4266,38.4654,35.3365,26.3289,27.7163,29.805,29.997,28.8662,31.8772,30.2048,31.7909,30.1526,29.8062,24.6462,25.893,26.0833,27.252,26.4341,28.4133,27.2009,27.6174,26.7977,24.2772,26.621,25.5746,26.7248,26.1479,28.5975,27.1751,26.5672,27.0396,23.0261,25.6665,24.1349,27.2653,25.2505,26.8404,25.1999,25.2519,25.6965
48434,102.16861,14.71889,26.3201,25.6867,26.1962,25.9853,25.7523,25.1366,26.276,27.0223,26.692,26.033,32.9085,36.7274,35.8535,35.2782,35.4654,36.7897,36.0592,37.2286,36.075,32.8456,37.234,35.9073,39.875,39.924,41.1223,41.3671,40.8914,41.9928,37.3756,38.7429,31.6797,35.5513,24.8946,32.9381,40.6849,42.7152,41.3692,36.05,40.9483,28.8841,28.9219,30.1829,33.3827,29.9084,32.5471,33.5927,33.2208,31.9546,34.3528,30.8841,26.6506,28.2963,29.4138,28.8751,30.062,29.8806,30.7311,30.6328,29.8122,26.5707,27.8314,28.2504,28.1194,28.4289,29.022,29.3211,28.925,28.9429,26.848,26.8241,26.6222,26.017,26.9514,27.5534,28.4471,27.8262,28.605
48435,101.41667,14.70000,23.5601,24.7262,24.5396,25.1348,23.9115,24.5547,25.799,26.1966,25.9557,24.8961,31.0192,32.2174,32.998,34.2972,35.8035,36.2381,35.2776,37.422,35.3649,35.0723,27.7917,35.0282,33.8545,36.7677,38.1095,25.8789,31.8793,36.3977,30.3917,35.0337,29.2159,33.223,33.1006,33.7688,28.9615,30.7825,28.5169,30.3548,38.647,26.6497,26.3669,28.5213,29.5887,28.0527,30.54,28.6202,28.7198,29.6265,29.7038,26.5908,24.7139,25.186,25.2517,26.0744,27.3186,27.5401,27.6201,26.6483,27.65,24.3051,24.8109,26.1919,23.1011,26.2335,26.0196,26.8781,26.4378,25.5142,23.4403,23.1788,25.5635,24.7538,24.4165,25.2163,26.4001,25.562,25.1964
48436,102.71667,14.61667,26.2605,22.9355,25.9488,27.4866,26.4535,26.8964,26.8724,27.675,26.1602,25.9296,32.1283,35.4493,36.4741,37.9134,37.091,37.853,37.0529,37.9134,35.2916,34.5417,32.9353,37.4922,37.9831,40.9166,35.3859,33.0293,30.5423,38.1849,37.0323,38.3606,34.7429,35.6234,34.1493,26.7593,30.6975,33.2008,29.9689,27.8256,37.0231,29.3357,26.6262,29.5285,29.1995,28.6515,28.6939,31.4575,30.4465,27.6066,29.398,26.9358,24.6295,26.4828,27.4895,27.9794,28.3055,27.5496,29.8698,26.7417,27.303,25.3527,26.6104,25.7146,25.3452,26.5378,26.808,27.4838,26.2138,26.523,24.339,25.3778,25.7719,24.1619,24.8208,25.0001,25.4443,25.0037,25.5109
48437,103.24417,15.22750,24.6573,23.5439,26.0347,26.096,27.8165,25.739,25.9318,25.9524,25.5162,25.457,27.8933,34.16,33.354,29.7462,33.2623,37.7875,37.5623,37.0889,30.886,30.4466,35.133,36.9764,39.7526,35.7971,31.746,32.8511,35.5095,38.2327,37.2385,37.6205,32.6406,29.4132,29.5701,35.4611,35.4269,36.969,31.5432,39.3859,38.5199,32.0759,22.565,27.7184,28.0021,32.173,25.0123,32.3245,30.2771,30.7798,28.8769,29.0892,25.1236,25.5865,26.2307,28.438,26.9072,29.7735,28.2236,28.6403,27.8714,24.4965,25.7018,26.2675,28.7012,27.0024,28.4143,27.2025,27.5415,27.6002,24.5639,25.8026,25.1512,27.7663,25.1153,26.8055,25.3682,25.5761,25.7599
48438,100.03222,13.40777778,28.7884,28.9985,28.0626,28.2921,29.4748,30.5411,30.1497,30.7165,29.8908,29.0402,33.0819,33.2132,35.7519,36.2378,36.7473,36.6007,36.8172,37.8077,36.2169,36.0841,34.3731,35.9336,36.6968,37.8263,37.1041,38.5322,37.7582,38.7316,37.2294,37.5382,32.7757,33.4657,34.9212,36.1982,38.565,37.002,35.4295,31.8957,36.8074,32.9763,29.5054,33.2048,31.3579,32.2357,33.1571,34.488,35.2919,31.1658,32.0014,33.1428,32.4748,30.7147,32.3169,32.5886,33.6153,32.0676,34.8335,29.7252,30.5242,31.9452,30.1698,31.1476,31.9501,32.2153,31.4147,34.2376,30.9934,30.6573,31.574,28.2883,30.1136,31.4411,31.3132,29.8783,31.4769,29.2147,28.4091
48439,101.70722,13.98333,25.6001,25.4943,25.3296,26.8711,26.5205,25.8057,27.0918,27.828,25.4415,26.3485,28.554,36.4355,34.8392,35.1651,36.8088,31.2361,38.9122,37.2386,39.5782,38.2372,39.1304,28.5214,38.4211,39.3509,39.8263,40.8876,38.2407,38.3106,38.7746,39.7665,28.8575,34.6072,31.1502,37.3804,33.6805,38.5228,24.8359,27.199,24.2096,29.7989,27.7043,30.3119,31.0989,31.8365,31.5592,31.8628,29.8391,28.7866,30.1016,30.0315,27.6346,28.345,28.7564,27.5033,29.6937,27.6172,28.7229,27.7094,28.0449,25.6592,27.375,27.0797,26.6706,27.8555,27.6942,27.1584,26.9325,26.2672,25.5069,26.8566,25.789,27.0598,26.9514,26.5476,27.7975,25.6587,26.258
48440,102.03471,13.78888,26.0157,25.5565,26.2704,26.5434,27.6473,25.3309,27.996,28.1722,25.8699,25.076,36.4858,34.7772,34.9099,37.1904,35.593,32.7865,36.8532,34.2507,33.9667,38.4914,29.0173,27.2437,35.8013,39.2645,40.2598,38.6769,32.7593,39.5564,41.2675,34.915,27.4226,23.7819,36.471,33.0399,37.1555,33.6853,24.8852,30.5262,34.2557,25.9838,26.6382,28.1944,31.4762,29.1964,31.8179,33.1227,27.8144,28.8019,28.2873,24.7707,26.1439,28.0954,27.5835,27.1619,28.4398,29.6561,28.8639,29.3178,27.7337,26.2279,27.2977,26.4332,25.6532,27.8532,27.1467,26.7308,25.8296,26.4957,25.0549,26.9335,24.9244,26.0578,26.4703,27.1957,27.5694,24.0724,24.0551
48450,99.53333,14.01667,28.3941,28.6497,27.7809,25.0691,27.8999,29.3208,28.9568,29.305,28.1221,26.3687,36.4546,36.6068,38.1886,36.1583,37.8493,38.342,38.7978,38.8669,37.4125,37.4179,38.4787,38.6157,41.6023,40.3917,41.2734,41.8378,40.4828,42.9026,41.0272,41.2065,26.9236,34.9599,34.5462,36.8685,41.9683,41.9654,41.3886,41.3439,37.5201,32.323,29.1089,31.6854,32.4628,31.1491,32.2343,32.9612,37.3164,31.7431,30.7432,35.163,30.5377,28.7468,30.1772,32.5409,33.4712,31.7347,35.9866,32.6409,31.0063,31.0021,29.0226,28.5287,30.2103,30.6977,32.351,33.8265,31.0589,31.3606,30.1763,28.0306,28.1471,29.5544,29.5431,30.1549,30.7421,29.4892,28.7424
48451,99.96667,14.01667,27.0861,27.1713,25.1463,26.1137,26.8937,27.5203,28.2794,27.7208,26.8203,24.5357,37.8857,36.4962,36.1895,35.9523,37.7173,38.2984,37.6693,38.9692,37.3356,36.5662,36.9022,37.4834,37.8331,39.0002,38.8832,39.9067,39.5935,39.8194,38.981,38.2359,35.7797,31.1923,34.5681,36.884,39.5969,39.1255,38.18,36.963,38.1302,39.0595,27.8669,28.1066,29.7858,29.7835,29.1314,34.022,34.9498,31.6315,27.3626,28.0387,27.3164,24.0873,28.1095,28.6451,29.8768,26.3607,31.1425,29.2983,26.3546,27.4592,25.714,28.1222,28.7474,27.712,29.0314,29.4084,26.2083,27.8154,25.7845,24.621,26.3914,27.6221,28.0034,29.0276,28.2326,27.739,27.0972
48453,100.61667,13.66667,29.9038,28.4415,29.1879,28.9271,28.7736,28.0692,29.5309,32.4126,28.1682,28.1732,38.9901,39.8717,38.3745,40.2711,37.8978,36.8028,41.5402,44.9542,39.4208,39.1941,40.3498,41.2139,42.615,45.247,44.5714,43.7553,43.7311,46.2994,43.5204,44.1607,42.7687,42.8916,41.3795,46.6373,42.7315,46.3407,42.9377,43.7952,39.9229,43.5088,35.4101,32.7251,34.6285,35.6612,35.5207,36.0945,35.8527,35.846,34.9231,35.1804,26.8075,31.0852,31.8417,28.7221,30.1523,28.1253,34.3783,32.8421,28.3862,29.528,27.2808,30.6733,28.995,28.9636,30.5725,31.0954,28.8742,27.4712,29.5047,28.0351,27.9695,29.5863,28.0855,27.4697,32.4775,28.5366,28.1819
48454,100.56806,13.70694,29.062,29.4727,30.0727,31.2635,30.4882,30.4355,32.2283,32.2483,30.8112,30.1982,32.0392,34.2741,35.2238,37.0506,36.302,35.5708,36.7545,36.6236,36.2619,36.1322,32.7986,35.8533,35.6355,36.976,39.6951,39.0752,33.1066,38.1301,38.4045,37.9182,35.8385,31.9983,34.5569,32.7674,46.3131,33.9428,37.9509,37.5307,37.7736,35.5575,30.9205,29.374,33.8534,31.8359,31.462,36.3575,32.4672,32.333,31.7558,31.225,nan,nan,nan,nan,nan,nan,nan,nan,nan,nan,nan,nan,nan,nan,nan,nan,nan,nan,nan,nan,nan,nan,nan,nan,nan,nan,nan
48455,100.56800,13.70600,28.5205,28.9204,29.5055,30.631,29.8726,29.8342,31.5891,31.5412,30.2624,29.6403,31.8344,34.0632,34.9982,36.7858,36.0501,35.3281,36.4862,36.348,36.0174,35.8896,32.8447,35.9135,35.694,37.0399,39.7661,39.145,33.1582,38.2014,38.4714,37.9845,35.7138,31.7939,34.46,32.6503,46.6381,33.8199,37.9453,37.5383,37.7717,35.4887,30.5954,28.9657,33.9818,31.7106,31.3106,36.9289,32.3237,32.0968,31.4986,31.0863,27.5664,27.7538,28.1446,28.2438,35.3933,28.451,32.4639,33.6437,29.5974,27.2435,28.1865,31.8194,30.6766,30.8546,29.9879,31.0918,29.2725,29.3814,29.1891,28.581,29.325,30.0279,29.929,28.5901,29.2812,29.9121,29.2661
48456,100.60500,13.91917,27.6406,27.7484,27.3174,27.7499,27.2927,26.23,29.6825,31.1451,27.7783,29.3907,31.882,34.2648,36.4249,37.141,37.0586,36.2876,39.1423,37.3594,36.3604,37.9872,35.0208,37.4294,34.5532,36.271,35.8844,39.0209,27.9189,35.2571,36.3959,36.6498,33.7283,30.6875,33.6843,27.6223,39.3925,34.4267,36.9847,34.2445,30.5499,34.7262,27.0337,25.2467,28.9526,30.229,29.1631,31.9352,31.5139,29.9754,28.9833,29.8909,26.6687,27.1038,29.3626,24.2434,26.5508,27.0382,31.4158,27.9399,25.3684,26.964,27.3537,28.443,26.3351,26.8269,27.5005,29.7774,28.7204,26.8337,26.5194,25.2848,27.4716,26.3931,25.7631,27.0958,28.6808,25.7808,27.5738
48457,100.64944,13.37722,32.7765,34.018,33.5247,32.6496,32.0078,31.7819,33.4483,35.0892,32.7851,33.1092,35.8283,36.3088,36.1564,35.5782,33.9367,33.6763,37.4179,38.1318,36.0484,36.41,35.9058,35.7062,35.3915,35.5977,35.4991,35.1637,36.9206,37.7023,35.1637,36.0197,36.4081,35.1771,34.9168,35.855,36.3464,37.0595,36.1978,36.1529,35.025,35.8972,35.9746,33.6737,34.9093,34.4783,35.4083,33.9536,35.0219,34.9093,34.6598,35.378,nan,nan,nan,nan,nan,nan,nan,nan,nan,nan,nan,nan,nan,nan,nan,nan,nan,nan,nan,nan,nan,nan,nan,nan,nan,nan,nan
48458,101.45833,13.56500,23.9256,25.1459,25.0851,25.2866,24.5454,23.9309,25.2661,23.2481,25.3643,24.4234,37.7493,34.679,33.1885,35.8538,34.2815,37.9602,36.7326,36.722,37.7493,37.6049,35.2923,37.9999,37.5203,39.5509,41.5992,35.9089,41.0243,40.8736,39.9889,34.3066,34.2895,34.6225,36.0636,31.856,34.5807,26.4011,29.5516,23.2229,27.3008,29.8318,29.1277,28.3127,31.7646,30.8676,28.8127,28.6112,27.141,29.852,30.7824,28.5843,26.876,27.2242,26.3407,26.2975,25.2703,27.7673,26.943,27.3194,27.2624,24.5655,26.5942,25.4129,24.0193,24.5873,25.4026,25.0194,24.6956,24.5682,25.9074,24.2324,24.9691,23.7336,24.7661,23.6147,24.3331,23.3595,24.8033
48459,100.98333,13.36667,31.5913,31.5245,31.91,31.8836,30.8798,29.4786,30.8694,30.4813,31.9977,32.0481,43.1256,42.4295,42.6079,44.0368,43.4097,42.4707,43.0421,46.2369,43.0947,42.3268,42.9626,45.7941,44.4393,45.6106,43.8512,43.0244,43.8567,46.6022,42.183,44.9622,44.1779,43.7577,43.2027,39.2009,46.1235,43.8991,42.5988,44.5416,43.0103,42.1351,32.1474,32.9515,36.0336,36.5351,38.4792,37.435,36.5266,37.8223,36.4741,35.5894,29.5586,33.3409,35.2371,32.9742,33.3743,35.5605,34.2716,33.9317,33.6687,31.6886,30.5932,32.3319,32.2275,31.5049,31.041,32.8123,32.1905,30.6441,30.4283,31.5735,28.6178,26.828,31.0704,30.1651,30.9497,30.9143,28.9722
48460,100.80000,13.16667,29.6335,29.5534,30.4804,30.2132,29.3382,27.8177,30.4818,27.076,31.1122,30.3753,38.5899,39.3361,39.2297,39.2079,39.2079,36.4363,37.5542,41.6484,40.1775,39.5612,40.1509,38.8298,40.9638,40.9246,39.1479,38.8929,41.7621,42.607,41.0899,40.3889,29.8295,36.5608,35.5862,36.0982,36.507,36.8853,36.2519,38.3976,36.182,36.372,31.6947,31.9316,31.2269,31.2789,31.7454,32.6106,31.6567,31.4994,31.9335,31.5681,26.4988,29.8598,31.6985,29.381,30.4469,30.405,30.5496,31.1298,31.7589,27.6271,30.6858,29.0075,30.3772,28.7739,27.1871,30.5888,28.6018,28.9646,28.5131,29.0209,29.7284,28.7859,29.5096,29.2154,30.619,29.5591,28.8588
48461,100.86667,12.91667,29.858,30.5358,30.2347,30.3887,29.7991,28.0995,30.9767,31.14,30.6994,30.6021,37.6756,36.7558,37.6714,37.8179,37.3712,36.7559,37.3693,39.7689,36.716,38.5778,39.0594,38.7957,38.8627,39.2092,38.5974,38.5974,39.7012,41.6218,39.1111,37.3365,29.0755,37.6858,36.1029,35.901,36.8395,37.0731,37.9669,37.2892,37.4958,37.0081,31.923,33.1086,32.4974,33.0381,33.1362,32.6364,32.9721,32.7373,32.114,32.9721,29.4624,30.4802,32.6799,31.2669,31.5789,31.1277,31.7614,31.7614,31.9783,29.7887,31.217,30.8075,30.5186,30.6726,29.0866,31.4109,28.6046,31.4688,29.8643,29.514,30.916,30.6239,30.6282,30.8662,31.6284,30.8737,30.1374
48462,102.58333,13.70000,26.5856,28.3038,28.9101,29.0701,27.0567,27.5913,29.3203,30.4057,27.2732,27.0371,37.8448,40.5857,35.8799,36.7437,37.55,37.4031,36.9946,39.5448,37.2567,35.6328,38.6617,39.6171,42.0951,41.4432,41.7077,41.0564,41.61,42.677,39.1416,43.1182,27.1012,28.7968,34.8599,33.8626,41.0291,39.4961,41.4481,28.8324,30.5244,28.8338,27.0924,29.7069,33.7874,32.522,34.2217,34.7988,33.7692,30.2644,30.3397,30.685,26.9025,30.8562,30.578,30.8223,32.7021,31.8592,33.666,28.7172,31.6953,29.1262,30.023,30.023,30.4297,29.8403,30.5324,30.5869,28.5707,28.5415,27.5867,27.2387,28.091,28.0213,28.8466,29.6609,30.1886,27.9439,26.7528
48463,100.86667,13.06667,29.7952,29.728,30.5805,30.3817,29.5789,28.1092,30.6363,27.4685,31.2333,30.5168,38.9,39.735,39.6817,39.5317,39.5317,36.2414,37.5085,42.1509,40.6111,39.8955,40.9629,39.6723,42.6844,41.9268,39.682,39.3293,42.6175,44.2924,42.1578,41.6385,28.9856,37.7405,36.4688,37.0709,37.6725,38.1519,37.0099,39.7933,37.1339,37.4156,33.2544,33.4818,32.7245,32.7538,33.1804,34.1845,33.2136,33.1009,33.5666,33.0649,nan,nan,nan,nan,nan,nan,nan,nan,nan,nan,nan,nan,nan,nan,nan,nan,nan,nan,nan,nan,nan,nan,nan,nan,nan,nan,nan
48464,99.79833,13.50000,26.0167,26.1488,27.9355,25.3006,26.0691,26.2636,25.6102,25.5685,25.8459,27.4509,31.8911,33.8654,33.8355,34.4674,35.6496,35.6132,35.322,35.6926,35.9054,34.1321,33.6722,38.8915,37.826,38.6907,38.5787,38.2986,38.5644,38.8673,33.9349,36.7715,26.4983,31.3136,32.0546,28.4991,37.9064,32.8176,38.9477,28.8835,28.5643,29.4797,25.8485,29.5824,26.7471,27.49,27.191,29.5638,28.4199,25.6039,29.204,27.173,25.949,27.117,26.5397,27.074,28.1739,27.9383,29.3534,25.0947,28.8763,25.5844,25.4279,27.5727,26.8351,27.0478,27.5728,26.705,27.9169,28.1839,25.9066,27.3081,26.1411,26.3506,26.5233,26.3841,25.4459,25.8662,25.717
48465,100.06059,12.99937,22.2949,23.9775,24.5835,23.4905,24.3676,24.5244,23.7365,24.143,23.0799,22.5161,32.8421,36.704,36.704,37.207,41.6158,37.7281,37.5472,39.5857,37.5995,38.4823,38.6852,39.9636,41.2048,42.5201,41.8797,42.4089,42.6732,42.7884,41.0985,42.587,39.0564,36.6012,38.3172,39.8907,39.6856,40.316,40.9182,40.4611,41.307,40.7264,30.5101,30.8006,34.7236,27.054,29.7039,31.384,34.4835,29.8681,28.6898,30.9893,27.2366,26.6682,26.3079,26.9804,26.8295,28.193,30.9268,26.6263,26.4419,25.3748,25.8477,24.6678,25.3148,24.425,23.8427,26.7146,25.3935,23.7737,24.7437,26.0441,25.0308,24.686,24.811,24.3103,24.8635,24.369,22.9871
48474,99.73333,12.58333,23.8293,24.4547,24.5168,25.853,24.9549,24.1836,24.2683,23.7785,24.6708,24.9619,30.9766,30.4996,33.6824,35.2135,33.8218,34.7052,36.3955,34.8835,35.8793,33.3071,34.7697,38.0433,38.2953,36.831,40.0533,37.4761,38.7051,40.1808,35.2466,39.8492,26.7519,33.3433,38.5012,27.0741,29.3818,38.2091,41.6921,29.2172,28.4647,36.0418,30.4857,28.6489,30.2432,30.1985,30.1148,28.7365,32.1905,32.1218,28.1883,31.5044,27.0605,27.702,29.6975,28.1964,28.295,27.4132,26.9563,27.5884,28.2206,24.5514,26.5926,27.1337,26.3264,25.9125,26.1328,26.4572,26.357,24.7977,24.9847,25.9999,26.2331,25.3735,24.6697,24.4508,25.244,24.0019,25.4569
48475,99.95000,12.58333,27.4745,28.7424,28.4292,28.6473,28.1075,28.1225,28.0899,28.945,28.4826,29.2016,35.2375,36.0435,35.1648,35.3046,35.1105,36.6954,36.4107,37.6174,35.9221,37.8104,37.8379,36.8965,38.0474,37.6177,37.3721,37.2026,37.1261,38.7853,37.1393,36.6439,31.8869,36.1147,32.0742,32.9938,32.0174,37.6545,36.7244,37.2938,35.6715,35.0812,32.6754,30.0094,30.7005,30.3926,32.2069,30.9236,34.988,33.4143,31.0825,35.7096,29.8431,29.8463,31.674,31.4502,31.3619,30.3435,31.9638,33.0089,31.3803,28.4062,31.004,30.6754,30.1171,29.9374,29.422,30.7978,30.0557,29.2717,28.5123,29.5366,28.7181,29.2272,28.7824,27.5906,29.3394,28.404,28.9502
48477,100.98333,12.68333,28.3506,28.7537,29.7405,29.4156,25.1255,24.2461,28.7826,29.565,29.0963,28.7781,41.4494,41.4612,41.7942,41.9628,43.0667,38.0876,40.0662,43.2203,43.1758,39.0358,44.2919,42.9224,44.4015,42.7956,47.1753,44.1323,46.4824,46.3351,44.6459,44.2224,42.0622,42.5172,41.5011,42.0622,43.7749,42.4392,43.569,43.8437,43.1043,42.3286,28.3207,33.5475,33.6091,33.2894,33.3405,32.8281,32.8232,33.3836,31.8374,33.4765,28.3373,28.4333,31.4575,29.7742,30.7802,30.6675,30.4672,30.7348,31.7905,29.5915,28.0598,31.3767,29.9351,28.7176,27.9832,30.3082,30.564,29.2651,28.6936,28.5205,29.2015,25.1289,28.5633,26.7129,25.8127,27.2164,29.7725
48478,101.35000,12.63333,30.3344,31.2374,31.5568,30.6999,26.9934,30.519,31.6968,30.961,31.5633,32.0239,40.2096,39.0385,39.2202,40.4415,40.8852,38.4766,36.755,41.7629,38.2171,38.3552,40.9659,41.5037,41.4483,40.9442,43.0751,40.544,42.5786,42.5488,40.2813,40.9636,40.1409,40.2789,40.7426,41.1708,41.7663,40.0122,41.6696,40.9988,40.8226,40.6203,32.2829,31.8817,34.0399,34.4462,34.5291,33.0875,34.9094,34.4045,34.0198,34.1614,31.2731,34.0848,32.6448,32.6809,32.2754,32.36,32.8216,32.3741,32.3202,27.6701,30.4487,33.102,32.0551,29.1693,32.7311,33.5596,32.484,30.6866,30.4917,30.8903,32.0012,31.2879,27.9518,31.3285,25.9696,31.6522,32.226
48479,101.13333,12.73333,29.2723,30.0723,29.327,30.2667,27.951,29.1127,29.1164,30.407,29.5554,30.8463,37.9662,37.4996,35.827,35.8752,40.5452,37.7225,35.3057,38.6142,37.298,33.171,35.1705,35.5805,36.679,26.6972,36.7077,34.6201,32.6069,36.9676,36.2393,36.886,33.78,34.8736,35.4646,35.1004,34.5557,28.1073,34.4039,36.1284,34.0936,36.6299,28.7659,31.983,31.6815,32.6448,31.9712,31.8215,32.4748,31.4723,32.1952,31.1852,30.1471,30.486,32.2692,29.5439,28.5808,29.9909,30.6628,31.1376,31.8193,28.4077,31.7199,31.8251,32.4068,31.9001,30.7032,33.129,31.3005,30.1472,29.7391,30.8708,31.1937,30.5652,28.7084,29.89,28.999,30.4635,30.0811
48480,102.11333,12.61667,28.8116,29.2449,27.1102,27.1393,28.8373,27.0324,27.313,27.804,28.1859,29.1266,30.5388,30.2015,27.5607,39.9599,34.8753,38.1193,33.3314,38.0516,29.7055,40.7578,32.7153,38.03,38.0664,39.3478,39.6689,38.0035,36.9314,35.5262,38.5075,39.1214,32.6855,33.7471,34.9679,35.345,37.6376,35.416,37.4209,35.1592,35.0064,34.2267,32.4894,34.7643,34.9576,34.9761,32.1244,35.5055,35.4129,35.312,35.2413,32.7922,27.7619,33.1131,32.3599,31.0797,31.3332,33.5781,32.7776,32.5513,30.0811,31.0301,31.4409,30.9054,28.7017,28.0319,30.6855,30.7804,30.8863,29.2649,28.7266,30.2791,28.6477,28.6339,27.5468,28.5695,28.2948,28.1905,28.0286
48481,102.16667,12.51667,27.6089,26.9598,24.6431,25.531,26.7986,26.3049,24.3664,25.599,26.5183,26.2795,37.8867,36.3879,33.3945,35.7935,37.944,36.392,38.1187,38.219,34.8332,36.0567,36.5955,42.2358,37.61,39.0847,41.464,40.3755,42.094,41.4252,39.5028,40.8817,40.3577,37.8816,37.9132,37.4777,38.9888,37.4147,36.7426,37.3987,36.7576,34.3771,29.0143,30.8877,30.8941,31.0618,31.2059,29.959,30.6859,31.095,30.4246,30.8027,23.1828,29.3728,29.4053,29.4094,28.7428,29.1052,29.5202,28.6026,29.4628,27.9668,27.9131,28.3129,27.735,26.5335,28.0518,27.5499,28.5269,24.957,26.3248,27.0622,27.0799,26.0873,26.5995,25.7512,25.8513,26.1176,26.5218
48500,99.83333,11.83333,26.018,25.1397,25.9504,24.0183,25.1496,25.7405,25.3297,25.7666,27.0536,26.2432,35.761,29.5118,32.62,36.7534,35.4647,32.1747,35.7595,32.9462,36.1951,34.199,37.1549,36.8528,42.5926,40.598,35.219,41.5769,36.7899,31.2116,41.644,35.5909,32.0515,26.9073,35.8915,30.524,34.9558,30.4839,34.2958,32.3576,29.5324,36.6254,27.8672,29.7808,31.249,34.4829,29.339,30.4465,30.3008,32.7326,27.869,29.9229,28.3032,27.4491,28.5635,28.0924,28.4727,28.5837,31.5804,30.8497,28.977,25.953,27.1112,27.912,26.747,26.5064,28.176,27.904,27.0209,27.3743,26.0142,25.0504,26.4627,26.0002,25.1266,25.2969,26.8872,25.1164,26.0818
48501,102.88333,11.76667,23.8491,24.3693,23.9873,25.8342,24.9801,25.8302,25.3638,25.7411,24.8013,25.7393,33.6436,34.3269,27.4139,36.0737,33.4351,34.3311,34.8022,33.1153,27.3957,36.3625,29.3693,39.6623,32.4274,39.4381,38.972,41.7746,33.6041,30.763,29.8138,34.2808,27.4981,35.4669,25.3686,34.9,37.1953,36.4285,38.7932,35.5623,32.4359,32.6698,27.387,30.4956,31.29,30.5695,29.6493,30.2806,30.3263,29.0599,27.3069,29.2002,26.3125,26.6927,27.6611,26.9165,26.3928,27.1776,23.9724,27.8703,26.2587,18.0435,24.3223,24.8509,26.3552,25.1426,24.3602,24.0069,23.9182,23.7487,24.1968,25.053,23.3994,24.4283,25.4297,24.7542,24.0269,25.6614,23.9265
48517,99.18333,10.48333,24.8238,26.2246,26.4006,25.5423,24.9548,26.1959,24.6994,25.9541,26.8392,26.6342,25.8859,35.2086,31.8037,36.3605,34.0686,31.5403,34.1786,33.4442,32.1046,26.3389,35.8903,37.6378,40.5315,39.8848,30.468,36.0471,37.6776,36.1684,31.4926,32.6644,34.5945,34.1932,29.8814,34.3746,24.476,30.62,36.8225,28.2133,22.3752,30.3297,30.183,29.1219,28.9285,33.0221,32.4549,29.2785,32.4051,32.9083,30.0897,32.1417,30.7928,31.1593,31.0954,30.0981,30.1126,30.1602,29.5608,29.7604,28.9325,27.7753,28.6034,28.3193,26.7466,27.7346,28.27,27.355,27.9528,28.0381,26.3452,26.3789,25.6806,26.1939,26.5677,27.0292,25.3898,27.1422,26.2178
48520,99.10000,10.33333,24.5013,23.5094,24.3265,24.1773,23.6638,24.7943,24.8908,24.0094,23.0115,24.7728,28.0464,36.1321,34.0508,35.0732,33.8396,33.8441,31.335,32.8823,31.9587,33.846,34.3339,33.4149,41.5248,36.2385,33.3437,23.9654,37.075,29.2794,36.8203,30.177,37.6746,38.5486,27.3816,36.0951,49.6355,35.29,38.6185,36.3022,23.2709,31.8511,31.9087,33.0762,32.2897,30.8527,33.9862,30.3374,29.9606,33.5925,30.8608,32.9574,29.7505,30.7466,30.7579,27.9498,29.9455,30.5574,24.6704,29.1249,26.8977,26.5246,28.4424,27.1779,26.5627,27.6784,28.1986,27.6675,27.6675,27.3649,25.8925,25.1413,25.4189,25.8075,26.1155,24.9635,24.8083,24.7841,25.5328
48532,98.61667,9.98333,26.4296,28.3214,27.6034,28.0762,28.0603,28.0921,27.913,28.0977,28.0402,28.0291,31.3007,33.1125,33.5227,27.7733,33.4949,33.3829,29.3319,31.3276,32.4241,30.403,33.1227,33.1389,33.6033,30.9907,32.1797,27.0365,32.3284,28.8299,32.5447,32.0185,35.6552,31.9744,31.8536,33.974,33.0107,31.8475,32.7944,32.6641,31.2186,35.1335,35.4698,33.1507,35.9983,36.655,35.5769,36.2009,34.0188,34.2893,26.8276,34.4132,31.7661,30.1124,31.0909,31.5056,32.0271,31.1742,30.1053,30.147,31.9523,29.3928,30.0603,30.1023,28.9324,29.2701,29.2791,27.9095,30.0456,29.9625,28.8033,27.2717,28.1514,28.7063,28.0702,27.8325,28.381,28.4864,28.4224
48550,100.05000,9.46667,28.6556,28.0921,28.1385,27.6985,28.4708,28.4329,28.1549,27.5176,27.5432,27.213,32.6393,32.7336,33.9877,34.0931,33.596,33.8211,32.3184,34.3642,33.2419,33.245,37.4848,36.8388,36.4699,36.7311,36.5972,37.059,36.4075,39.5292,39.9809,36.2605,42.2444,38.4342,39.612,34.6542,38.0124,31.5985,35.7599,35.6899,37.6382,34.4256,34.1385,34.1677,32.5237,33.9365,33.4747,26.4127,29.9879,35.1795,26.3389,29.3867,30.3727,30.2385,29.7947,27.4295,29.5514,28.8692,29.9875,28.0122,30.613,27.7894,31.0274,29.3354,25.8581,28.2487,27.8683,30.3281,28.4139,29.2611,27.7878,27.4856,29.4022,27.0284,27.8525,27.472,28.2651,28.3881,27.3346
48551,99.15194,9.13556,24.0916,22.8321,21.8447,23.827,22.5176,23.9145,22.1817,22.5452,22.4507,22.6304,36.2056,36.136,35.4008,33.5932,35.4621,36.0488,32.3453,35.9681,34.2486,33.4885,33.5328,36.7491,28.7158,35.3588,38.3807,38.1349,38.6507,37.131,36.5974,33.8492,31.3807,37.0048,32.3649,33.6766,30.9313,32.9591,29.7973,23.7541,24.9355,31.6967,31.8412,25.296,34.4993,36.9518,31.8028,27.8142,30.048,29.7989,28.563,34.1729,27.6169,28.1464,28.5942,26.6055,25.8443,27.5625,28.112,27.4011,24.3663,24.5114,25.1443,24.8865,24.5417,25.7216,24.4647,25.1975,25.4829,25.9791,22.2892,22.232,23.9265,23.031,24.3921,23.3753,22.2075,23.4276,23.2781
48552,99.96667,8.46667,25.836,24.3532,24.6164,23.9099,24.8848,24.4967,24.0364,25.2818,24.9477,24.1351,30.1655,34.3623,33.7974,31.5537,36.1338,34.5504,35.1971,33.2322,36.5944,32.0091,37.5032,37.5759,36.4078,38.227,35.8223,34.1087,35.2137,31.3539,38.5399,35.4513,34.3348,30.687,41.5294,30.4461,32.5919,29.7618,41.2145,30.4133,28.1455,33.6064,30.7946,27.2004,19.6025,29.1777,26.526,25.9811,31.5722,32.6508,26.9889,29.8589,27.3969,26.4662,26.868,27.6826,26.4598,25.9364,27.0387,27.6405,26.642,25.8833,25.2783,25.7424,26.1142,26.9636,25.802,26.2179,26.5454,25.3318,25.4295,24.6807,24.8489,25.5075,24.4344,24.3295,25.6369,25.8096,25.9782
48554,100.08333,8.33333,25.5477,24.4891,24.4565,26.6257,26.385,26.6182,25.3572,25.5512,25.8338,25.6379,33.6606,36.9401,36.2909,37.5404,36.4385,36.4632,35.7212,35.9391,41.1786,36.2282,38.4233,40.3053,40.366,38.471,39.8335,24.8997,39.2662,34.6893,30.4228,38.3639,38.3601,39.3142,30.1384,36.3252,32.6129,35.2319,35.2302,35.5716,33.2262,24.1869,30.2912,28.347,27.4553,26.8274,25.0734,24.1975,31.1401,31.0384,29.4408,28.2741,29.4507,27.0028,27.147,26.2056,27.8424,25.6852,30.1519,28.4355,27.7773,27.1283,25.8145,27.8193,26.8353,27.3192,26.7568,27.993,27.5352,27.9243,25.7363,25.366,27.0115,26.5556,26.4625,26.1538,26.6542,25.621,25.7744
48555,99.63333,9.13333,24.6158,22.8,22.3222,24.5879,23.2535,23.7739,23.1821,24.4225,24.1953,24.2445,32.9308,36.7733,36.3241,36.9568,34.2311,35.4548,36.2168,33.7378,35.2244,34.9824,38.6739,39.2127,40.8189,38.5955,40.1087,40.4928,40.1224,38.6267,40.5505,37.153,36.0036,32.2775,30.5487,28.948,27.3482,20.5074,35.2792,28.6232,30.5524,34.2005,32.8792,34.0824,29.4901,29.1096,29.5007,26.4101,31.0466,29.7881,28.7022,31.4672,28.7705,29.345,29.3735,27.3585,27.051,28.7296,28.1848,28.6717,27.7287,25.3742,26.5027,27.2308,25.8871,25.7085,26.4394,27.0709,26.6803,26.2454,23.8031,26.2451,26.2451,24.6952,24.5155,24.6347,24.9622,24.3608,25.0534
48556,99.25500,8.56583,21.9102,21.7747,22.6349,24.8303,21.4645,24.0499,22.9721,24.4959,23.9124,23.0213,28.2234,29.3224,34.7366,33.582,31.9599,30.3896,32.219,30.5051,30.7551,32.5767,29.4474,38.7603,40.2996,37.0826,38.6596,33.3311,33.4307,23.2879,29.1455,37.9841,34.4365,28.0692,32.0759,26.2367,22.6372,30.7026,30.8029,17.6325,38.908,27.2305,29.4778,34.1585,32.5503,31.1148,26.6203,26.4913,26.661,25.9851,29.1162,28.7083,25.2915,26.0878,27.8769,25.6829,26.8667,26.4231,27.8884,27.1368,24.938,23.86,25.166,25.5257,23.7673,26.0315,25.4916,24.9858,24.5092,24.7076,21.6255,24.3177,25.6867,22.1237,25.1119,24.5408,23.2872,23.5383,23.0027
48557,99.51194,8.43193,22.4577,20.4725,21.2196,23.6477,21.4338,23.8903,21.8771,24.8987,24.1813,24.2261,28.168,32.1372,35.8075,34.4613,34.8667,32.3001,33.309,35.1841,37.3715,40.6767,34.8035,40.4322,40.6479,41.2299,38.6528,33.1025,37.8998,24.5883,30.0001,34.543,37.5713,38.8386,37.3598,24.5695,26.4659,34.7692,29.7874,29.7764,25.7248,31.2331,29.9298,31.8723,31.2174,29.7195,27.85,27.9635,33.2879,27.5598,30.9081,29.4362,25.9822,27.3213,28.6003,25.4768,27.6868,27.117,29.7332,26.4741,26.2657,25.3787,24.4982,25.0432,24.1252,26.2625,25.7068,26.2025,26.1627,23.931,22.2588,22.7857,25.2721,22.4232,25.3844,23.8726,26.1957,25.0287,23.7728
48560,100.16667,7.58333,25.4982,24.0502,26.4466,25.487,26.0852,26.4381,24.7357,24.988,25.5135,24.9787,31.4964,36.9324,33.3776,32.328,33.521,31.8642,29.8272,32.4071,35.1432,29.7281,37.4445,39.1325,34.66,35.8728,37.7319,36.7963,35.4285,36.7186,39.9621,37.3177,35.9469,33.3077,30.8026,37.3523,30.1066,31.3611,33.6615,33.3825,31.3541,34.3182,28.4858,32.8991,30.8633,33.9228,26.9455,28.3182,32.7056,28.9002,28.391,27.8047,30.1451,29.4577,29.4026,31.467,29.3391,26.9165,28.9917,28.1638,28.3903,25.6565,27.9137,26.5568,28.8704,26.8952,25.4997,28.1157,27.5771,27.2843,24.1434,27.0006,25.8791,27.6895,26.3796,26.1902,25.137,26.5147,25.9865
48561,98.26667,8.85000,26.5577,26.485,27.7421,27.5487,26.9855,23.9009,25.098,26.7744,28.332,27.7257,25.2457,36.7537,37.9084,37.8828,37.3902,35.2903,32.2328,27.66,36.8883,37.0045,40.5595,38.6332,39.2968,40.8266,39.509,33.1603,32.6374,26.403,40.9431,39.2347,41.669,30.5435,37.912,38.561,36.7908,37.844,34.1054,29.7277,38.4196,34.3263,32.9203,32.4456,32.4988,31.0485,30.67,30.7995,30.4365,30.6387,31.6685,32.2262,30.1044,28.5192,25.1834,28.2343,29.6357,28.6847,29.5046,26.8382,28.0288,28.6287,26.4117,28.7457,27.939,27.5538,24.8511,28.6182,28.0793,27.8778,25.956,27.6936,26.4784,27.0512,25.992,25.0691,26.9593,26.3391,27.4201
48563,98.97528,8.10361,23.0192,23.7463,23.4693,23.529,23.8972,24.0171,24.0809,25.5634,25.3489,24.8977,33.1558,35.6562,36.8516,36.3479,35.4396,30.0946,34.5544,31.9385,35.7564,34.5789,38.6168,39.5704,34.4259,37.8029,24.2147,32.3142,30.1325,33.1554,35.7898,34.687,36.2925,36.99,32.3305,39.649,30.2496,30.4896,29.3506,31.5795,31.6289,36.9738,28.007,29.2497,29.9696,30.4458,29.6286,25.2194,27.5944,28.0991,29.1735,29.8915,27.5862,27.3281,28.3206,27.5433,27.7705,27.1179,27.1275,26.1475,25.5421,26.0198,25.2837,24.0915,25.2034,25.568,25.5303,27.1337,24.2957,25.3359,24.8238,23.2915,23.2988,25.2769,23.7588,23.7506,24.7567,25.8218,24.9805
48564,98.40000,7.88333,27.7162,29.148,27.3011,27.3105,28.9689,28.515,29.6826,28.9237,27.481,28.858,38.7755,37.7885,40.3727,39.281,34.0777,28.8896,33.6623,41.0985,38.6522,35.5218,40.2894,43.5019,25.7911,43.2909,42.8771,40.5453,25.1756,38.9203,37.5921,35.289,42.1455,40.1203,38.401,39.8496,40.6273,44.0548,35.9927,30.8644,30.5609,31.3747,35.255,35.6671,34.3309,34.6277,35.1273,34.9579,29.8858,34.0987,33.6981,34.873,31.9564,34.0624,31.8377,32.4328,32.5388,31.2814,32.9021,32.2014,32.2819,30.9864,32.0876,29.4674,31.5356,30.0388,30.5803,30.8701,30.9926,28.927,29.7938,29.3714,30.5137,29.2615,29.4204,29.791,28.0429,26.6359,27.9783
48565,98.31667,8.11667,27.1083,27.7759,29.8585,27.983,28.8115,30.0695,28.1977,25.0226,25.1203,26.2766,32.3462,34.0728,39.63,37.3141,35.2202,30.7369,34.2303,35.9525,34.0662,38.1149,38.363,37.4831,38.8651,39.1744,33.1082,32.7729,37.5007,36.154,38.6889,37.1944,41.9804,39.1639,36.8678,39.2823,37.0113,39.2823,35.6938,34.317,26.9932,40.0261,33.7796,34.2169,34.1404,34.0426,34.4887,32.3827,31.203,31.8498,29.7073,33.4675,32.3361,31.444,31.4595,31.1708,30.2837,31.4189,30.3308,31.5701,31.9212,27.883,31.0393,29.8155,30.4518,29.6365,27.8474,30.0998,30.3466,30.743,28.8253,29.9307,30.5795,28.7142,29.589,29.1646,29.0644,27.8876,29.3024
48566,99.05000,7.53333,28.6105,28.4924,30.0942,27.7035,28.6831,27.9574,19.2992,25.4852,26.588,26.2595,36.8008,37.4494,38.1493,37.5717,35.3774,34.724,28.9785,36.4723,36.3927,36.5551,39.3186,39.4693,39.0511,40.3131,32.183,30.094,30.9231,37.3924,34.8227,35.7025,34.3738,35.1321,33.9068,36.2921,29.3555,27.1706,29.8551,35.8878,32.4919,33.6424,31.722,30.6225,31.2642,32.246,27.8351,30.6358,31.5832,30.0733,28.0513,30.287,29.0894,29.464,28.6531,29.2107,29.3415,29.4105,28.2051,28.2773,30.3163,27.3211,22.9647,29.5333,30.4802,25.3498,29.3266,28.7769,29.0786,20.16,28.2367,26.1559,25.9546,29.0197,28.8487,28.7011,20.8643,28.227,19.6187
48567,99.61667,7.51667,24.2457,24.4149,23.5092,25.8291,23.7522,24.5222,24.1547,27.0536,24.2398,25.0735,30.7524,35.3649,27.3738,26.4919,34.3906,30.7207,23.2177,24.6707,30.5145,29.1349,36.7276,37.4936,29.8863,28.4496,28.0199,24.0062,35.609,45.9359,28.8753,34.2121,33.3224,33.6824,33.3858,34.0432,27.0737,18.072,29.4687,33.5341,27.2814,34.05,34.8981,34.2712,34.8669,34.023,32.7118,30.1306,34.2073,27.9024,31.9843,34.311,29.4875,29.7164,31.5683,30.8632,29.5724,28.7832,31.3287,28.2664,28.6741,24.9405,25.7804,29.0884,28.2438,27.7336,27.056,28.5807,28.68,27.6703,25.4659,25.3651,25.3936,24.7972,25.061,26.2087,26.697,25.2391,26.9211
48568,100.60472,7.20389,31.615,28.531,27.8816,28.7852,29.0121,28.5568,26.136,28.516,28.1874,29.1165,31.9328,38.3126,35.5946,33.2449,36.5056,39.6264,27.1606,37.4247,36.9225,36.2442,34.7539,37.4848,37.3192,36.6786,27.7169,34.7539,37.1876,36.7002,36.8343,38.5001,33.1508,33.4989,35.3534,35.0109,34.4168,31.9074,33.1202,32.1817,26.5535,38.0205,32.7704,34.6331,35.133,32.8333,31.3892,27.6326,35.8687,30.8963,30.7378,28.831,31.3534,30.7562,28.6712,30.8069,29.8947,26.9609,27.5817,28.9752,26.7059,28.6366,28.1766,27.9536,31.6743,27.8155,28.0157,28.1521,27.5391,26.3414,27.9552,27.7451,28.1826,29.4443,26.9728,25.9806,26.309,26.0292,25.8354
48569,100.43333,6.91667,23.4337,24.4077,24.1421,24.8451,22.6648,24.6718,24.0845,24.398,24.3607,24.8248,36.1135,30.7598,34.7056,32.4964,33.6202,34.2478,33.3492,33.3358,33.4502,35.3566,34.7124,35.5315,37.1424,31.102,28.2878,25.2997,36.0565,32.5466,24.4062,37.1679,37.6502,31.5911,33.2628,25.7195,24.7837,26.5159,36.3953,32.2319,38.2964,33.0572,32.513,32.2724,31.804,34.0584,27.7581,24.7108,26.4348,27.9796,26.9801,28.8852,26.1549,28.5159,27.9982,28.8427,25.7093,26.6098,27.567,27.6466,26.0237,24.488,26.1397,24.463,28.0088,24.6919,22.9202,25.2509,24.0282,25.3284,23.3896,25.2939,26.0093,22.9455,23.5641,23.0446,25.0328,24.2918,24.9617
48570,100.08333,6.65000,27.4411,27.0361,27.8272,25.7341,27.8396,26.4037,27.6083,27.5369,27.7202,29.0639,33.8841,34.9187,36.0756,26.0348,29.4523,30.0245,31.1938,33.6019,34.976,27.9651,33.2365,35.3354,35.1059,33.2613,28.0161,30.8319,32.8877,36.2894,30.9114,32.8257,31.2952,34.3011,33.7014,24.5709,29.2895,28.6678,33.0633,33.8757,32.3848,30.5391,34.9304,37.2493,37.0198,34.857,34.8635,34.6523,36.1757,36.1482,35.154,36.1316,32.2839,31.3759,33.0759,31.5684,31.2745,31.1101,31.1097,31.8373,31.421,28.7304,28.719,30.3533,29.1931,28.8232,30.2603,29.5112,28.9608,29.395,27.3068,26.6391,27.5638,27.6354,28.2214,28.1663,27.1838,28.8643,27.8012
48571,100.50000,7.01667,26.0113,26.0558,26.5327,27.0471,26.847,27.1357,26.9623,26.9828,27.057,27.459,34.1265,35.6045,36.4907,31.0938,35.1686,34.3253,31.2064,36.1436,36.2759,33.0764,34.02,38.3616,38.2553,37.0978,25.0455,30.9768,35.7923,39.1822,25.7354,37.0025,41.3591,37.6103,44.5859,30.412,26.9194,28.3553,35.6872,34.7766,38.1598,32.5125,29.7094,33.5091,37.0581,32.8732,28.9495,29.1918,33.6314,28.9395,28.3735,29.6917,29.1017,29.9204,29.2916,31.7239,28.2549,29.3757,30.8806,29.6084,28.2344,29.2315,28.4413,27.8687,30.5908,27.8945,27.3673,28.7038,27.7802,28.4167,25.9512,26.6842,27.4314,27.5369,28.0244,25.2414,27.4126,27.4867,27.6854
48574,100.39055,6.79360,23.0027,24.0358,23.8136,24.327,22.2894,24.2711,23.6999,23.9816,23.8992,24.4159,37.067,31.7624,35.4319,33.42,34.6814,35.2267,34.3874,34.2069,34.4376,35.8119,36.7344,37.164,38.6347,33.3625,30.7199,27.7382,37.9404,34.2501,26.8422,38.581,39.7196,32.7454,34.6278,26.0688,25.1242,26.9544,38.2512,33.459,40.499,34.386,33.6069,33.3336,32.8071,35.3717,28.2085,24.9596,26.6846,28.4654,27.4309,29.4441,26.5217,28.6755,28.2424,28.9266,26.1165,26.9524,27.8027,27.8928,26.427,25.121,26.5742,25.0524,28.1651,25.2282,23.6855,25.7701,24.714,25.83,23.8396,25.6209,26.227,23.4546,24.0225,23.5667,25.4122,24.6934,25.3383
48580,101.15000,6.78333,24.8747,24.7935,24.0518,25.1807,25.8564,24.7064,24.2818,23.8118,24.3092,23.6412,31.3922,33.2523,35.571,35.4621,36.5242,36.0159,36.9373,36.5452,38.5443,35.7178,38.507,37.9863,39.2868,37.3671,31.7889,35.7837,37.4734,34.3308,40.6203,38.8336,39.2648,39.0208,38.3257,34.7703,40.8933,28.5534,29.1254,35.3389,36.5434,41.1508,35.0286,31.8296,30.8039,28.5635,29.7427,24.6199,33.7728,30.7586,29.5767,36.5694,29.5082,30.0686,29.8882,28.7224,29.0957,28.1921,28.1452,27.6474,28.9251,nan,nan,nan,nan,nan,nan,nan,nan,nan,nan,nan,nan,nan,nan,nan,nan,nan,nan
48581,101.28333,6.51667,24.3468,23.2861,23.3578,24.0097,24.922,23.8318,22.409,23.7454,23.7031,23.5339,32.7379,32.6712,34.9485,32.3745,35.4187,36.6881,33.4025,34.3465,35.9434,33.8819,37.887,37.1372,38.5735,39.5486,37.9101,33.6018,41.371,39.2182,42.0683,39.8108,40.5914,38.1438,28.9747,31.3075,32.9548,33.8916,32.9516,34.327,26.6212,34.0322,29.1718,29.2361,31.4158,29.7764,33.3362,25.4352,27.5648,25.0894,25.236,29.5596,28.0791,27.8482,28.2438,26.5588,26.3891,22.9578,27.339,24.3243,27.3925,nan,nan,nan,nan,nan,nan,nan,nan,nan,nan,nan,nan,nan,nan,nan,nan,nan,nan
48583,101.81667,6.41667,25.2731,25.3999,24.0368,25.1655,26.5394,23.8568,24.7434,24.9141,24.733,24.7851,33.9211,33.4529,31.5647,34.9233,33.6663,32.8223,31.0922,34.2522,30.3109,32.5224,35.97,37.3279,36.3986,35.0707,36.8372,33.3981,36.8156,35.4139,35.7977,37.7043,29.9296,33.6409,32.3027,35.0287,28.005,35.6526,31.1662,25.6268,29.805,31.9397,26.6437,29.3402,28.9011,27.2428,28.3262,29.4729,28.2538,26.2136,30.0785,30.3108,26.2845,29.7149,26.606,29.0941,27.8795,28.5319,27.864,26.1179,26.0186,nan,nan,nan,nan,nan,nan,nan,nan,nan,nan,nan,nan,nan,nan,nan,nan,nan,nan
