﻿WmoStationNumber,StationNameThai,StationNameEnglish,Province,Latitude,Longitude,ObservationDateTime,heatindex
48300,แม่ฮ่องสอน,MAE HONG SON,แม่ฮ่องสอน,19.29897,97.97578,5/25/2024 22:00,30.5273
48302,ดอยอ่างขาง,DOI ANG KANG,เชียงใหม่,19.93139,99.04833,5/25/2024 22:00,16.5393
48303,เชียงราย,CHIANG RAI,เชียงราย,19.96139,99.88139,5/25/2024 22:00,29.9898
48304,เชียงราย สกษ.,CHAING RAI AGROMET.,เชียงราย,19.87083,99.78278,5/25/2024 22:00,28.4265
48307,ทุ่งช้าง,THUNG CHANG,น่าน,19.41194,100.88353,5/25/2024 22:00,28.2636
48310,พะเยา,PHAYAO,พะเยา,19.13333,99.9,5/25/2024 22:00,30.5273
48315,ท่าวังผา,THA WANGPHA,น่าน,19.11056,100.8025,5/25/2024 22:00,30.9473
48324,เถิน,THOEN,ลำปาง,17.63661,99.24475,5/25/2024 22:00,29.8571
48325,แม่สะเรียง,MAE SARIANG,แม่ฮ่องสอน,18.16667,97.93333,5/25/2024 22:00,28.9661
48327,เชียงใหม่,CHIANG MAI,เชียงใหม่,18.79,98.97694,5/25/2024 22:00,29.5615
48328,ลำปาง,LAMPANG,ลำปาง,18.28333,99.51667,5/25/2024 22:00,31.6058
48329,ลำพูน,LAMPHUN,ลำพูน,18.56722,99.03389,5/25/2024 22:00,29.9633
48330,แพร่,PHRAE,แพร่,18.16667,100.16667,5/25/2024 22:00,34.199
48331,น่าน,NAN,น่าน,18.77972,100.77778,5/25/2024 22:00,34.0662
48333,น่าน สกษ.,NAN AGROMET.,น่าน,18.86667,100.75,5/25/2024 22:00,31.2624
48334,ลำปาง สกษ.,LAMPANG AGROMET.,ลำปาง,18.31667,99.28333,5/25/2024 22:00,28.1131
48350,เลย สกษ.,LOEI AGROMET.,เลย,17.4,101.73333,5/25/2024 22:00,29.3472
48351,อุตรดิตถ์,UTTARADIT,อุตรดิตถ์,17.61667,100.1,5/25/2024 22:00,37.0007
48352,หนองคาย,NONG KHAI,หนองคาย,17.86717,102.73303,5/25/2024 22:00,32.9537
48353,เลย,LOEI,เลย,17.45,101.73333,5/25/2024 22:00,32.0628
48354,อุดรธานี,UDON THANI,อุดรธานี,17.38333,102.8,5/25/2024 22:00,33.0623
48355,สกลนคร สกษ.,SAKON NAKHON AGROMET.,สกลนคร,17.12503,104.061,5/25/2024 22:00,29.7825
48356,สกลนคร,SAKON NAKHON,สกลนคร,17.15,104.13333,5/25/2024 22:00,30.5426
48357,นครพนม,NAKHON PHANOM,นครพนม,17.41083,104.7825,5/25/2024 22:00,33.9244
48358,นครพนม สกษ.,NAKHON PHANOM AGROMET.,นครพนม,17.44306,104.77361,5/25/2024 22:00,30.015
48360,หนองบัวลำภู,NONG BUA LAM PHU,หนองบัวลำภู,17.2325,102.42944,5/25/2024 22:00,30.831
48363,บึงกาฬ,Bueng Kan,บึงกาฬ,18.41361,103.51672,5/25/2024 22:00,33.4322
48372,สุโขทัย,SUKHOTHAI*,สุโขทัย,17.10611,99.8,5/25/2024 22:00,34.3229
48373,ศรีสำโรง สกษ.,SI SAMRONG AGROMET.,สุโขทัย,17.16136,99.86167,5/25/2024 22:00,37.5809
48374,หล่มสัก,LOM SAK,เพชรบูรณ์,16.77361,101.24944,5/25/2024 22:00,32.6527
48375,แม่สอด,MAE SOT,ตาก,16.65917,98.55083,5/25/2024 22:00,31.9253
48376,ตาก,TAK,ตาก,16.87833,99.14333,5/25/2024 22:00,35.041
48377,เขื่อนภูมิพล,BHUMIBOL DAM,ตาก,17.24389,99.0025,5/25/2024 22:00,29.1056
48378,พิษณุโลก,PHITSANULOK,พิษณุโลก,16.79481,100.2793,5/25/2024 22:00,36.738
48379,เพชรบูรณ์,PHETCHABUN,เพชรบูรณ์,16.43333,101.15,5/25/2024 22:00,34.4675
48380,กำแพงเพชร,KAMPHAENG PHET,กำแพงเพชร,16.48681,99.52697,5/25/2024 22:00,36.5038
48381,ขอนแก่น,KHON KAEN,ขอนแก่น,16.46111,102.78972,5/25/2024 22:00,32.9658
48382,มหาสารคาม,MAHASARAKHAM,มหาสารคาม,16.24722,103.06805,5/25/2024 22:00,37.8458
48383,มุกดาหาร,MUKDAHAN,มุกดาหาร,16.54139,104.72889,5/25/2024 22:00,28.9879
48384,ท่าพระ สกษ.,THA PHRA AGROMET.,ขอนแก่น,16.33333,102.81667,5/25/2024 22:00,35.3722
48385,อุ้มผาง,UMPHANG,ตาก,16.02472,98.86444,5/25/2024 22:00,24.465
48386,พิจิตร สกษ.,PICHIT AGROMET.,พิจิตร,16.43806,100.2925,5/25/2024 22:00,38.1733
48387,ดอยมูเซอร์ สกษ.,DOI MU SOE AGROMET.,ตาก,16.75,98.93333,5/25/2024 22:00,22.1646
48390,กาฬสินธุ์,KALASIN,กาฬสินธุ์,16.3325,103.58833,5/25/2024 22:00,36.1035
48391,อำนาจเจริญ,Amnat Charoen,อำนาจเจริญ,15.90375,104.61805,5/25/2024 22:00,28.9879
48400,นครสวรรค์,NAKHON SAWAN,นครสวรรค์,15.67183,100.13236,5/25/2024 22:00,33.3848
48401,ตากฟ้า สกษ.,TAKFA AGROMET.,นครสวรรค์,15.34944,100.53028,5/25/2024 22:00,31.3124
48402,ชัยนาท สกษ.,CHAINAT AGROMET.,ชัยนาท,15.15,100.18333,5/25/2024 22:00,32.2019
48403,ชัยภูมิ,CHAIYAPHUM,ชัยภูมิ,15.8,102.03333,5/25/2024 22:00,29.5623
48404,ร้อยเอ็ด สกษ.,ROI ET AGROMET.,ร้อยเอ็ด,16.07322,103.60844,5/25/2024 22:00,35.7857
48405,ร้อยเอ็ด,ROI ET,ร้อยเอ็ด,16.02,103.74389,5/25/2024 22:00,35.471
48406,ยโสธร,Yasothon,ยโสธร,15.79494,104.21436,5/25/2024 22:00,31.6104
48407,อุบลราชธานี (ศูนย์ฯ),UBON RATCHATHANI,อุบลราชธานี,15.25,104.86667,5/25/2024 22:00,33.9244
48408,อุบลราชธานี สกษ.,UBON RATCHATHANI AGROMET.,อุบลราชธานี,15.23914,105.0235,5/25/2024 22:00,33.705
48409,ศรีสะเกษ,SI SAKET AGROMET.,ศรีสะเกษ,15,104.05,5/25/2024 22:00,37.5162
48410,อุทัยธานี,UTHAITHANI,อุทัยธานี,15.37417,100.03889,5/25/2024 22:00,32.8415
48413,วิเชียรบุรี,WICHIAN BURI,เพชรบูรณ์,15.657,101.108,5/25/2024 22:00,32.3211
48415,พระนครศรีอยุธยา,AYUTTHAYA,พระนครศรีอยุธยา,14.53472,100.725,5/25/2024 22:00,30.5426
48416,ท่าตูม,THA TUM,สุรินทร์,15.31667,103.68333,5/25/2024 22:00,32.0632
48417,นครนายก,NAKORNNAYOK,นครนายก,14.36222,101.39278,5/25/2024 22:00,16.2257
48418,บัวชุม,BUA CHUM,ลพบุรี,15.26667,101.18736,5/25/2024 22:00,31.9253
48419,ปทุมธานี สกษ.,PATHUMTHANI,ปทุมธานี,14.1,100.61667,5/25/2024 22:00,36.251
48420,สมุทรปราการ สกษ.,Samut Prakarn,สมุทรปราการ,13.51667,100.76167,5/25/2024 22:00,37.9245
48421,ทองผาภูมิ,THONG PHAPHUM,กาญจนบุรี,14.74222,98.63639,5/25/2024 22:00,30.9473
48425,สุพรรณบุรี,SUPHAN BURI,สุพรรณบุรี,14.47444,100.13889,5/25/2024 22:00,32.3586
48426,ลพบุรี,LOP BURI,ลพบุรี,14.79972,100.645,5/25/2024 22:00,29.7825
48427,อู่ทอง สกษ.,U THONG AGROMET.,สุพรรณบุรี,14.30361,99.86472,5/25/2024 22:00,31.164
48429,สนามบินสุวรรณภูมิ,SUVARNABHUMI AIRPORT,สมุทรปราการ,13.68639,100.7675,5/25/2024 22:00,36.4243
48430,ปราจีนบุรี,PRACHIN BURI,ปราจีนบุรี,14.05842,101.3693,5/25/2024 22:00,34.8507
48431,นครราชสีมา,NAKHON RATCHASIMA,นครราชสีมา,14.9683,102.08603,5/25/2024 22:00,33.2822
48432,สุรินทร์,SURIN,สุรินทร์,14.88333,103.5,5/25/2024 22:00,34.9636
48433,สุรินทร์ สกษ.,SURIN AGROMET.,สุรินทร์,14.88333,103.45,5/25/2024 22:00,33.0879
48434,โชคชัย,CHOK CHAI,นครราชสีมา,14.71889,102.16861,5/25/2024 22:00,33.8973
48435,ปากช่อง สกษ.,PAKCHONG AGROMET.,นครราชสีมา,14.64389,101.33194,5/25/2024 22:00,30.0271
48436,นางรอง,NANG RONG,บุรีรัมย์,14.58333,102.8,5/25/2024 22:00,33.9506
48437,บุรีรัมย์,BURIRUM,บุรีรัมย์,15.22575,103.24808,5/25/2024 22:00,31.7953
48438,สมุทรสงคราม,SAMUTSONGKRAM,สมุทรสงคราม,13.40778,100.03222,5/25/2024 22:00,33.6504
48439,กบินทร์บุรี,KABIN BURI,ปราจีนบุรี,13.98333,101.70722,5/25/2024 22:00,29.5615
48440,สระแก้ว,SA KAEW,สระแก้ว,13.78889,102.03472,5/25/2024 22:00,30.75
48450,กาญจนบุรี,KANCHANA BURI,กาญจนบุรี,14.0225,99.53583,5/25/2024 22:00,31.385
48451,นครปฐม,NAKHONPATHOM,นครปฐม,14.01167,99.97,5/25/2024 22:00,31.1624
48453,กรุงเทพฯ บางนา สกษ.,BANG NA AGROMET.,กรุงเทพมหานคร,13.66639,100.60611,5/25/2024 22:00,37.0865
48455,กรุงเทพมหานคร,BANGKOK METROPOLIS,กรุงเทพมหานคร,13.72639,100.56,5/25/2024 22:00,37.8458
48456,สนามบินดอนเมือง,DON MUANG AIRPORT,กรุงเทพมหานคร,13.91917,100.605,5/25/2024 22:00,35.7572
48458,ฉะเชิงเทรา,CHACHOENGSAO,ฉะเชิงเทรา,13.51556,101.45833,5/25/2024 22:00,29.6068
48459,ชลบุรี,CHON BURI,ชลบุรี,13.36667,100.98333,5/25/2024 22:00,36.1035
48460,เกาะสีชัง,KO SICHANG,ชลบุรี,13.16167,100.80194,5/25/2024 22:00,34.345
48461,พัทยา,PHATTHAYA,ชลบุรี,12.92,100.86944,5/25/2024 22:00,29.2246
48462,อรัญประเทศ,ARANYA PRATHET,สระแก้ว,13.7,102.58333,5/25/2024 22:00,33.5715
48464,ราชบุรี,RATCHA BURI,ราชบุรี,13.48931,99.79239,5/25/2024 22:00,29.7825
48465,เพชรบุรี,PHETCHA BURI,เพชรบุรี,12.99944,100.06056,5/25/2024 22:00,32.2019
48474,หนองพลับ สกษ.,NONG PHLUB AGROMET.,ประจวบคีรีขันธ์,12.58333,99.73333,5/25/2024 22:00,25.4424
48475,หัวหิน,HUA HIN,ประจวบคีรีขันธ์,12.58611,99.9625,5/25/2024 22:00,28.6031
48477,สัตหีบ,SATTAHIP,ชลบุรี,12.68333,100.98333,5/25/2024 22:00,29.1434
48478,ระยอง,RAYONG,ระยอง,12.63222,101.34361,5/25/2024 22:00,29.3472
48479,ห้วยโป่ง สกษ.,HUAI PONG AGROMET.,ระยอง,12.735,101.135,5/25/2024 22:00,28.7572
48480,จันทบุรี,CHANTHA BURI,จันทบุรี,12.61667,102.11333,5/25/2024 22:00,37.4669
48481,พลิ้ว สกษ.,PHLIU  AGROMET.,จันทบุรี,12.50861,102.17305,5/25/2024 22:00,32.3427
48500,ประจวบคีรีขันธ์,PRACHUAP KHIRIKHAN,ประจวบคีรีขันธ์,11.83333,99.83333,5/25/2024 22:00,29.49
48501,ตราด,TRAD,ตราด,11.76667,102.88333,5/25/2024 22:00,33.2815
48517,ชุมพร,CHUMPHON,ชุมพร,10.49875,99.18847,5/25/2024 22:00,28.7056
48520,สวี สกษ.,SAWI AGROMET.,ชุมพร,10.33333,99.1,5/25/2024 22:00,30.1705
48532,ระนอง,RANONG,ระนอง,9.98333,98.61667,5/25/2024 22:00,34.0493
48550,เกาะสมุย,KO SAMUI,สุราษฎร์ธานี,9.46667,100.05,5/25/2024 22:00,35.0321
48551,สุราษฎร์ธานี,SURAT THANI,สุราษฎร์ธานี,9.13556,99.15194,5/25/2024 22:00,31.4638
48552,นครศรีธรรมราช,NAKHONSI THAMMARAT,นครศรีธรรมราช,8.53778,99.94722,5/25/2024 22:00,27.7025
48554,นครศรีธรรมราช สกษ.,NAKHONSI THAMMARAT AGROMET.,นครศรีธรรมราช,8.35931,100,5/25/2024 22:00,24.2077
48555,สุราษฎร์ธานี สกษ.,SURAT THANI AGROMET.,สุราษฎร์ธานี,9.1,99.63333,5/25/2024 22:00,30.1705
48556,พระแสง สอท.,PHRA SANG,สุราษฎร์ธานี,8.57022,99.25825,5/25/2024 22:00,33.5727
48557,ฉวาง,CHAWANG,นครศรีธรรมราช,8.42472,99.50667,5/25/2024 22:00,31.6058
48560,พัทลุง สกษ.,PHATTHALUNG AGROMET.,พัทลุง,7.58333,100.16667,5/25/2024 22:00,29.2082
48561,ตะกั่วป่า,TAKUA PA,พังงา,8.68417,98.25222,5/25/2024 22:00,32.8964
48563,กระบี่,KRABI,กระบี่,8.10361,98.97528,5/25/2024 22:00,35.1614
48564,ภูเก็ต,PHUKET,ภูเก็ต,7.88333,98.4,5/25/2024 22:00,38.6084
48565,ภูเก็ต (ศูนย์ฯ),PHUKET AIRPORT,ภูเก็ต,8.145,98.31444,5/25/2024 22:00,37.3465
48566,เกาะลันตา,KO LANTA,กระบี่,7.53333,99.05,5/25/2024 22:00,29.3451
48567,ตรัง,TRANG AIRPORT,ตรัง,7.51667,99.61667,5/25/2024 22:00,34.3129
48568,สงขลา,SONGKHLA,สงขลา,7.18211,100.60769,5/25/2024 22:00,34.4479
48569,หาดใหญ่,HAT YAI AIRPORT,สงขลา,6.91667,100.43333,5/25/2024 22:00,26.0258
48570,สตูล,SATUN,สตูล,6.65,100.08333,5/25/2024 22:00,34.3642
48571,คอหงษ์ สกษ.,KHO HONG AGROMET.,สงขลา,7,100.5,5/25/2024 22:00,32.8415
48574,สะเดา,SA DAO,สงขลา,6.79806,100.39056,5/25/2024 22:00,30.9473
48580,ปัตตานี,PATTANI AIRPORT,ปัตตานี,6.78333,101.15,5/25/2024 22:00,36.7217
48581,ยะลา สกษ.,YALA AGROMET.,ยะลา,6.51667,101.28333,5/25/2024 22:00,36.7217
48583,นราธิวาส,NARATHIWAT,นราธิวาส,6.41667,101.81667,5/25/2024 22:00,38.2436
