﻿StationID,StationNameTH,StationNameEN,Province,Latitude,Longitude,heatindex
48300,แม่ฮ่องสอน,MAE HONG SON,แม่ฮ่องสอน,19.29897,97.97578,28.37859874369785
48302,ดอยอ่างขาง,DOI ANG KANG,เชียงใหม่,19.93139,99.04833,22.69444444444445
48303,เชียงราย,CHIANG RAI,เชียงราย,19.96139,99.88139,32.211415300424456
48304,เชียงราย สกษ.,CHAING RAI AGROMET.,เชียงราย,19.87083,99.78278,30.445520927111122
48307,ทุ่งช้าง,THUNG CHANG,น่าน,19.41194,100.88353,31.18838531155553
48310,พะเยา,PHAYAO,พะเยา,19.13333,99.9,32.6347006444444
48315,ท่าวังผา,THA WANGPHA,น่าน,19.11056,100.8025,32.77329138247108
48324,เถิน,THOEN,ลำปาง,17.63661,99.24475,32.052424428035614
48325,แม่สะเรียง,MAE SARIANG,แม่ฮ่องสอน,18.16667,97.93333,28.53942504177774
48327,เชียงใหม่,CHIANG MAI,เชียงใหม่,18.79,98.97694,33.410108517217864
48328,ลำปาง,LAMPANG,ลำปาง,18.28333,99.51667,34.147223431777824
48329,ลำพูน,LAMPHUN,ลำพูน,18.56722,99.03389,32.64289759905558
48330,แพร่,PHRAE,แพร่,18.16667,100.16667,34.48168790929786
48331,น่าน,NAN,น่าน,18.77972,100.77778,34.147223431777824
48333,น่าน สกษ.,NAN AGROMET.,น่าน,18.86667,100.75,34.08938588883573
48334,ลำปาง สกษ.,LAMPANG AGROMET.,ลำปาง,18.31667,99.28333,33.55179753553557
48350,เลย สกษ.,LOEI AGROMET.,เลย,17.4,101.73333,30.295696337084458
48351,อุตรดิตถ์,UTTARADIT,อุตรดิตถ์,17.61667,100.1,33.66366225555557
48352,หนองคาย,NONG KHAI,หนองคาย,17.86717,102.73303,32.25421116844432
48353,เลย,LOEI,เลย,17.45,101.73333,29.463232712444526
48354,อุดรธานี,UDON THANI,อุดรธานี,17.38333,102.8,31.57761152527111
48355,สกลนคร สกษ.,SAKON NAKHON AGROMET.,สกลนคร,17.12503,104.061,29.463232712444526
48356,สกลนคร,SAKON NAKHON,สกลนคร,17.15,104.13333,29.963339125837837
48357,นครพนม,NAKHON PHANOM,นครพนม,17.41083,104.7825,30.031124715111105
48358,นครพนม สกษ.,NAKHON PHANOM AGROMET.,นครพนม,17.44306,104.77361,29.385531600924462
48360,หนองบัวลำภู,NONG BUA LAM PHU,หนองบัวลำภู,17.2325,102.42944,32.72685659287124
48363,บึงกาฬ,Bueng Kan,บึงกาฬ,18.41361,103.51672,32.052424428035614
48372,สุโขทัย,SUKHOTHAI,สุโขทัย,17.10611,99.8,34.99030150511109
48373,ศรีสำโรง สกษ.,SI SAMRONG AGROMET.,สุโขทัย,17.16136,99.86167,33.89729353155552
48374,หล่มสัก,LOM SAK,เพชรบูรณ์,16.77361,101.24944,34.26908518327773
48375,แม่สอด,MAE SOT,ตาก,16.65917,98.55083,32.64289759905558
48376,ตาก,TAK,ตาก,16.87833,99.14333,35.00839744727121
48377,เขื่อนภูมิพล,BHUMIBOL DAM,ตาก,17.24389,99.0025,32.99739132330451
48378,พิษณุโลก,PHITSANULOK,พิษณุโลก,16.79481,100.2793,34.40915285139569
48379,เพชรบูรณ์,PHETCHABUN,เพชรบูรณ์,16.43333,101.15,35.00966305131568
48380,กำแพงเพชร,KAMPHAENG PHET,กำแพงเพชร,16.48681,99.52697,35.782304855555466
48381,ขอนแก่น,KHON KAEN,ขอนแก่น,16.46111,102.78972,28.855553559555556
48382,มหาสารคาม,MAHASARAKHAM,มหาสารคาม,16.24722,103.06805,33.4601406846757
48383,มุกดาหาร,MUKDAHAN,มุกดาหาร,16.54139,104.72889,33.01068575852462
48384,ท่าพระ สกษ.,THA PHRA AGROMET.,ขอนแก่น,16.33333,102.81667,33.12197327073792
48385,อุ้มผาง,UMPHANG,ตาก,16.02472,98.86444,29.069741842097926
48386,พิจิตร สกษ.,PICHIT AGROMET.,พิจิตร,16.43806,100.2925,34.48061279223114
48387,ดอยมูเซอร์ สกษ.,DOI MU SOE AGROMET.,ตาก,16.75,98.93333,25.819444444444443
48390,กาฬสินธุ์,KALASIN,กาฬสินธุ์,16.3325,103.58833,31.275251558015572
48391,อำนาจเจริญ,Amnat Charoen,อำนาจเจริญ,15.90375,104.61805,33.454237565375564
48400,นครสวรรค์,NAKHON SAWAN,นครสวรรค์,15.67183,100.13236,36.779782837457866
48401,ตากฟ้า สกษ.,TAKFA AGROMET.,นครสวรรค์,15.34944,100.53028,36.343957807751195
48402,ชัยนาท สกษ.,CHAINAT AGROMET.,ชัยนาท,15.15,100.18333,38.43574750255777
48403,ชัยภูมิ,CHAIYAPHUM,ชัยภูมิ,15.8,102.03333,32.3628836684444
48404,ร้อยเอ็ด สกษ.,ROI ET AGROMET.,ร้อยเอ็ด,16.07322,103.60844,32.25915318247126
48405,ร้อยเอ็ด,ROI ET,ร้อยเอ็ด,16.02,103.74389,32.15320358955564
48406,ยโสธร,Yasothon,ยโสธร,15.79494,104.21436,33.01526487027556
48407,อุบลราชธานี (ศูนย์ฯ),UBON RATCHATHANI,อุบลราชธานี,15.25,104.86667,34.2800016413512
48408,อุบลราชธานี สกษ.,UBON RATCHATHANI AGROMET.,อุบลราชธานี,15.23914,105.0235,34.72262577039118
48409,ศรีสะเกษ,SI SAKET AGROMET.,ศรีสะเกษ,15.0,104.05,34.23765755259554
48410,อุทัยธานี,UTHAITHANI,อุทัยธานี,15.37417,100.03889,35.511070222684566
48413,วิเชียรบุรี,WICHIAN BURI,เพชรบูรณ์,15.657,101.108,36.61135871201775
48415,พระนครศรีอยุธยา,AYUTTHAYA,พระนครศรีอยุธยา,14.53472,100.725,44.11187892259572
48416,ท่าตูม,THA TUM,สุรินทร์,15.31667,103.68333,35.37299511244453
48417,นครนายก,NAKORNNAYOK,นครนายก,14.36222,101.39278,25.057222222222226
48418,บัวชุม,BUA CHUM,ลพบุรี,15.26667,101.18736,35.28283770601565
48419,ปทุมธานี สกษ.,PATHUMTHANI,ปทุมธานี,14.1,100.61667,41.53152559155571
48420,สมุทรปราการ สกษ.,Samut Prakarn,สมุทรปราการ,13.51667,100.76167,30.425069205777877
48421,ทองผาภูมิ,THONG PHAPHUM,กาญจนบุรี,14.74222,98.63639,34.31842873655136
48425,สุพรรณบุรี,SUPHAN BURI,สุพรรณบุรี,14.47444,100.13889,42.14749521747558
48426,ลพบุรี,LOP BURI,ลพบุรี,14.79972,100.645,37.68793131461119
48427,อู่ทอง สกษ.,U THONG AGROMET.,สุพรรณบุรี,14.30361,99.86472,40.1819902336178
48429,สนามบินสุวรรณภูมิ,SUVARNABHUMI AIRPORT,สมุทรปราการ,13.68639,100.7675,32.861996733517934
48430,ปราจีนบุรี,PRACHIN BURI,ปราจีนบุรี,14.05842,101.3693,33.264774344897916
48431,นครราชสีมา,NAKHON RATCHASIMA,นครราชสีมา,14.9683,102.08603,32.49040014668449
48432,สุรินทร์,SURIN,สุรินทร์,14.88333,103.5,34.35798335955563
48433,สุรินทร์ สกษ.,SURIN AGROMET.,สุรินทร์,14.88333,103.45,34.014407305137766
48434,โชคชัย,CHOK CHAI,นครราชสีมา,14.71889,102.16861,28.161904510497983
48435,ปากช่อง สกษ.,PAKCHONG AGROMET.,นครราชสีมา,14.64389,101.33194,29.09164688695127
48436,นางรอง,NANG RONG,บุรีรัมย์,14.58333,102.8,29.980471699537798
48437,บุรีรัมย์,BURIRUM,บุรีรัมย์,15.22575,103.24808,30.402838093055593
48438,สมุทรสงคราม,SAMUTSONGKRAM,สมุทรสงคราม,13.40778,100.03222,38.91894001249778
48439,กบินทร์บุรี,KABIN BURI,ปราจีนบุรี,13.98333,101.70722,30.425069205777877
48440,สระแก้ว,SA KAEW,สระแก้ว,13.78889,102.03472,29.464550599395743
48450,กาญจนบุรี,KANCHANA BURI,กาญจนบุรี,14.0225,99.53583,38.94313001527793
48451,นครปฐม,NAKHONPATHOM,นครปฐม,14.01167,99.97,40.471443020924674
48453,กรุงเทพฯ บางนา สกษ.,BANG NA AGROMET.,กรุงเทพมหานคร,13.66639,100.60611,38.97273863905566
48454,กรุงเทพฯ ท่าเรือคลองเตย,BANGKOK PORT (KLONG TOEI),กรุงเทพมหานคร,13.70694,100.56805,40.1819902336178
48455,กรุงเทพมหานคร,BANGKOK METROPOLIS,กรุงเทพมหานคร,13.72639,100.56,39.64961737394459
48456,สนามบินดอนเมือง,DON MUANG AIRPORT,กรุงเทพมหานคร,13.91917,100.605,37.3978207905956
48457,นำร่อง,PILOT STATION,สมุทรปราการ,13.39389,100.59944,37.331703996284496
48458,ฉะเชิงเทรา,CHACHOENGSAO,ฉะเชิงเทรา,13.51556,101.45833,28.188270587555582
48459,ชลบุรี,CHON BURI,ชลบุรี,13.36667,100.98333,32.35495978132455
48460,เกาะสีชัง,KO SICHANG,ชลบุรี,13.16167,100.80194,26.807838095944597
48461,พัทยา,PHATTHAYA,ชลบุรี,12.92,100.86944,37.953206144444415
48462,อรัญประเทศ,ARANYA PRATHET,สระแก้ว,13.7,102.58333,35.49480785355552
48463,แหลมฉบัง,LAEM CHABANG,ชลบุรี,13.07694,100.87583,39.10697982771569
48464,ราชบุรี,RATCHA BURI,ราชบุรี,13.48931,99.79239,39.64399024305569
48465,เพชรบุรี,PHETCHA BURI,เพชรบุรี,12.99944,100.06056,39.692324980444624
48474,หนองพลับ สกษ.,NONG PHLUB AGROMET.,ประจวบคีรีขันธ์,12.58333,99.73333,39.327044904611135
48475,หัวหิน,HUA HIN,ประจวบคีรีขันธ์,12.58611,99.9625,37.94237669444464
48477,สัตหีบ,SATTAHIP,ชลบุรี,12.68333,100.98333,37.95713568051556
48478,ระยอง,RAYONG,ระยอง,12.63222,101.34361,38.919929793555454
48479,ห้วยโป่ง สกษ.,HUAI PONG AGROMET.,ระยอง,12.735,101.135,33.38478392127773
48480,จันทบุรี,CHANTHA BURI,จันทบุรี,12.61667,102.11333,35.52997874444458
48481,พลิ้ว สกษ.,PHLIU  AGROMET.,จันทบุรี,12.50861,102.17305,37.41281627212465
48500,ประจวบคีรีขันธ์,PRACHUAP KHIRIKHAN,ประจวบคีรีขันธ์,11.83333,99.83333,40.836922869350964
48501,ตราด,TRAD,ตราด,11.76667,102.88333,39.17185738711117
48517,ชุมพร,CHUMPHON,ชุมพร,10.49875,99.18847,40.67345187259553
48520,สวี สกษ.,SAWI AGROMET.,ชุมพร,10.33333,99.1,38.846734243111065
48532,ระนอง,RANONG,ระนอง,9.98333,98.61667,36.21120368155555
48550,เกาะสมุย,KO SAMUI,สุราษฎร์ธานี,9.46667,100.05,38.5037108601311
48551,สุราษฎร์ธานี,SURAT THANI,สุราษฎร์ธานี,9.13556,99.15194,36.85742905359111
48552,นครศรีธรรมราช,NAKHONSI THAMMARAT,นครศรีธรรมราช,8.53778,99.94722,38.18538774865792
48554,นครศรีธรรมราช สกษ.,NAKHONSI THAMMARAT AGROMET.,นครศรีธรรมราช,8.35931,100.0,41.078475626337834
48555,สุราษฎร์ธานี สกษ.,SURAT THANI AGROMET.,สุราษฎร์ธานี,9.1,99.63333,38.09284050561563
48556,พระแสง สอท.,PHRA SANG,สุราษฎร์ธานี,8.57022,99.25825,37.00612484844444
48557,ฉวาง,CHAWANG,นครศรีธรรมราช,8.42472,99.50667,37.62226879305571
48560,พัทลุง สกษ.,PHATTHALUNG AGROMET.,พัทลุง,7.58333,100.16667,39.269919528771126
48561,ตะกั่วป่า,TAKUA PA,พังงา,8.68417,98.25222,34.98658914081773
48563,กระบี่,KRABI,กระบี่,8.10361,98.97528,38.959863731137744
48564,ภูเก็ต,PHUKET,ภูเก็ต,7.88333,98.4,38.04111502731565
48565,ภูเก็ต (ศูนย์ฯ),PHUKET AIRPORT,ภูเก็ต,8.145,98.31444,38.814286451555674
48566,เกาะลันตา,KO LANTA,กระบี่,7.53333,99.05,36.88432429295104
48567,ตรัง,TRANG AIRPORT,ตรัง,7.51667,99.61667,38.0595980875556
48568,สงขลา,SONGKHLA,สงขลา,7.18211,100.60769,40.25873137020457
48569,หาดใหญ่,HAT YAI AIRPORT,สงขลา,6.91667,100.43333,40.46050543107569
48570,สตูล,SATUN,สตูล,6.65,100.08333,37.27300461346451
48571,คอหงษ์ สกษ.,KHO HONG AGROMET.,สงขลา,7.0,100.5,37.07428412177793
48574,สะเดา,SA DAO,สงขลา,6.79806,100.39056,38.814286451555674
48580,ปัตตานี,PATTANI AIRPORT,ปัตตานี,6.78333,101.15,38.602807305555714
48581,ยะลา สกษ.,YALA AGROMET.,ยะลา,6.51667,101.28333,37.850443735537816
48583,นราธิวาส,NARATHIWAT,นราธิวาส,6.41667,101.81667,36.4345424671111
