﻿WmoStationNumber,StationNameThai,StationNameEnglish,Province,Latitude,Longitude,ObservationDateTime,heatindex
48300,แม่ฮ่องสอน,MAE HONG SON,แม่ฮ่องสอน,19.29897,97.97578,4/18/2024 1:00,34.5204
48302,ดอยอ่างขาง,DOI ANG KANG,เชียงใหม่,19.93139,99.04833,4/18/2024 1:00,25.315
48303,เชียงราย,CHIANG RAI,เชียงราย,19.96139,99.88139,4/18/2024 1:00,28.463
48304,เชียงราย สกษ.,CHAING RAI AGROMET.,เชียงราย,19.87083,99.78278,4/18/2024 1:00,27.0119
48307,ทุ่งช้าง,THUNG CHANG,น่าน,19.41194,100.88353,4/18/2024 1:00,24.5253
48310,พะเยา,PHAYAO,พะเยา,19.13333,99.9,4/18/2024 1:00,28.2791
48315,ท่าวังผา,THA WANGPHA,น่าน,19.11056,100.8025,4/18/2024 1:00,30.3239
48324,เถิน,THOEN,ลำปาง,17.63661,99.24475,4/18/2024 1:00,28.9391
48325,แม่สะเรียง,MAE SARIANG,แม่ฮ่องสอน,18.16667,97.93333,4/18/2024 1:00,29.6468
48327,เชียงใหม่,CHIANG MAI,เชียงใหม่,18.79,98.97694,4/18/2024 1:00,29.6608
48328,ลำปาง,LAMPANG,ลำปาง,18.28333,99.51667,4/18/2024 1:00,31.0334
48329,ลำพูน,LAMPHUN,ลำพูน,18.56722,99.03389,4/18/2024 1:00,32.0775
48330,แพร่,PHRAE,แพร่,18.16667,100.16667,4/18/2024 1:00,39.2152
48331,น่าน,NAN,น่าน,18.77972,100.77778,4/18/2024 1:00,32.4396
48333,น่าน สกษ.,NAN AGROMET.,น่าน,18.86667,100.75,4/18/2024 1:00,25.7082
48334,ลำปาง สกษ.,LAMPANG AGROMET.,ลำปาง,18.31667,99.28333,4/18/2024 1:00,27.2577
48350,เลย สกษ.,LOEI AGROMET.,เลย,17.4,101.73333,4/18/2024 1:00,27.7764
48351,อุตรดิตถ์,UTTARADIT,อุตรดิตถ์,17.61667,100.1,4/18/2024 1:00,36.4345
48352,หนองคาย,NONG KHAI,หนองคาย,17.86717,102.73303,4/18/2024 1:00,33.9872
48353,เลย,LOEI,เลย,17.45,101.73333,4/18/2024 1:00,28.5314
48354,อุดรธานี,UDON THANI,อุดรธานี,17.38333,102.8,4/18/2024 1:00,33.2394
48355,สกลนคร สกษ.,SAKON NAKHON AGROMET.,สกลนคร,17.12503,104.061,4/18/2024 1:00,30.257
48356,สกลนคร,SAKON NAKHON,สกลนคร,17.15,104.13333,4/18/2024 1:00,33.1801
48357,นครพนม,NAKHON PHANOM,นครพนม,17.41083,104.7825,4/18/2024 1:00,34.7898
48358,นครพนม สกษ.,NAKHON PHANOM AGROMET.,นครพนม,17.44306,104.77361,4/18/2024 1:00,28.6671
48360,หนองบัวลำภู,NONG BUA LAM PHU,หนองบัวลำภู,17.2325,102.42944,4/18/2024 1:00,33.569
48363,บึงกาฬ,Bueng Kan,บึงกาฬ,18.41361,103.51672,4/18/2024 1:00,29.8347
48372,สุโขทัย,SUKHOTHAI*,สุโขทัย,17.10611,99.8,4/18/2024 1:00,37.2998
48373,ศรีสำโรง สกษ.,SI SAMRONG AGROMET.,สุโขทัย,17.16136,99.86167,4/18/2024 1:00,35.78
48374,หล่มสัก,LOM SAK,เพชรบูรณ์,16.77361,101.24944,4/18/2024 1:00,31.8255
48375,แม่สอด,MAE SOT,ตาก,16.65917,98.55083,4/18/2024 1:00,33.0195
48376,ตาก,TAK,ตาก,16.87833,99.14333,4/18/2024 1:00,34.4774
48377,เขื่อนภูมิพล,BHUMIBOL DAM,ตาก,17.24389,99.0025,4/18/2024 1:00,33.8209
48378,พิษณุโลก,PHITSANULOK,พิษณุโลก,16.79481,100.2793,4/18/2024 1:00,32.4711
48379,เพชรบูรณ์,PHETCHABUN,เพชรบูรณ์,16.43333,101.15,4/18/2024 1:00,34.0159
48380,กำแพงเพชร,KAMPHAENG PHET,กำแพงเพชร,16.48681,99.52697,4/18/2024 1:00,32.3211
48381,ขอนแก่น,KHON KAEN,ขอนแก่น,16.46111,102.78972,4/18/2024 1:00,33.6637
48382,มหาสารคาม,MAHASARAKHAM,มหาสารคาม,16.24722,103.06805,4/18/2024 1:00,34.2691
48383,มุกดาหาร,MUKDAHAN,มุกดาหาร,16.54139,104.72889,4/18/2024 1:00,36.0096
48384,ท่าพระ สกษ.,THA PHRA AGROMET.,ขอนแก่น,16.33333,102.81667,4/18/2024 1:00,35.53
48385,อุ้มผาง,UMPHANG,ตาก,16.02472,98.86444,4/18/2024 1:00,24.2675
48386,พิจิตร สกษ.,PICHIT AGROMET.,พิจิตร,16.43806,100.2925,4/18/2024 1:00,33.0195
48387,ดอยมูเซอร์ สกษ.,DOI MU SOE AGROMET.,ตาก,16.75,98.93333,4/18/2024 1:00,20.9658
48390,กาฬสินธุ์,KALASIN,กาฬสินธุ์,16.3325,103.58833,4/18/2024 1:00,35.5893
48391,อำนาจเจริญ,Amnat Charoen,อำนาจเจริญ,15.90375,104.61805,4/18/2024 1:00,33.4542
48400,นครสวรรค์,NAKHON SAWAN,นครสวรรค์,15.67183,100.13236,4/18/2024 1:00,36.8843
48401,ตากฟ้า สกษ.,TAKFA AGROMET.,นครสวรรค์,15.34944,100.53028,4/18/2024 1:00,35.038
48402,ชัยนาท สกษ.,CHAINAT AGROMET.,ชัยนาท,15.15,100.18333,4/18/2024 1:00,35.4345
48403,ชัยภูมิ,CHAIYAPHUM,ชัยภูมิ,15.8,102.03333,4/18/2024 1:00,33.4289
48404,ร้อยเอ็ด สกษ.,ROI ET AGROMET.,ร้อยเอ็ด,16.07322,103.60844,4/18/2024 1:00,33.2138
48405,ร้อยเอ็ด,ROI ET,ร้อยเอ็ด,16.02,103.74389,4/18/2024 1:00,34.3932
48406,ยโสธร,Yasothon,ยโสธร,15.79494,104.21436,4/18/2024 1:00,35.5302
48407,อุบลราชธานี (ศูนย์ฯ),UBON RATCHATHANI,อุบลราชธานี,15.25,104.86667,4/18/2024 1:00,34.8558
48408,อุบลราชธานี สกษ.,UBON RATCHATHANI AGROMET.,อุบลราชธานี,15.23914,105.0235,4/18/2024 1:00,33.0107
48409,ศรีสะเกษ,SI SAKET AGROMET.,ศรีสะเกษ,15,104.05,4/18/2024 1:00,35.5363
48410,อุทัยธานี,UTHAITHANI,อุทัยธานี,15.37417,100.03889,4/18/2024 1:00,39.0004
48413,วิเชียรบุรี,WICHIAN BURI,เพชรบูรณ์,15.657,101.108,4/18/2024 1:00,36.4345
48415,พระนครศรีอยุธยา,AYUTTHAYA,พระนครศรีอยุธยา,14.53472,100.725,4/18/2024 1:00,37.8458
48416,ท่าตูม,THA TUM,สุรินทร์,15.31667,103.68333,4/18/2024 1:00,34.3129
48417,นครนายก,NAKORNNAYOK,นครนายก,14.36222,101.39278,4/18/2024 1:00,18.0002
48418,บัวชุม,BUA CHUM,ลพบุรี,15.26667,101.18736,4/18/2024 1:00,35.3038
48419,ปทุมธานี สกษ.,PATHUMTHANI,ปทุมธานี,14.1,100.61667,4/18/2024 1:00,37.5987
48420,สมุทรปราการ สกษ.,Samut Prakarn,สมุทรปราการ,13.51667,100.76167,4/18/2024 1:00,38.907
48421,ทองผาภูมิ,THONG PHAPHUM,กาญจนบุรี,14.74222,98.63639,4/18/2024 1:00,29.6233
48425,สุพรรณบุรี,SUPHAN BURI,สุพรรณบุรี,14.47444,100.13889,4/18/2024 1:00,37.0253
48426,ลพบุรี,LOP BURI,ลพบุรี,14.79972,100.645,4/18/2024 1:00,34.9636
48427,อู่ทอง สกษ.,U THONG AGROMET.,สุพรรณบุรี,14.30361,99.86472,4/18/2024 1:00,33.1045
48429,สนามบินสุวรรณภูมิ,SUVARNABHUMI AIRPORT,สมุทรปราการ,13.68639,100.7675,4/18/2024 1:00,38.2436
48430,ปราจีนบุรี,PRACHIN BURI,ปราจีนบุรี,14.05842,101.3693,4/18/2024 1:00,36.2996
48431,นครราชสีมา,NAKHON RATCHASIMA,นครราชสีมา,14.9683,102.08603,4/18/2024 1:00,33.5727
48432,สุรินทร์,SURIN,สุรินทร์,14.88333,103.5,4/18/2024 1:00,36.0321
48433,สุรินทร์ สกษ.,SURIN AGROMET.,สุรินทร์,14.88333,103.45,4/18/2024 1:00,34.7898
48434,โชคชัย,CHOK CHAI,นครราชสีมา,14.71889,102.16861,4/18/2024 1:00,33.0637
48435,ปากช่อง สกษ.,PAKCHONG AGROMET.,นครราชสีมา,14.64389,101.33194,4/18/2024 1:00,30.059
48436,นางรอง,NANG RONG,บุรีรัมย์,14.58333,102.8,4/18/2024 1:00,31.8021
48437,บุรีรัมย์,BURIRUM,บุรีรัมย์,15.22575,103.24808,4/18/2024 1:00,33.0336
48438,สมุทรสงคราม,SAMUTSONGKRAM,สมุทรสงคราม,13.40778,100.03222,4/18/2024 1:00,36.3104
48439,กบินทร์บุรี,KABIN BURI,ปราจีนบุรี,13.98333,101.70722,4/18/2024 1:00,33.3848
48440,สระแก้ว,SA KAEW,สระแก้ว,13.78889,102.03472,4/18/2024 1:00,35.4756
48450,กาญจนบุรี,KANCHANA BURI,กาญจนบุรี,14.0225,99.53583,4/18/2024 1:00,34.7898
48451,นครปฐม,NAKHONPATHOM,นครปฐม,14.01167,99.97,4/18/2024 1:00,33.9528
48453,กรุงเทพฯ บางนา สกษ.,BANG NA AGROMET.,กรุงเทพมหานคร,13.66639,100.60611,4/18/2024 1:00,37.9752
48455,กรุงเทพมหานคร,BANGKOK METROPOLIS,กรุงเทพมหานคร,13.72639,100.56,4/18/2024 1:00,38.2683
48456,สนามบินดอนเมือง,DON MUANG AIRPORT,กรุงเทพมหานคร,13.91917,100.605,4/18/2024 1:00,37.7024
48458,ฉะเชิงเทรา,CHACHOENGSAO,ฉะเชิงเทรา,13.51556,101.45833,4/18/2024 1:00,32.1873
48459,ชลบุรี,CHON BURI,ชลบุรี,13.36667,100.98333,4/18/2024 1:00,37.9571
48460,เกาะสีชัง,KO SICHANG,ชลบุรี,13.16167,100.80194,4/18/2024 1:00,37.6865
48461,พัทยา,PHATTHAYA,ชลบุรี,12.92,100.86944,4/18/2024 1:00,38.2436
48462,อรัญประเทศ,ARANYA PRATHET,สระแก้ว,13.7,102.58333,4/18/2024 1:00,34.7754
48464,ราชบุรี,RATCHA BURI,ราชบุรี,13.48931,99.79239,4/18/2024 1:00,32.4115
48465,เพชรบุรี,PHETCHA BURI,เพชรบุรี,12.99944,100.06056,4/18/2024 1:00,32.9143
48474,หนองพลับ สกษ.,NONG PHLUB AGROMET.,ประจวบคีรีขันธ์,12.58333,99.73333,4/18/2024 1:00,30.5124
48475,หัวหิน,HUA HIN,ประจวบคีรีขันธ์,12.58611,99.9625,4/18/2024 1:00,33.9823
48477,สัตหีบ,SATTAHIP,ชลบุรี,12.68333,100.98333,4/18/2024 1:00,36.0705
48478,ระยอง,RAYONG,ระยอง,12.63222,101.34361,4/18/2024 1:00,38.6084
48479,ห้วยโป่ง สกษ.,HUAI PONG AGROMET.,ระยอง,12.735,101.135,4/18/2024 1:00,37.1074
48480,จันทบุรี,CHANTHA BURI,จันทบุรี,12.61667,102.11333,4/18/2024 1:00,36.7908
48481,พลิ้ว สกษ.,PHLIU  AGROMET.,จันทบุรี,12.50861,102.17305,4/18/2024 1:00,34.8171
48500,ประจวบคีรีขันธ์,PRACHUAP KHIRIKHAN,ประจวบคีรีขันธ์,11.83333,99.83333,4/18/2024 1:00,33.4945
48501,ตราด,TRAD,ตราด,11.76667,102.88333,4/18/2024 1:00,31.8603
48517,ชุมพร,CHUMPHON,ชุมพร,10.49875,99.18847,4/18/2024 1:00,31.1324
48520,สวี สกษ.,SAWI AGROMET.,ชุมพร,10.33333,99.1,4/18/2024 1:00,29.49
48532,ระนอง,RANONG,ระนอง,9.98333,98.61667,4/18/2024 1:00,30.1719
48550,เกาะสมุย,KO SAMUI,สุราษฎร์ธานี,9.46667,100.05,4/18/2024 1:00,38.8906
48551,สุราษฎร์ธานี,SURAT THANI,สุราษฎร์ธานี,9.13556,99.15194,4/18/2024 1:00,29.2066
48552,นครศรีธรรมราช,NAKHONSI THAMMARAT,นครศรีธรรมราช,8.53778,99.94722,4/18/2024 1:00,28.5522
48554,นครศรีธรรมราช สกษ.,NAKHONSI THAMMARAT AGROMET.,นครศรีธรรมราช,8.35931,100,4/18/2024 1:00,27.6088
48555,สุราษฎร์ธานี สกษ.,SURAT THANI AGROMET.,สุราษฎร์ธานี,9.1,99.63333,4/18/2024 1:00,26.797
48556,พระแสง สอท.,PHRA SANG,สุราษฎร์ธานี,8.57022,99.25825,4/18/2024 1:00,31.88
48557,ฉวาง,CHAWANG,นครศรีธรรมราช,8.42472,99.50667,4/18/2024 1:00,29.2066
48560,พัทลุง สกษ.,PHATTHALUNG AGROMET.,พัทลุง,7.58333,100.16667,4/18/2024 1:00,31.5105
48561,ตะกั่วป่า,TAKUA PA,พังงา,8.68417,98.25222,4/18/2024 1:00,32.9658
48563,กระบี่,KRABI,กระบี่,8.10361,98.97528,4/18/2024 1:00,33.705
48564,ภูเก็ต,PHUKET,ภูเก็ต,7.88333,98.4,4/18/2024 1:00,37.4176
48565,ภูเก็ต (ศูนย์ฯ),PHUKET AIRPORT,ภูเก็ต,8.145,98.31444,4/18/2024 1:00,33.1149
48566,เกาะลันตา,KO LANTA,กระบี่,7.53333,99.05,4/18/2024 1:00,38.2436
48567,ตรัง,TRANG AIRPORT,ตรัง,7.51667,99.61667,4/18/2024 1:00,32.0991
48568,สงขลา,SONGKHLA,สงขลา,7.18211,100.60769,4/18/2024 1:00,33.9189
48569,หาดใหญ่,HAT YAI AIRPORT,สงขลา,6.91667,100.43333,4/18/2024 1:00,30.1614
48570,สตูล,SATUN,สตูล,6.65,100.08333,4/18/2024 1:00,30.9473
48571,คอหงษ์ สกษ.,KHO HONG AGROMET.,สงขลา,7,100.5,4/18/2024 1:00,31.9306
48574,สะเดา,SA DAO,สงขลา,6.79806,100.39056,4/18/2024 1:00,26.826
48580,ปัตตานี,PATTANI AIRPORT,ปัตตานี,6.78333,101.15,4/18/2024 1:00,31.9253
48581,ยะลา สกษ.,YALA AGROMET.,ยะลา,6.51667,101.28333,4/18/2024 1:00,31.3917
48583,นราธิวาส,NARATHIWAT,นราธิวาส,6.41667,101.81667,4/18/2024 1:00,34.7413
