name,type,subdistrict,district,province,standard,approve_date,status
Nature,ร้านจำหน่ายอาหาร,เสียว,เบญจลักษ์,ศรีสะเกษ,SAN,2025-05-22,ไม่ผ่านเกณฑ์
ร้านเนื้อย่างเพชรลำภู,ร้านบุฟเฟ่ต์ (ปิ้งย่าง/ชาบู/สุกี้),ศรีแก้ว,ศรีรัตนะ,ศรีสะเกษ,SAN,2023-10-06,ไม่ผ่านเกณฑ์
แสงถาวร,ร้านจำหน่ายอาหาร,ห้วยเหนือ,ขุขันธ์,ศรีสะเกษ,SAN,2025-04-25,รับรอง
ร้านน้องแฝด,ร้านจำหน่ายอาหาร,ไพรบึง,ไพรบึง,ศรีสะเกษ,SAN,2025-07-21,ไม่ผ่านเกณฑ์
ครัวพิกุลแก้ว,ร้านจำหน่ายอาหาร,หนองหญ้าลาด,กันทรลักษ์,ศรีสะเกษ,SAN,2023-06-26,ไม่ผ่านเกณฑ์
ป้่าติ้ม,ร้านจำหน่ายอาหาร,โพธิ์,เมืองศรีสะเกษ,ศรีสะเกษ,SAN,2023-07-03,ไม่ผ่านเกณฑ์
ร้านบาร์โค่,ร้านจำหน่ายอาหาร,เมืองใต้,เมืองศรีสะเกษ,ศรีสะเกษ,SAN,2025-01-28,ไม่ผ่านเกณฑ์
เพชรลำภู3,ร้านบุฟเฟ่ต์ (ปิ้งย่าง/ชาบู/สุกี้),หญ้าปล้อง,เมืองศรีสะเกษ,ศรีสะเกษ,SAN,2025-01-28,ไม่ผ่านเกณฑ์
ร้านโอชิเน ศรีสะเกษ,ร้านบุฟเฟ่ต์ (ปิ้งย่าง/ชาบู/สุกี้),หญ้าปล้อง,เมืองศรีสะเกษ,ศรีสะเกษ,SAN,2025-05-13,รับรอง
บ้านกลางซอย,ร้านจำหน่ายอาหาร,เมืองเหนือ,เมืองศรีสะเกษ,ศรีสะเกษ,SAN,2024-10-08,ไม่ผ่านเกณฑ์
ร้านบุ๋มแจ่วฮ้อน,ร้านจำหน่ายอาหาร,โพธิ์,เมืองศรีสะเกษ,ศรีสะเกษ,SAN,2024-10-08,ไม่ผ่านเกณฑ์
ป.ปัณฑรีย์ปลาจุ่ม,ร้านจำหน่ายอาหาร,เมืองเหนือ,เมืองศรีสะเกษ,ศรีสะเกษ,SAN,2025-01-28,ไม่ผ่านเกณฑ์
ร้านอิ่มแปล้คาเฟ่,ร้านจำหน่ายอาหาร,เมืองใต้,เมืองศรีสะเกษ,ศรีสะเกษ,SAN,2024-10-11,ไม่ผ่านเกณฑ์
ร้านครัวสองพี่น้อง,ร้านจำหน่ายอาหาร,โพธิ์,เมืองศรีสะเกษ,ศรีสะเกษ,SAN,2024-10-22,ไม่ผ่านเกณฑ์
ร้านโกดัง 24,ร้านจำหน่ายอาหาร,เมืองใต้,เมืองศรีสะเกษ,ศรีสะเกษ,SAN,2024-10-22,ไม่ผ่านเกณฑ์
Craft&Cold,ร้านจำหน่ายอาหาร,เมืองใต้,เมืองศรีสะเกษ,ศรีสะเกษ,SAN,2025-01-28,ไม่ผ่านเกณฑ์
ร้านข้าวต้มปู่จ๋าโภชนา,ร้านจำหน่ายอาหาร,เมืองใต้,เมืองศรีสะเกษ,ศรีสะเกษ,SAN,2025-01-28,ไม่ผ่านเกณฑ์
ร้านปุยำสายแซ่บ,ร้านจำหน่ายอาหาร,เมืองเหนือ,เมืองศรีสะเกษ,ศรีสะเกษ,SAN,2024-10-22,ไม่ผ่านเกณฑ์
ร้านโครตตำ 20,ร้านจำหน่ายอาหาร,โพธิ์,เมืองศรีสะเกษ,ศรีสะเกษ,SAN,2025-01-28,ไม่ผ่านเกณฑ์
ร้านป้าเขียว,ร้านจำหน่ายอาหาร,โพธิ์,เมืองศรีสะเกษ,ศรีสะเกษ,SAN,2025-05-13,รับรอง
ร้านแจ่วฮ้อนน้องพร,ร้านจำหน่ายอาหาร,โพนข่า,เมืองศรีสะเกษ,ศรีสะเกษ,SAN,2025-01-28,ไม่ผ่านเกณฑ์
MANEKI Premium Japanese(มาเนกิพรีเมียม เจแปนนิส),ร้านจำหน่ายอาหาร,โพธิ์,เมืองศรีสะเกษ,ศรีสะเกษ,SAN,2024-12-04,รับรอง
ครัวสบายสบาย,ร้านจำหน่ายอาหาร,โพธิ์,เมืองศรีสะเกษ,ศรีสะเกษ,SAN,2025-07-02,รับรอง
แจ่วฮ้อนยินดี 2,ร้านจำหน่ายอาหาร,เมืองใต้,เมืองศรีสะเกษ,ศรีสะเกษ,SAN,2024-10-22,ไม่ผ่านเกณฑ์
ร้านโคดาวาริ,ร้านจำหน่ายอาหาร,หนองครก,เมืองศรีสะเกษ,ศรีสะเกษ,SAN,2025-07-02,รับรอง
ร้านออมเอยอาหารตามสั่ง,ร้านจำหน่ายอาหาร,โพนข่า,เมืองศรีสะเกษ,ศรีสะเกษ,SAN,2025-01-28,ไม่ผ่านเกณฑ์
ร้านก๋วยเตี๋ยวต้มยำไข่ยางมะตูม,ร้านจำหน่ายอาหาร,โพธิ์,เมืองศรีสะเกษ,ศรีสะเกษ,SAN,2025-01-28,ไม่ผ่านเกณฑ์
ร้านไก่เกาสาขา 2,ร้านจำหน่ายอาหาร,เมืองใต้,เมืองศรีสะเกษ,ศรีสะเกษ,SAN,2025-01-28,ไม่ผ่านเกณฑ์
ร้านโอเอซีส,ร้านจำหน่ายอาหาร,เมืองใต้,เมืองศรีสะเกษ,ศรีสะเกษ,SAN,2025-07-31,รับรอง
ร้านครัวไทยลาว,ร้านจำหน่ายอาหาร,เมืองใต้,เมืองศรีสะเกษ,ศรีสะเกษ,SAN,2025-01-28,ไม่ผ่านเกณฑ์
ร้านดัคกี้,ร้านจำหน่ายอาหาร,เมืองเหนือ,เมืองศรีสะเกษ,ศรีสะเกษ,มาตรฐาน SAN,2025-01-28,หมดอายุ
ร้านเจียวกี่,ร้านจำหน่ายอาหาร,เมืองเหนือ,เมืองศรีสะเกษ,ศรีสะเกษ,SAN,2025-01-28,ไม่ผ่านเกณฑ์
Yes sisaket,ร้านจำหน่ายอาหาร,โพธิ์,เมืองศรีสะเกษ,ศรีสะเกษ,SAN,2025-01-28,ไม่ผ่านเกณฑ์
ร้านครัวเมืองศรี,ร้านจำหน่ายอาหาร,เมืองเหนือ,เมืองศรีสะเกษ,ศรีสะเกษ,SAN,2025-01-28,ไม่ผ่านเกณฑ์
ร้านอภิรมย์,ร้านจำหน่ายอาหาร,โพธิ์,เมืองศรีสะเกษ,ศรีสะเกษ,SAN,2023-07-10,ไม่ผ่านเกณฑ์
ร้านก๋วยจั๊บสายร็อค,ร้านจำหน่ายอาหาร,หนองครก,เมืองศรีสะเกษ,ศรีสะเกษ,SAN,2023-07-10,ไม่ผ่านเกณฑ์
ร้านก.กุ้งก๋วยเตี๋ยวเรือ,ร้านจำหน่ายอาหาร,โพธิ์,เมืองศรีสะเกษ,ศรีสะเกษ,SAN,2023-07-10,ไม่ผ่านเกณฑ์
ร้านAT 20.20,ร้านจำหน่ายอาหาร,โพธิ์,เมืองศรีสะเกษ,ศรีสะเกษ,SAN,2025-02-03,รับรอง
ร้านชูชื่นอาหารตามสั่ง (สามแยกหน้ามอ),ร้านจำหน่ายอาหาร,โพธิ์,เมืองศรีสะเกษ,ศรีสะเกษ,SAN,2023-07-10,ไม่ผ่านเกณฑ์
สถานีโคขุน,ร้านจำหน่ายอาหาร,เมืองใต้,เมืองศรีสะเกษ,ศรีสะเกษ,SAN,2023-07-10,ไม่ผ่านเกณฑ์
ร้านส้มตำปากเจ่อยำแหนม,ร้านจำหน่ายอาหาร,เมืองเหนือ,เมืองศรีสะเกษ,ศรีสะเกษ,SAN,2025-01-28,ไม่ผ่านเกณฑ์
ร้านจุ๋มส้มตำ,ร้านจำหน่ายอาหาร,เมืองใต้,เมืองศรีสะเกษ,ศรีสะเกษ,SAN,2023-07-10,ไม่ผ่านเกณฑ์
ก๋วยเตี๋ยวตั้งหลัก,ร้านจำหน่ายอาหาร,โพธิ์,เมืองศรีสะเกษ,ศรีสะเกษ,SAN,2023-07-11,ไม่ผ่านเกณฑ์
รัานวัฒนาหมูกระทะ สาขา3 โคขุนคูณทะเล,ร้านบุฟเฟ่ต์ (ปิ้งย่าง/ชาบู/สุกี้),เมืองใต้,เมืองศรีสะเกษ,ศรีสะเกษ,SAN,2023-07-11,ไม่ผ่านเกณฑ์
ร้านเคนจิโร่ ,ร้านจำหน่ายอาหาร,โพธิ์,เมืองศรีสะเกษ,ศรีสะเกษ,SAN,2023-07-11,ไม่ผ่านเกณฑ์
ร้านอาหารยำยั่วเย,ร้านจำหน่ายอาหาร,โพธิ์,เมืองศรีสะเกษ,ศรีสะเกษ,SAN,2023-07-11,ไม่ผ่านเกณฑ์
ซุ่นเฮงศูนย์อาหาร,ศูนย์อาหาร,เมืองใต้,เมืองศรีสะเกษ,ศรีสะเกษ,SAN,2025-01-28,ไม่ผ่านเกณฑ์
ครัวพรภิรมย์,ร้านจำหน่ายอาหาร,โพธิ์,เมืองศรีสะเกษ,ศรีสะเกษ,SAN,2023-07-11,ไม่ผ่านเกณฑ์
ร้านโพดแท้ลุงจิ๋ว,ร้านจำหน่ายอาหาร,เมืองเหนือ,เมืองศรีสะเกษ,ศรีสะเกษ,SAN,2023-07-11,ไม่ผ่านเกณฑ์
Pig in pot หมูในหม้อ,ร้านบุฟเฟ่ต์ (ปิ้งย่าง/ชาบู/สุกี้),หนองครก,เมืองศรีสะเกษ,ศรีสะเกษ,SAN,2025-01-28,ไม่ผ่านเกณฑ์
ร้านส้มตำตายาย,ร้านจำหน่ายอาหาร,เมืองใต้,เมืองศรีสะเกษ,ศรีสะเกษ,SAN,2023-07-11,ไม่ผ่านเกณฑ์
ร้านก๋วยเตี๋ยวฮ่องเต้ติ่มซำ,ร้านจำหน่ายอาหาร,เมืองเหนือ,เมืองศรีสะเกษ,ศรีสะเกษ,SAN,2023-07-12,ไม่ผ่านเกณฑ์
จรวดอาหารเช้า,ร้านจำหน่ายอาหาร,เมืองเหนือ,เมืองศรีสะเกษ,ศรีสะเกษ,SAN,2024-10-22,ไม่ผ่านเกณฑ์
ร้าน999,ร้านบุฟเฟ่ต์ (ปิ้งย่าง/ชาบู/สุกี้),โพธิ์,เมืองศรีสะเกษ,ศรีสะเกษ,SAN,2023-07-12,ไม่ผ่านเกณฑ์
เซิ้ง บันเทิงศิลป์,ร้านจำหน่ายอาหาร,โพธิ์,เมืองศรีสะเกษ,ศรีสะเกษ,SAN,2025-06-27,รับรอง
นายเฮงดี ไก่ย่างไม้มะดัน,ร้านจำหน่ายอาหาร,เมืองเหนือ,เมืองศรีสะเกษ,ศรีสะเกษ,SAN PLUS,2024-08-27,รับรอง
คีฟ  แฟคตอรี่,ร้านจำหน่ายอาหาร,เมืองใต้,เมืองศรีสะเกษ,ศรีสะเกษ,SAN,2025-07-08,รับรอง
CAFE DE TREE,ร้านจำหน่ายอาหาร,เมืองเหนือ,เมืองศรีสะเกษ,ศรีสะเกษ,SAN,2023-07-12,ไม่ผ่านเกณฑ์
บริษัท ตำกระเทย เรสเทอรองต์ พลัส จำกัด,ร้านจำหน่ายอาหาร,หญ้าปล้อง,เมืองศรีสะเกษ,ศรีสะเกษ,SAN,2025-07-08,รับรอง
ส้มตำหน้าโค้ก,ร้านจำหน่ายอาหาร,โพธิ์,เมืองศรีสะเกษ,ศรีสะเกษ,มาตรฐาน SAN,2023-07-12,หมดอายุ
โรงเหล้า ทำมือ ศรีสะเกษ,ร้านจำหน่ายอาหาร,โพธิ์,เมืองศรีสะเกษ,ศรีสะเกษ,SAN,2023-07-12,ไม่ผ่านเกณฑ์
สำราญมหาซน ศรีสะเกษ,ร้านจำหน่ายอาหาร,โพธิ์,เมืองศรีสะเกษ,ศรีสะเกษ,มาตรฐาน SAN,2023-07-12,หมดอายุ
เมาท์ทูเมาท์(MOUTH2MOUTH),ร้านจำหน่ายอาหาร,โพธิ์,เมืองศรีสะเกษ,ศรีสะเกษ,SAN,2025-07-02,รับรอง
ศูนย์อาหารมหาวิทยาลัยราชภัฏศรีสะเกษ,ศูนย์อาหาร,โพธิ์,เมืองศรีสะเกษ,ศรีสะเกษ,SAN,2023-07-12,ไม่ผ่านเกณฑ์
ครัวระเบียงไม้,ร้านจำหน่ายอาหาร,โพธิ์,เมืองศรีสะเกษ,ศรีสะเกษ,SAN,2023-07-12,ไม่ผ่านเกณฑ์
S.P.U ชาบู,ร้านบุฟเฟ่ต์ (ปิ้งย่าง/ชาบู/สุกี้),เมืองเหนือ,เมืองศรีสะเกษ,ศรีสะเกษ,SAN,2023-07-12,ไม่ผ่านเกณฑ์
ร้าน ป.ปักษ์ใต้,ร้านจำหน่ายอาหาร,เมืองใต้,เมืองศรีสะเกษ,ศรีสะเกษ,SAN,2023-07-12,ไม่ผ่านเกณฑ์
อิ่มแปล้ คาเฟ่ (ถ.อุบล),ร้านจำหน่ายอาหาร,เมืองใต้,เมืองศรีสะเกษ,ศรีสะเกษ,SAN,2024-10-22,ไม่ผ่านเกณฑ์
ครัวซาลีมะฮ์,ร้านจำหน่ายอาหาร,หนองครก,เมืองศรีสะเกษ,ศรีสะเกษ,SAN,2023-07-12,ไม่ผ่านเกณฑ์
ร้านหม่าล่าเจมส์ลี่,ร้านจำหน่ายอาหาร,เมืองเหนือ,เมืองศรีสะเกษ,ศรีสะเกษ,SAN,2023-07-12,ไม่ผ่านเกณฑ์
อิ่มแปล้ คาเฟ่ (ถ.ขุขันธ์),ร้านจำหน่ายอาหาร,เมืองใต้,เมืองศรีสะเกษ,ศรีสะเกษ,SAN,2024-10-22,ไม่ผ่านเกณฑ์
คาเฟ่ อิน แอนด์ โค,ร้านจำหน่ายอาหาร,เมืองใต้,เมืองศรีสะเกษ,ศรีสะเกษ,SAN,2023-07-12,ไม่ผ่านเกณฑ์
ส้มตำกกขาม,ร้านจำหน่ายอาหาร,เมืองใต้,เมืองศรีสะเกษ,ศรีสะเกษ,SAN,2025-06-05,รับรอง
ร้านไผ่เขียว,ร้านจำหน่ายอาหาร,เมืองใต้,เมืองศรีสะเกษ,ศรีสะเกษ,SAN,2023-07-12,ไม่ผ่านเกณฑ์
โรงแรมบ้านต้นไม้,ร้านจำหน่ายอาหาร,หนองครก,เมืองศรีสะเกษ,ศรีสะเกษ,SAN,2023-07-12,ไม่ผ่านเกณฑ์
ลาบเป็ดคุณสิงห์,ร้านจำหน่ายอาหาร,หนองครก,เมืองศรีสะเกษ,ศรีสะเกษ,SAN,2023-07-12,ไม่ผ่านเกณฑ์
การสุราภูมิภาค,ร้านจำหน่ายอาหาร,โพธิ์,เมืองศรีสะเกษ,ศรีสะเกษ,SAN,2023-07-13,ไม่ผ่านเกณฑ์
ร้านกาแฟอินทนิล(Inthanin),ร้านจำหน่ายอาหาร,โพธิ์,เมืองศรีสะเกษ,ศรีสะเกษ,SAN,2023-07-13,ไม่ผ่านเกณฑ์
ก๋วยเตี๋ยวแชมป์หน้าตลาดโต้รุ่ง,ร้านจำหน่ายอาหาร,เมืองใต้,เมืองศรีสะเกษ,ศรีสะเกษ,SAN,2023-07-13,ไม่ผ่านเกณฑ์
ตาต้าข้าวกล่อง,ร้านจำหน่ายอาหาร,เมืองใต้,เมืองศรีสะเกษ,ศรีสะเกษ,SAN,2023-07-13,ไม่ผ่านเกณฑ์
C&H café (ซีแอนเอช คาเฟ่),ร้านจำหน่ายอาหาร,เมืองเหนือ,เมืองศรีสะเกษ,ศรีสะเกษ,SAN,2025-05-14,รับรอง
อินทนิลคอฟฟี่,ร้านจำหน่ายอาหาร,เมืองใต้,เมืองศรีสะเกษ,ศรีสะเกษ,SAN,2023-07-13,ไม่ผ่านเกณฑ์
ก๋วยเตี๋ยวขาหมู,ร้านจำหน่ายอาหาร,โพธิ์,เมืองศรีสะเกษ,ศรีสะเกษ,SAN,2025-01-09,รับรอง
ร้านก๋วยเตี๋ยวลูกชิ้นปลาเยาวราช,ร้านจำหน่ายอาหาร,หนองครก,เมืองศรีสะเกษ,ศรีสะเกษ,SAN,2023-07-13,ไม่ผ่านเกณฑ์
ร้านก๋วยเตี๋ยวเรือใหญ่,ร้านจำหน่ายอาหาร,โพธิ์,เมืองศรีสะเกษ,ศรีสะเกษ,SAN,2023-07-13,ไม่ผ่านเกณฑ์
ส้มตำแอ๋ว,ร้านจำหน่ายอาหาร,เมืองใต้,เมืองศรีสะเกษ,ศรีสะเกษ,SAN,2023-07-13,ไม่ผ่านเกณฑ์
ร้านสุนีย์,ร้านจำหน่ายอาหาร,เมืองใต้,เมืองศรีสะเกษ,ศรีสะเกษ,SAN,2025-07-24,รับรอง
ร้านข้าวผัด,ร้านจำหน่ายอาหาร,โพธิ์,เมืองศรีสะเกษ,ศรีสะเกษ,มาตรฐาน SAN,2023-07-13,หมดอายุ
คุณเส็งโภชนา,ร้านจำหน่ายอาหาร,เมืองเหนือ,เมืองศรีสะเกษ,ศรีสะเกษ,SAN,2023-07-13,ไม่ผ่านเกณฑ์
ร้านข้าวต้ม ป.นำชัย,ร้านจำหน่ายอาหาร,เมืองใต้,เมืองศรีสะเกษ,ศรีสะเกษ,SAN,2023-07-13,ไม่ผ่านเกณฑ์
ร้านข้าวต้ม เฮง เฮง,ร้านจำหน่ายอาหาร,โพธิ์,เมืองศรีสะเกษ,ศรีสะเกษ,SAN,2025-07-24,รับรอง
ร้านพิทัก,ร้านจำหน่ายอาหาร,โพธิ์,เมืองศรีสะเกษ,ศรีสะเกษ,SAN,2023-07-13,ไม่ผ่านเกณฑ์
ร้านคุณป้า,ร้านจำหน่ายอาหาร,เมืองเหนือ,เมืองศรีสะเกษ,ศรีสะเกษ,SAN,2024-09-05,รับรอง
ร้านก๋วยจั๊บน่องไก่,ร้านจำหน่ายอาหาร,เมืองใต้,เมืองศรีสะเกษ,ศรีสะเกษ,SAN,2023-07-13,ไม่ผ่านเกณฑ์
คาเฟ่อเมซอน,ร้านจำหน่ายอาหาร,โพธิ์,เมืองศรีสะเกษ,ศรีสะเกษ,SAN,2023-07-13,ไม่ผ่านเกณฑ์
ร้านมีณัฐ สภาบุฟผาชน(แจ่วฮ้อน),ร้านจำหน่ายอาหาร,โพธิ์,เมืองศรีสะเกษ,ศรีสะเกษ,SAN,2023-07-13,ไม่ผ่านเกณฑ์
คุณแดง2,ร้านจำหน่ายอาหาร,เมืองเหนือ,เมืองศรีสะเกษ,ศรีสะเกษ,SAN,2023-07-14,ไม่ผ่านเกณฑ์
ไม้หมาก,ร้านจำหน่ายอาหาร,เมืองเหนือ,เมืองศรีสะเกษ,ศรีสะเกษ,SAN,2023-07-14,ไม่ผ่านเกณฑ์
ไก่ย่างคุณปู่,ร้านจำหน่ายอาหาร,โพนข่า,เมืองศรีสะเกษ,ศรีสะเกษ,SAN,2023-07-14,ไม่ผ่านเกณฑ์
ลาบ ส.สิริ,ร้านจำหน่ายอาหาร,หนองครก,เมืองศรีสะเกษ,ศรีสะเกษ,SAN,2025-07-23,รับรอง
ส้มตำสมศรี,ร้านจำหน่ายอาหาร,เมืองเหนือ,เมืองศรีสะเกษ,ศรีสะเกษ,SAN,2023-07-14,ไม่ผ่านเกณฑ์
ส้มตำหน้าชิม,ร้านจำหน่ายอาหาร,โพธิ์,เมืองศรีสะเกษ,ศรีสะเกษ,SAN,2025-07-23,รับรอง
บริษัท เอ็มเคอินเตอร์ฟู้ด จำกัดสาขาบิ๊กซีศรีสะเกษ,ร้านจำหน่ายอาหาร,หญ้าปล้อง,เมืองศรีสะเกษ,ศรีสะเกษ,SAN,2023-07-14,ไม่ผ่านเกณฑ์
ร้านลาบกุ๊กไหม,ร้านจำหน่ายอาหาร,เมืองเหนือ,เมืองศรีสะเกษ,ศรีสะเกษ,SAN,2023-07-14,ไม่ผ่านเกณฑ์
กุ๊กโฮม,ร้านจำหน่ายอาหาร,โพธิ์,เมืองศรีสะเกษ,ศรีสะเกษ,SAN,2023-07-14,ไม่ผ่านเกณฑ์
แจ่มหมูเกาหลี,ร้านจำหน่ายอาหาร,โพธิ์,เมืองศรีสะเกษ,ศรีสะเกษ,SAN,2023-07-14,ไม่ผ่านเกณฑ์
ร้านใส่นม,ร้านจำหน่ายอาหาร,เมืองใต้,เมืองศรีสะเกษ,ศรีสะเกษ,SAN,2023-07-14,ไม่ผ่านเกณฑ์
ก๋วยเตี๋ยวอารักษ์,ร้านจำหน่ายอาหาร,หนองครก,เมืองศรีสะเกษ,ศรีสะเกษ,SAN,2023-07-14,ไม่ผ่านเกณฑ์
จันทร์เพ็ญ,ร้านจำหน่ายอาหาร,เมืองใต้,เมืองศรีสะเกษ,ศรีสะเกษ,SAN,2023-07-14,ไม่ผ่านเกณฑ์
ร้านหมูแฮมโภชนา,ร้านจำหน่ายอาหาร,เมืองใต้,เมืองศรีสะเกษ,ศรีสะเกษ,SAN,2023-07-14,ไม่ผ่านเกณฑ์
ส้มตำหน้าวัดเจียงอี,ร้านจำหน่ายอาหาร,เมืองใต้,เมืองศรีสะเกษ,ศรีสะเกษ,SAN,2023-07-14,ไม่ผ่านเกณฑ์
ร้านเจ้หมวยก๋วยเตี๋ยวลูกชิ้นปลา,ร้านจำหน่ายอาหาร,โพธิ์,เมืองศรีสะเกษ,ศรีสะเกษ,SAN,2025-07-22,รับรอง
วรรณไทย,ร้านจำหน่ายอาหาร,หนองครก,เมืองศรีสะเกษ,ศรีสะเกษ,SAN,2023-07-14,ไม่ผ่านเกณฑ์
รวม,ร้านจำหน่ายอาหาร,ดูน,กันทรารมย์,ศรีสะเกษ,SAN,2023-09-14,ไม่ผ่านเกณฑ์
สวนอาหารบ้านแกรี่,ร้านจำหน่ายอาหาร,โนนค้อ,โนนคูณ,ศรีสะเกษ,SAN,2023-09-14,ไม่ผ่านเกณฑ์
ก๋วยเตี๋ยวเรือตกตุ๋นหม้อไฟ,ร้านจำหน่ายอาหาร,เสียว,เบญจลักษ์,ศรีสะเกษ,SAN,2023-09-14,ไม่ผ่านเกณฑ์
ร้านอาหารพรชัย,ร้านจำหน่ายอาหาร,หนองหญ้าลาด,กันทรลักษ์,ศรีสะเกษ,SAN,2023-09-14,ไม่ผ่านเกณฑ์
อเมซอน,ร้านจำหน่ายอาหาร,โพธิ์,เมืองศรีสะเกษ,ศรีสะเกษ,SAN,2023-07-18,ไม่ผ่านเกณฑ์
อเมซอน,ร้านจำหน่ายอาหาร,โพนข่า,เมืองศรีสะเกษ,ศรีสะเกษ,SAN,2023-07-18,ไม่ผ่านเกณฑ์
อเมซอน (สาขาขุขันธ์),ร้านจำหน่ายอาหาร,เมืองใต้,เมืองศรีสะเกษ,ศรีสะเกษ,SAN,2023-07-18,ไม่ผ่านเกณฑ์
Swensen’s (สเวนเซ่นส์),ร้านจำหน่ายอาหาร,หญ้าปล้อง,เมืองศรีสะเกษ,ศรีสะเกษ,SAN,2023-07-18,ไม่ผ่านเกณฑ์
The cup station(เดอะคัพสเตชั่น),ร้านจำหน่ายอาหาร,โพธิ์,เมืองศรีสะเกษ,ศรีสะเกษ,SAN,2023-07-18,ไม่ผ่านเกณฑ์
The cup café (เดอะคัพคาเฟ่),ร้านจำหน่ายอาหาร,เมืองใต้,เมืองศรีสะเกษ,ศรีสะเกษ,SAN,2023-07-18,ไม่ผ่านเกณฑ์
สุพรรณโภชนา,ร้านจำหน่ายอาหาร,พยุห์,พยุห์,ศรีสะเกษ,SAN,2025-04-29,รับรอง
The cup corner (เดอะคัพคอนเนอร์),ร้านจำหน่ายอาหาร,หญ้าปล้อง,เมืองศรีสะเกษ,ศรีสะเกษ,SAN,2025-05-19,รับรอง
กาฬสินธุ์กุ้งเผา,ร้านจำหน่ายอาหาร,เมืองใต้,เมืองศรีสะเกษ,ศรีสะเกษ,SAN,2025-05-19,รับรอง
ร้านจิ้มจุ่มครูหนึ่ง,ร้านจำหน่ายอาหาร,โพธิ์,เมืองศรีสะเกษ,ศรีสะเกษ,SAN,2023-07-18,ไม่ผ่านเกณฑ์
โอเค สเต็ก แอนด์ บาร์,ร้านจำหน่ายอาหาร,เมืองใต้,เมืองศรีสะเกษ,ศรีสะเกษ,SAN,2025-08-04,รับรอง
ร้านน้องเบลล่า,ร้านจำหน่ายอาหาร,หนองครก,เมืองศรีสะเกษ,ศรีสะเกษ,SAN,2025-08-04,รับรอง
ร้านน้องอาย,ร้านจำหน่ายอาหาร,โพนข่า,เมืองศรีสะเกษ,ศรีสะเกษ,SAN,2025-08-04,รับรอง
ก๋วยจั๊บกังฟู,ร้านจำหน่ายอาหาร,โพธิ์,เมืองศรีสะเกษ,ศรีสะเกษ,SAN,2025-06-26,รับรอง
ร้าน สเต็กโชกุนและแอลเอหมูกระทะ ศรีสะเกษ,ร้านจำหน่ายอาหาร,เมืองเหนือ,เมืองศรีสะเกษ,ศรีสะเกษ,SAN,2025-08-04,รับรอง
ร้านก๋วยจั๊บฅนเห็น2,ร้านจำหน่ายอาหาร,หนองครก,เมืองศรีสะเกษ,ศรีสะเกษ,SAN,2025-06-26,รับรอง
ร้านเพื่อนเพ็ญ,ร้านจำหน่ายอาหาร,หนองครก,เมืองศรีสะเกษ,ศรีสะเกษ,SAN,2023-07-18,ไม่ผ่านเกณฑ์
ก๋วยจั๊บหน้าวัดพันทา,ร้านจำหน่ายอาหาร,เมืองเหนือ,เมืองศรีสะเกษ,ศรีสะเกษ,SAN,2025-08-04,รับรอง
ร้านชายสี่บะหมี่เกี๊ยว,ร้านจำหน่ายอาหาร,เมืองเหนือ,เมืองศรีสะเกษ,ศรีสะเกษ,SAN,2025-05-19,รับรอง
ร้านโจ๊ก,ร้านจำหน่ายอาหาร,เมืองเหนือ,เมืองศรีสะเกษ,ศรีสะเกษ,SAN,2025-08-04,รับรอง
ร้านก๋วยจั๊บเส้นเล็ก2526,ร้านจำหน่ายอาหาร,เมืองใต้,เมืองศรีสะเกษ,ศรีสะเกษ,SAN,2023-07-18,ไม่ผ่านเกณฑ์
มุมสถานี,ร้านจำหน่ายอาหาร,เมืองใต้,เมืองศรีสะเกษ,ศรีสะเกษ,SAN,2025-06-07,รับรอง
ลาบกกคูณ,ร้านจำหน่ายอาหาร,หญ้าปล้อง,เมืองศรีสะเกษ,ศรีสะเกษ,SAN,2025-02-28,รับรอง
"ขายส้มตำ,ลูกชิ้นทอด",ร้านจำหน่ายอาหาร,โพธิ์,เมืองศรีสะเกษ,ศรีสะเกษ,SAN,2025-03-20,รับรอง
ก๋วยเตี๋ยวเรือแซ่บ  ไมเคิลยิ้ม,ร้านจำหน่ายอาหาร,หนองครก,เมืองศรีสะเกษ,ศรีสะเกษ,SAN,2023-07-19,ไม่ผ่านเกณฑ์
ร้านปั้นทอง,ร้านจำหน่ายอาหาร,พิมาย,ปรางค์กู่,ศรีสะเกษ,SAN,2023-09-14,ไม่ผ่านเกณฑ์
ร้านตำลึงทอง,ร้านจำหน่ายอาหาร,เมืองใต้,เมืองศรีสะเกษ,ศรีสะเกษ,SAN,2025-05-07,รับรอง
อาหารตามสั่งหมูอ้วน,ร้านจำหน่ายอาหาร,เมืองใต้,เมืองศรีสะเกษ,ศรีสะเกษ,SAN,2025-05-07,รับรอง
ร้านครกเด็ด ตำซาดิส,ร้านจำหน่ายอาหาร,เมืองเหนือ,เมืองศรีสะเกษ,ศรีสะเกษ,SAN,2023-07-19,ไม่ผ่านเกณฑ์
ร้านบะหมี่อุทุมพร2,ร้านจำหน่ายอาหาร,เมืองเหนือ,เมืองศรีสะเกษ,ศรีสะเกษ,SAN,2025-03-27,ไม่ผ่านเกณฑ์
ร้านไหน ก๋วยเตี๋ยวไก่ตุ๋น,ร้านจำหน่ายอาหาร,โพธิ์,เมืองศรีสะเกษ,ศรีสะเกษ,SAN,2025-05-07,รับรอง
ร้านผัดไทยใบตอง,ร้านจำหน่ายอาหาร,หญ้าปล้อง,เมืองศรีสะเกษ,ศรีสะเกษ,SAN,2025-02-28,รับรอง
โจ๊กหมูบะช่อ,ร้านจำหน่ายอาหาร,เมืองใต้,เมืองศรีสะเกษ,ศรีสะเกษ,SAN PLUS,2024-07-01,หมดอายุ
ร้านโคลเวอร์(Clover),ร้านจำหน่ายอาหาร,โพนข่า,เมืองศรีสะเกษ,ศรีสะเกษ,SAN,2025-05-19,รับรอง
สดสมบูรณ์,ร้านจำหน่ายอาหาร,กำแพง,อุทุมพรพิสัย,ศรีสะเกษ,SAN,2025-05-19,รับรอง
ครัวนิกะปอนด์,ร้านจำหน่ายอาหาร,ตาโกน,เมืองจันทร์,ศรีสะเกษ,SAN,2023-09-14,ไม่ผ่านเกณฑ์
ร้านครัวยายหล่า,ร้านจำหน่ายอาหาร,เสียว,โพธิ์ศรีสุวรรณ,ศรีสะเกษ,SAN,2023-09-14,ไม่ผ่านเกณฑ์
พรโภชนา,ร้านจำหน่ายอาหาร,บึงบูรพ์,บึงบูรพ์,ศรีสะเกษ,SAN,2023-09-14,ไม่ผ่านเกณฑ์
เพชรลำภู,ร้านบุฟเฟ่ต์ (ปิ้งย่าง/ชาบู/สุกี้),กุง,ศิลาลาด,ศรีสะเกษ,SAN,2023-09-14,ไม่ผ่านเกณฑ์
มีพร้อม,ร้านจำหน่ายอาหาร,เมืองคง,ราษีไศล,ศรีสะเกษ,SAN,2023-09-14,ไม่ผ่านเกณฑ์
ศูนย์อาหาร 70 ปี สตรีสิริเกศ,ศูนย์อาหาร,เมืองใต้,เมืองศรีสะเกษ,ศรีสะเกษ,SAN PLUS,2025-07-07,รับรอง
อีสานชาบูขุนหาญ,ร้านบุฟเฟ่ต์ (ปิ้งย่าง/ชาบู/สุกี้),สิ,ขุนหาญ,ศรีสะเกษ,SAN,2025-03-10,รับรอง
อิ่มอุ่น,ร้านจำหน่ายอาหาร,หนองครก,เมืองศรีสะเกษ,ศรีสะเกษ,SAN,2023-08-09,ไม่ผ่านเกณฑ์
ครัวแสล,ร้านจำหน่ายอาหาร,บุสูง,วังหิน,ศรีสะเกษ,SAN,2025-01-02,รับรอง
ละมุน,ร้านจำหน่ายอาหาร,ห้วยเหนือ,ขุขันธ์,ศรีสะเกษ,SAN,2023-09-14,ไม่ผ่านเกณฑ์
แซบนัวสเตชั่น,ภัตาคาร,ห้วยเหนือ,ขุขันธ์,ศรีสะเกษ,SAN,2025-01-02,รับรอง
ร้านบ้านเฮา,ร้านจำหน่ายอาหาร,หมากเขียบ,เมืองศรีสะเกษ,ศรีสะเกษ,SAN,2024-09-09,รับรอง
กาแฟสยาม ยางชุมน้อย,ร้านเครื่องดื่ม,ยางชุมน้อย,ยางชุมน้อย,ศรีสะเกษ,SAN,2025-01-02,รับรอง
ร้านครัวต้นข้าว,ร้านจำหน่ายอาหาร,รุ่งระวี,น้ำเกลี้ยง,ศรีสะเกษ,SAN,2023-09-14,ไม่ผ่านเกณฑ์
พงษ์สินรีสอร์ท และสวนอาหาร,สวนอาหาร,พราน,ขุนหาญ,ศรีสะเกษ,SAN,2024-01-25,ไม่ผ่านเกณฑ์
โคโค่ COCO,ร้านจำหน่ายอาหาร,,ขุนหาญ,ศรีสะเกษ,SAN,2025-07-29,รับรอง
หลงป่า คาแฟ่,ร้านจำหน่ายอาหาร,ซำ,เมืองศรีสะเกษ,ศรีสะเกษ,SAN,2024-01-30,ไม่ผ่านเกณฑ์
TAEMICK cafe’ and garden ,ร้านจำหน่ายอาหาร,เมืองใต้,เมืองศรีสะเกษ,ศรีสะเกษ,มาตรฐาน SAN,2024-07-18,หมดอายุ
ร้านครูกำไร,ร้านเครื่องดื่ม,หนองไฮ,อุทุมพรพิสัย,ศรีสะเกษ,SAN,2025-07-09,ไม่ผ่านเกณฑ์
นารีมะเดื่อ,ร้านจำหน่ายอาหาร,หนองไฮ,อุทุมพรพิสัย,ศรีสะเกษ,SAN,2024-07-15,ไม่ผ่านเกณฑ์
ร้านก๋วยเตี๋ยว,ร้านจำหน่ายอาหาร,หนองไฮ,อุทุมพรพิสัย,ศรีสะเกษ,SAN,2024-07-15,ไม่ผ่านเกณฑ์
ลาบ ก้อย หนองไฮ,ร้านจำหน่ายอาหาร,หนองไฮ,อุทุมพรพิสัย,ศรีสะเกษ,SAN,2025-04-29,ไม่ผ่านเกณฑ์
สาวหล้า ล้านลาภ,ร้านจำหน่ายอาหาร,หนองไฮ,อุทุมพรพิสัย,ศรีสะเกษ,SAN,2025-04-29,ไม่ผ่านเกณฑ์
เอมส้มตำ,ร้านจำหน่ายอาหาร,หนองไฮ,อุทุมพรพิสัย,ศรีสะเกษ,SAN,2025-07-21,ไม่ผ่านเกณฑ์
ล้านดารา,ร้านจำหน่ายอาหาร,หนองไฮ,อุทุมพรพิสัย,ศรีสะเกษ,SAN,2025-04-29,ไม่ผ่านเกณฑ์
ร้านรุ่งกินน้ำ,ร้านจำหน่ายอาหาร,หนองไฮ,อุทุมพรพิสัย,ศรีสะเกษ,SAN,2025-07-08,ไม่ผ่านเกณฑ์
ร้านก๋วยเตี๋ยวเจ้พุง,ร้านจำหน่ายอาหาร,หนองไฮ,อุทุมพรพิสัย,ศรีสะเกษ,SAN,2025-04-29,ไม่ผ่านเกณฑ์
นางหมาย,ร้านจำหน่ายอาหาร,หนองไฮ,อุทุมพรพิสัย,ศรีสะเกษ,SAN,2024-10-07,ไม่ผ่านเกณฑ์
ร้านแม่แบม,ร้านจำหน่ายอาหาร,หนองไฮ,อุทุมพรพิสัย,ศรีสะเกษ,มาตรฐาน SAN,2024-10-07,หมดอายุ
นางดา  เกษี,ร้านจำหน่ายอาหาร,หนองไฮ,อุทุมพรพิสัย,ศรีสะเกษ,SAN,2024-11-29,ไม่ผ่านเกณฑ์
ร้านอาหารตามสั่ง,ร้านจำหน่ายอาหาร,หนองไฮ,อุทุมพรพิสัย,ศรีสะเกษ,SAN,2024-11-29,ไม่ผ่านเกณฑ์
สังวาน,ร้านจำหน่ายอาหาร,หนองไฮ,อุทุมพรพิสัย,ศรีสะเกษ,มาตรฐาน SAN,2024-12-02,หมดอายุ
ตุ๊กตา,ร้านจำหน่ายอาหาร,หนองไฮ,อุทุมพรพิสัย,ศรีสะเกษ,SAN,2025-04-29,ไม่ผ่านเกณฑ์
โออิชิ ชาบู,ร้านจำหน่ายอาหาร,หญ้าปล้อง,เมืองศรีสะเกษ,ศรีสะเกษ,SAN,2024-07-18,ไม่ผ่านเกณฑ์
ร้านเดิมแจ่วฮ้อน,ร้านจำหน่ายอาหาร,หนองครก,เมืองศรีสะเกษ,ศรีสะเกษ,SAN,2024-10-11,ไม่ผ่านเกณฑ์
เนื้อย่างภูพาน,ร้านบุฟเฟ่ต์ (ปิ้งย่าง/ชาบู/สุกี้),หนองไฮ,อุทุมพรพิสัย,ศรีสะเกษ,SAN,2025-05-19,รับรอง
โคขุนคุณพงษ์,ร้านจำหน่ายอาหาร,โพธิ์,เมืองศรีสะเกษ,ศรีสะเกษ,SAN,2024-07-19,ไม่ผ่านเกณฑ์
ห้องอาหารพรหมพิมาน,ร้านจำหน่ายอาหาร,เมืองใต้,เมืองศรีสะเกษ,ศรีสะเกษ,SAN,2024-07-19,ไม่ผ่านเกณฑ์
บิ๊กซีซูเปอร์สโตร์,ร้านจำหน่ายอาหาร,หญ้าปล้อง,เมืองศรีสะเกษ,ศรีสะเกษ,SAN,2024-07-19,ไม่ผ่านเกณฑ์
บริษัทเอ็มเคเรสโตรองต์ กรุ๊ป จำกัด(มหาชน),ร้านจำหน่ายอาหาร,หญ้าปล้อง,เมืองศรีสะเกษ,ศรีสะเกษ,SAN,2024-07-19,ไม่ผ่านเกณฑ์
ร้านกาแฟ ตาหนวด,ร้านเครื่องดื่ม,โพนเขวา,เมืองศรีสะเกษ,ศรีสะเกษ,SAN,2024-07-19,ไม่ผ่านเกณฑ์
ร้านอาหารโอเอชีส(OASIS),ร้านบุฟเฟ่ต์ (ปิ้งย่าง/ชาบู/สุกี้),เมืองใต้,เมืองศรีสะเกษ,ศรีสะเกษ,SAN,2024-07-19,ไม่ผ่านเกณฑ์
แจ่วฮ้อนร้านเดิม,ร้านจำหน่ายอาหาร,หนองครก,เมืองศรีสะเกษ,ศรีสะเกษ,มาตรฐาน SAN,2024-07-19,หมดอายุ
ร้านเจนหมูย่างเกาหลี,ร้านบุฟเฟ่ต์ (ปิ้งย่าง/ชาบู/สุกี้),โพนข่า,เมืองศรีสะเกษ,ศรีสะเกษ,SAN,2024-07-19,ไม่ผ่านเกณฑ์
ร้านน้องรุ้ง ไก่ย่าง,ร้านจำหน่ายอาหาร,หนองไฮ,อุทุมพรพิสัย,ศรีสะเกษ,SAN,2025-07-21,ไม่ผ่านเกณฑ์
คอปเตอร์ลูกชิ้นย่าง,ร้านจำหน่ายอาหาร,หนองไฮ,อุทุมพรพิสัย,ศรีสะเกษ,SAN,2025-07-21,ไม่ผ่านเกณฑ์
เตี๋ยวเรืออังคณา,ร้านจำหน่ายอาหาร,หนองไฮ,อุทุมพรพิสัย,ศรีสะเกษ,มาตรฐาน SAN,2024-10-08,หมดอายุ
ชาบานมสด,ร้านจำหน่ายอาหาร,เมืองใต้,เมืองศรีสะเกษ,ศรีสะเกษ,SAN,2025-07-23,รับรอง
ภัคธิราน้ำปั่น,ร้านเครื่องดื่ม,หนองไฮ,อุทุมพรพิสัย,ศรีสะเกษ,SAN,2025-07-16,รับรอง
โอกาซัง ศรีสะเกษ,ร้านจำหน่ายอาหาร,เมืองใต้,เมืองศรีสะเกษ,ศรีสะเกษ,SAN,2025-03-31,ไม่ผ่านเกณฑ์
อิ่มแปล้ คาเฟ่ (ถ.เทพา),ร้านจำหน่ายอาหาร,เมืองเหนือ,เมืองศรีสะเกษ,ศรีสะเกษ,SAN,2025-07-15,รับรอง
แจ่วฮ้อนยินดี,ร้านจำหน่ายอาหาร,โพธิ์,เมืองศรีสะเกษ,ศรีสะเกษ,SAN,2025-04-02,ไม่ผ่านเกณฑ์
ร้านอุทุมพร3,ร้านจำหน่ายอาหาร,เมืองใต้,เมืองศรีสะเกษ,ศรีสะเกษ,มาตรฐาน SAN,2025-03-27,หมดอายุ
ป้านงค์หน้าวัดบักดอง,ร้านจำหน่ายอาหาร,บักดอง,ขุนหาญ,ศรีสะเกษ,SAN,2025-04-25,ไม่ผ่านเกณฑ์
บริษัท ซีพีเอฟ (ประเทศไทย) จำกัด (มหาชน) โรงงานผลิตอาหารสัตว์ศรีสะเกษ,โรงอาหาร,โนนค้อ,โนนคูณ,ศรีสะเกษ,มาตรฐาน SAN,2025-03-11,หมดอายุ
ร้านโคม COME,ร้านจำหน่ายอาหาร,โพธิ์,เมืองศรีสะเกษ,ศรีสะเกษ,SAN,2025-03-31,ไม่ผ่านเกณฑ์
บาวคาเฟ่,ร้านเครื่องดื่ม,เมืองเหนือ,เมืองศรีสะเกษ,ศรีสะเกษ,SAN,2025-03-31,ไม่ผ่านเกณฑ์
ร้าน แดนดอกบัว 2 ,ร้านจำหน่ายอาหาร,หนองครก,เมืองศรีสะเกษ,ศรีสะเกษ,SAN,2024-09-25,รับรอง
ร้าน แดนดอกบัว 2 ,ร้านจำหน่ายอาหาร,หนองครก,เมืองศรีสะเกษ,ศรีสะเกษ,SAN,2025-03-31,ไม่ผ่านเกณฑ์
บริษัท ยูนิตี้ เอเชีย 2008 จำกัด,ร้านเครื่องดื่ม,เมืองใต้,เมืองศรีสะเกษ,ศรีสะเกษ,SAN,2025-03-31,ไม่ผ่านเกณฑ์
ร้านอาหารอิ่ม,ร้านจำหน่ายอาหาร,โพธิ์,เมืองศรีสะเกษ,ศรีสะเกษ,SAN,2025-07-21,รับรอง
มิกก้า ศรีสะเกษ,ร้านเครื่องดื่ม,เมืองใต้,เมืองศรีสะเกษ,ศรีสะเกษ,SAN,2025-07-21,รับรอง
ร้านเวียงสวรรค์,ร้านจำหน่ายอาหาร,โพนข่า,เมืองศรีสะเกษ,ศรีสะเกษ,SAN,2025-07-21,รับรอง
ROSE Roaster,ภัตาคาร,โพธิ์,เมืองศรีสะเกษ,ศรีสะเกษ,SAN,2025-03-31,ไม่ผ่านเกณฑ์
SUN,ร้านเครื่องดื่ม,เมืองใต้,เมืองศรีสะเกษ,ศรีสะเกษ,SAN,2025-07-29,รับรอง
ร้านลาบห้วยแฮด,ร้านจำหน่ายอาหาร,โพนข่า,เมืองศรีสะเกษ,ศรีสะเกษ,SAN,2025-03-31,ไม่ผ่านเกณฑ์
ร้านกาแฟตาหนวด,ร้านเครื่องดื่ม,โพธิ์,เมืองศรีสะเกษ,ศรีสะเกษ,SAN,2025-03-31,ไม่ผ่านเกณฑ์
ร้านครัวหลังบ้าน,ร้านจำหน่ายอาหาร,หนองครก,เมืองศรีสะเกษ,ศรีสะเกษ,SAN,2025-03-31,ไม่ผ่านเกณฑ์
ร้านหมาล่า,ร้านจำหน่ายอาหาร,โพธิ์,เมืองศรีสะเกษ,ศรีสะเกษ,SAN,2025-03-31,ไม่ผ่านเกณฑ์
ร้านศรีเนื้อ,ร้านจำหน่ายอาหาร,เมืองใต้,เมืองศรีสะเกษ,ศรีสะเกษ,SAN,2025-03-31,ไม่ผ่านเกณฑ์
ซีเจ มอร์ วิจิตรนคร,ร้านจำหน่ายอาหาร,เมืองเหนือ,เมืองศรีสะเกษ,ศรีสะเกษ,SAN,2025-03-31,ไม่ผ่านเกณฑ์
ร้านก๋วยเตี๋ยวคุณเมตตา,ร้านจำหน่ายอาหาร,พยุห์,พยุห์,ศรีสะเกษ,SAN,2024-11-15,รับรอง
สมจิตรโภชนา,ร้านจำหน่ายอาหาร,พยุห์,พยุห์,ศรีสะเกษ,SAN,2025-06-17,ไม่ผ่านเกณฑ์
ร้าน ก วัฒนา,ร้านจำหน่ายอาหาร,พยุห์,พยุห์,ศรีสะเกษ,SAN,2024-11-19,รับรอง
พรหมทองกุ้งเผา,ร้านจำหน่ายอาหาร,พยุห์,พยุห์,ศรีสะเกษ,SAN,2024-11-19,รับรอง
ร้านก๋วยเตี๋ยวแชมป์,ร้านจำหน่ายอาหาร,พยุห์,พยุห์,ศรีสะเกษ,SAN,2025-06-17,ไม่ผ่านเกณฑ์
ร้านเพชรลำภู เนื้อย่าง,ร้านจำหน่ายอาหาร,พยุห์,พยุห์,ศรีสะเกษ,SAN,2024-11-19,รับรอง
สุพิศโภชนา,ร้านจำหน่ายอาหาร,พยุห์,พยุห์,ศรีสะเกษ,SAN,2024-11-19,รับรอง
คุณบุญมาก,ร้านจำหน่ายอาหาร,พยุห์,พยุห์,ศรีสะเกษ,SAN,2025-06-19,ไม่ผ่านเกณฑ์
ร้านส้มตำยายสมบูรณ์,ร้านจำหน่ายอาหาร,พยุห์,พยุห์,ศรีสะเกษ,SAN,2025-06-19,ไม่ผ่านเกณฑ์
ขาวน้อย,ร้านจำหน่ายอาหาร,พยุห์,พยุห์,ศรีสะเกษ,SAN,2025-04-29,รับรอง
ร้านคุณเกื้อกูล,ร้านจำหน่ายอาหาร,พยุห์,พยุห์,ศรีสะเกษ,SAN,2024-11-21,รับรอง
แซวเมียง,ร้านจำหน่ายอาหาร,พยุห์,พยุห์,ศรีสะเกษ,SAN,2025-06-06,รับรอง
ร้านครัวขันทอง,ร้านจำหน่ายอาหาร,พยุห์,พยุห์,ศรีสะเกษ,SAN,2025-06-19,ไม่ผ่านเกณฑ์
ก๋วยจั๊บน้องเพลง,ร้านจำหน่ายอาหาร,พยุห์,พยุห์,ศรีสะเกษ,SAN,2024-11-20,รับรอง
ร้านเจ้าเชียรชัยก๋วยเตี๋ยวเรือ,ร้านจำหน่ายอาหาร,พยุห์,พยุห์,ศรีสะเกษ,SAN PLUS,2025-06-06,รับรอง
ร้านเพชรลำภู เนื้อย่าง,ร้านจำหน่ายอาหาร,พยุห์,พยุห์,ศรีสะเกษ,SAN PLUS,2025-05-22,รับรอง
ร้านก๋วยเตี๋ยวยายน้อย,ร้านจำหน่ายอาหาร,พยุห์,พยุห์,ศรีสะเกษ,SAN,2025-06-24,รับรอง
ร้านกับข้าวคุณชัยยุทธ,ร้านจำหน่ายอาหาร,พยุห์,พยุห์,ศรีสะเกษ,SAN,2024-11-21,รับรอง
ร้านหลานชายอาหารตามสั่ง,ร้านจำหน่ายอาหาร,พยุห์,พยุห์,ศรีสะเกษ,SAN,2025-06-19,ไม่ผ่านเกณฑ์
ขนมยายน้อย,ร้านจำหน่ายอาหาร,พยุห์,พยุห์,ศรีสะเกษ,SAN,2025-06-19,ไม่ผ่านเกณฑ์
กับข้าวยายแก้ว,ร้านจำหน่ายอาหาร,พยุห์,พยุห์,ศรีสะเกษ,SAN,2025-06-19,ไม่ผ่านเกณฑ์
ก๋วยเตี๋ยวยายเริญ,ร้านจำหน่ายอาหาร,พยุห์,พยุห์,ศรีสะเกษ,SAN,2025-06-19,ไม่ผ่านเกณฑ์
ร้านยายหม่อม,ร้านจำหน่ายอาหาร,พยุห์,พยุห์,ศรีสะเกษ,SAN,2025-06-19,ไม่ผ่านเกณฑ์
วังทอง,ร้านจำหน่ายอาหาร,พยุห์,พยุห์,ศรีสะเกษ,SAN,2025-02-04,รับรอง
นัดหมาย,ร้านจำหน่ายอาหาร,พยุห์,พยุห์,ศรีสะเกษ,SAN,2025-06-19,ไม่ผ่านเกณฑ์
ส้มตำสมหวัง,ร้านจำหน่ายอาหาร,พยุห์,พยุห์,ศรีสะเกษ,SAN,2025-06-19,ไม่ผ่านเกณฑ์
ราดหน้าบ้านคูเมือง,ร้านจำหน่ายอาหาร,พยุห์,พยุห์,ศรีสะเกษ,SAN,2024-11-29,รับรอง
B Coffee,ร้านจำหน่ายอาหาร,พยุห์,พยุห์,ศรีสะเกษ,SAN,2025-08-01,รับรอง
ไก่ย่างวิเชียร 44,ร้านจำหน่ายอาหาร,พยุห์,พยุห์,ศรีสะเกษ,SAN,2025-08-01,รับรอง
บุญทัน  วิสาเกษ,ร้านจำหน่ายอาหาร,หนองไฮ,อุทุมพรพิสัย,ศรีสะเกษ,SAN,2025-07-04,ไม่ผ่านเกณฑ์
โชกุนหมูกระทะ,ร้านจำหน่ายอาหาร,ไพรบึง,ไพรบึง,ศรีสะเกษ,SAN,2025-07-17,ไม่ผ่านเกณฑ์
ไก่ย่างวิเชียร,ร้านจำหน่ายอาหาร,ไพรบึง,ไพรบึง,ศรีสะเกษ,SAN,2025-07-17,ไม่ผ่านเกณฑ์
สุขสันต์ไก่ย่างวิเชียร,ร้านจำหน่ายอาหาร,ไพรบึง,ไพรบึง,ศรีสะเกษ,SAN,2025-03-12,รับรอง
ร้านหมูกระทะเพชรลำภู,ร้านจำหน่ายอาหาร,ไพรบึง,ไพรบึง,ศรีสะเกษ,SAN,2025-03-12,รับรอง
ร้านคุณสายรุ้ง,ร้านจำหน่ายอาหาร,พยุห์,พยุห์,ศรีสะเกษ,SAN,2025-03-21,รับรอง
ร้านส้มตำยายใส,ร้านจำหน่ายอาหาร,พยุห์,พยุห์,ศรีสะเกษ,SAN PLUS,2025-06-25,รับรอง
ร้านคุณธนิสร ,ร้านจำหน่ายอาหาร,พยุห์,พยุห์,ศรีสะเกษ,SAN,2025-03-21,รับรอง
ร้านน้องโบว์เนื้อย่าง,ร้านจำหน่ายอาหาร,พยุห์,พยุห์,ศรีสะเกษ,SAN,2025-07-18,ไม่ผ่านเกณฑ์
ร้านส้มตำบ้านคูเมือง,ร้านจำหน่ายอาหาร,พยุห์,พยุห์,ศรีสะเกษ,SAN,2025-07-18,ไม่ผ่านเกณฑ์
ก๋วยเตี๋ยวเรือจ้าวเชียรชัย,ร้านจำหน่ายอาหาร,ไพรบึง,ไพรบึง,ศรีสะเกษ,SAN,2025-03-24,รับรอง
ก๋วยเตี๋ยวแชมป์-ข้าวมันไก่,ร้านจำหน่ายอาหาร,ไพรบึง,ไพรบึง,ศรีสะเกษ,SAN,2025-03-24,รับรอง
บ้านอาหาร,ร้านจำหน่ายอาหาร,ไพรบึง,ไพรบึง,ศรีสะเกษ,SAN,2025-03-24,รับรอง
All cafe,ร้านเครื่องดื่ม,ไพรบึง,ไพรบึง,ศรีสะเกษ,SAN,2025-07-21,ไม่ผ่านเกณฑ์
น้องทราย,ร้านจำหน่ายอาหาร,ไพรบึง,ไพรบึง,ศรีสะเกษ,SAN,2025-03-25,รับรอง
All cafe,ร้านเครื่องดื่ม,ไพรบึง,ไพรบึง,ศรีสะเกษ,SAN,2025-07-21,ไม่ผ่านเกณฑ์
ครัวเจ้น้อง,ร้านจำหน่ายอาหาร,ไพรบึง,ไพรบึง,ศรีสะเกษ,SAN,2025-04-21,รับรอง
ซีเจมอร์,ร้านเครื่องดื่ม,ไพรบึง,ไพรบึง,ศรีสะเกษ,SAN,2025-03-25,รับรอง
ร้านก๋วยจั๊บคุณนี,ร้านจำหน่ายอาหาร,ห้วยทับทัน,ห้วยทับทัน,ศรีสะเกษ,SAN,2025-04-02,รับรอง
นายเฮงดี,ร้านจำหน่ายอาหาร,ห้วยทับทัน,ห้วยทับทัน,ศรีสะเกษ,SAN,2025-04-01,รับรอง
สวนอาหารต่อเขต,ร้านจำหน่ายอาหาร,ห้วยทับทัน,ห้วยทับทัน,ศรีสะเกษ,SAN,2025-07-23,ไม่ผ่านเกณฑ์
ร้านใบเตย ,ร้านจำหน่ายอาหาร,ห้วยทับทัน,ห้วยทับทัน,ศรีสะเกษ,SAN,2025-07-23,ไม่ผ่านเกณฑ์
มลิวรรณหมูกะทะสาขา2,ร้านจำหน่ายอาหาร,ห้วยทับทัน,ห้วยทับทัน,ศรีสะเกษ,SAN,2025-07-23,ไม่ผ่านเกณฑ์
ร้านผัดไทใช่เลย,ร้านจำหน่ายอาหาร,ห้วยทับทัน,ห้วยทับทัน,ศรีสะเกษ,SAN,2025-07-23,ไม่ผ่านเกณฑ์
ร้านก๋วยจั๊บญวน,ร้านจำหน่ายอาหาร,ห้วยทับทัน,ห้วยทับทัน,ศรีสะเกษ,SAN,2025-07-23,ไม่ผ่านเกณฑ์
ร้านเจ้ผึ้งยำแซ่บ,ร้านจำหน่ายอาหาร,ห้วยทับทัน,ห้วยทับทัน,ศรีสะเกษ,SAN,2025-07-23,ไม่ผ่านเกณฑ์
ร้านโกไปร์ท ข้าวมันไก่ ภูเก็ต,ร้านจำหน่ายอาหาร,ห้วยทับทัน,ห้วยทับทัน,ศรีสะเกษ,SAN,2025-07-23,ไม่ผ่านเกณฑ์
ร้านทรัพย์ไพบูลย์ ก๋วยเตี๋ยว ข้าวมันไก่,ร้านจำหน่ายอาหาร,ห้วยทับทัน,ห้วยทับทัน,ศรีสะเกษ,SAN,2025-07-23,ไม่ผ่านเกณฑ์
ร้านเกี๋ยวเตี๋ยวอาร์ตี้แคท,ร้านจำหน่ายอาหาร,ห้วยทับทัน,ห้วยทับทัน,ศรีสะเกษ,SAN,2025-07-23,ไม่ผ่านเกณฑ์
ร้านเอก 99,ร้านจำหน่ายอาหาร,ห้วยทับทัน,ห้วยทับทัน,ศรีสะเกษ,SAN,2025-07-23,ไม่ผ่านเกณฑ์
ร้านเค้กจุ๊บแจง,อื่นๆ,ห้วยทับทัน,ห้วยทับทัน,ศรีสะเกษ,SAN,2025-07-23,ไม่ผ่านเกณฑ์
ร้านครัวรสนิยม,ร้านจำหน่ายอาหาร,ห้วยทับทัน,ห้วยทับทัน,ศรีสะเกษ,SAN,2025-07-23,ไม่ผ่านเกณฑ์
เจ้ดาวเชิญแซบ,ร้านจำหน่ายอาหาร,หนองไฮ,อุทุมพรพิสัย,ศรีสะเกษ,SAN,2025-07-31,ไม่ผ่านเกณฑ์
น้องหมวยโภชนา,ร้านจำหน่ายอาหาร,หนองไฮ,อุทุมพรพิสัย,ศรีสะเกษ,SAN,2025-04-24,รับรอง
ปรางค์ก๋วยเตียว,ร้านจำหน่ายอาหาร,หนองไฮ,อุทุมพรพิสัย,ศรีสะเกษ,SAN,2025-06-25,รับรอง
ร้านโจ๊กแอนนี่,ร้านจำหน่ายอาหาร,เมืองเหนือ,เมืองศรีสะเกษ,ศรีสะเกษ,SAN PLUS,2025-04-29,รับรอง
เสน่ห์ โฮมเมด คราฟต์ คูณซีน,ร้านจำหน่ายอาหาร,หนองครก,เมืองศรีสะเกษ,ศรีสะเกษ,SAN PLUS,2025-04-29,รับรอง
ร้านครัวเมืองศรี,ร้านจำหน่ายอาหาร,เมืองเหนือ,เมืองศรีสะเกษ,ศรีสะเกษ,SAN,2025-04-28,รับรอง
ร้านหับเผย by ฅนดี เมืองศรี,ร้านเครื่องดื่ม,เมืองเหนือ,เมืองศรีสะเกษ,ศรีสะเกษ,SAN,2025-08-08,ไม่ผ่านเกณฑ์
