name,type,subdistrict,district,province,standard,approve_date,status
สวนอาหารเรือนแก้ว,สวนอาหาร,ในเวียง,เมืองน่าน,น่าน,SAN,2023-02-07,ไม่ผ่านเกณฑ์
สวนอาหารสุริยา การ์เดนท์,สวนอาหาร,ในเวียง,เมืองน่าน,น่าน,SAN PLUS,2024-06-28,หมดอายุ
ร้านอาหารปุ้ม3,ร้านจำหน่ายอาหาร,ในเวียง,เมืองน่าน,น่าน,SAN,2023-03-14,ไม่ผ่านเกณฑ์
สวนอาหารครัวเรณู,สวนอาหาร,ปัว,ปัว,น่าน,SAN,2025-07-15,รับรอง
ครัวลินดา,ร้านจำหน่ายอาหาร,วรนคร,ปัว,น่าน,SAN,2025-08-20,ไม่ผ่านเกณฑ์
ชาบูไออุ่น,ร้านบุฟเฟ่ต์ (ปิ้งย่าง/ชาบู/สุกี้),ปัว,ปัว,น่าน,SAN PLUS,2025-06-10,รับรอง
ครัวชมพูภูคา,ร้านจำหน่ายอาหาร,ปัว,ปัว,น่าน,SAN,2023-03-14,ไม่ผ่านเกณฑ์
โกโก้วัลเล่ย์ คาเฟ่,ร้านเครื่องดื่ม,ปัว,ปัว,น่าน,SAN PLUS,2025-06-10,รับรอง
ฮั้วเลิศรส,ร้านจำหน่ายอาหาร,ฝายแก้ว,ภูเพียง,น่าน,SAN PLUS,2025-06-10,รับรอง
ร้านน่าน กรีนเฮ้าส์,ร้านจำหน่ายอาหาร,ผาสิงห์,เมืองน่าน,น่าน,SAN,2025-02-28,รับรอง
เฮือนฮังต่อกาแฟน่าน,ร้านเครื่องดื่ม,ผาสิงห์,เมืองน่าน,น่าน,SAN,2023-09-14,ไม่ผ่านเกณฑ์
บ้านบุ๋ม Bar&Bistro,ร้านเครื่องดื่ม,ในเวียง,เมืองน่าน,น่าน,SAN,2023-09-14,ไม่ผ่านเกณฑ์
Voila Kitchen,ร้านจำหน่ายอาหาร,ในเวียง,เมืองน่าน,น่าน,SAN,2023-09-14,ไม่ผ่านเกณฑ์
Nan Cottage Cuisine & Café,ร้านจำหน่ายอาหาร,ในเวียง,เมืองน่าน,น่าน,SAN,2023-09-14,ไม่ผ่านเกณฑ์
สวนอาหารบ้านบ่อน้ำ,สวนอาหาร,ในเวียง,เมืองน่าน,น่าน,SAN,2023-09-14,ไม่ผ่านเกณฑ์
แอ๊ดด้าแซ่บเวอร์ ร้านอาหารเหนือ ส้มตำรสเด็ด อ.เมือง จ.น่าน,ร้านจำหน่ายอาหาร,ในเวียง,เมืองน่าน,น่าน,SAN,2023-09-14,ไม่ผ่านเกณฑ์
ร้าน มิต แอนด์ มีท ชาบู,ร้านจำหน่ายอาหาร,ผาสิงห์,เมืองน่าน,น่าน,SAN,2023-09-14,ไม่ผ่านเกณฑ์
ม.เม Coffee & Restaurant,ร้านจำหน่ายอาหาร,ผาสิงห์,เมืองน่าน,น่าน,SAN,2023-09-14,ไม่ผ่านเกณฑ์
Cha Na Apape,ร้านเครื่องดื่ม,ในเวียง,เมืองน่าน,น่าน,SAN,2023-09-30,ไม่ผ่านเกณฑ์
ก๋วยเตี๋ยวมยุรี รสเด็ด,ร้านจำหน่ายอาหาร,ในเวียง,เมืองน่าน,น่าน,SAN,2023-09-30,ไม่ผ่านเกณฑ์
เฮือน่าน,ร้านจำหน่ายอาหาร,ในเวียง,เมืองน่าน,น่าน,SAN,2025-01-28,รับรอง
กิ๋นเส้นน่าน,ร้านจำหน่ายอาหาร,ในเวียง,เมืองน่าน,น่าน,SAN,2023-09-30,ไม่ผ่านเกณฑ์
ร้านพอเพียงขวัญ,ร้านจำหน่ายอาหาร,ในเวียง,เมืองน่าน,น่าน,SAN,2025-01-31,รับรอง
ข้าวซอยต้นน้ำ,ร้านจำหน่ายอาหาร,ในเวียง,เมืองน่าน,น่าน,SAN,2023-09-30,ไม่ผ่านเกณฑ์
ตั้ง บ้วน เฮง,ร้านจำหน่ายอาหาร,ในเวียง,เมืองน่าน,น่าน,SAN,2025-01-31,รับรอง
ร้านอาหารเฮือนฮอม,ร้านจำหน่ายอาหาร,ในเวียง,เมืองน่าน,น่าน,SAN,2023-09-30,ไม่ผ่านเกณฑ์
ร้านวันดาข้าวแกง,ร้านจำหน่ายอาหาร,ในเวียง,เมืองน่าน,น่าน,SAN,2025-01-31,รับรอง
เฮือนภูคา,ร้านจำหน่ายอาหาร,ในเวียง,เมืองน่าน,น่าน,SAN,2023-09-30,ไม่ผ่านเกณฑ์
Erabica Coffee (เอราบิก้า คอฟฟี่) ร้านกาแฟน่าน,ร้านเครื่องดื่ม,ในเวียง,เมืองน่าน,น่าน,SAN,2025-01-28,รับรอง
ลาบเมืองเล็น,ร้านจำหน่ายอาหาร,ในเวียง,เมืองน่าน,น่าน,SAN,2025-01-31,รับรอง
ร้านนนท์เลิศรส,ร้านจำหน่ายอาหาร,ในเวียง,เมืองน่าน,น่าน,SAN,2023-09-30,ไม่ผ่านเกณฑ์
สวนอาหารเรือนแก้ว,สวนอาหาร,ในเวียง,เมืองน่าน,น่าน,SAN,2025-01-28,รับรอง
ร้าน ผิน ผิน,ร้านจำหน่ายอาหาร,ในเวียง,เมืองน่าน,น่าน,SAN,2025-01-28,รับรอง
ร้านปู่สมเจ้าเก่า,ร้านจำหน่ายอาหาร,ในเวียง,เมืองน่าน,น่าน,SAN,2023-09-30,ไม่ผ่านเกณฑ์
ตำแรดแซ่บนัว เจ๊ต๊อกแต๊ก สาขาน่าน,ร้านจำหน่ายอาหาร,ในเวียง,เมืองน่าน,น่าน,SAN,2023-09-30,ไม่ผ่านเกณฑ์
ร้านแดงเป็ดย่าง,ร้านจำหน่ายอาหาร,ในเวียง,เมืองน่าน,น่าน,SAN,2023-09-30,ไม่ผ่านเกณฑ์
ร้านเจ๊เล็กข้าวมันไก่,ร้านจำหน่ายอาหาร,ในเวียง,เมืองน่าน,น่าน,SAN,2023-09-30,ไม่ผ่านเกณฑ์
บ้านยายภรณ์,อื่นๆ,ในเวียง,เมืองน่าน,น่าน,SAN,2023-09-30,ไม่ผ่านเกณฑ์
Swensens,อื่นๆ,ในเวียง,เมืองน่าน,น่าน,SAN,2023-09-30,ไม่ผ่านเกณฑ์
โรงเลี้ยงมณฑลทหารบกที่ 38,โรงอาหาร,ในเวียง,เมืองน่าน,น่าน,SAN,2024-01-19,ไม่ผ่านเกณฑ์
โรงเลี้ยงกองพันทหารม้าที่10 กรมทหารม้าที่2,โรงอาหาร,ในเวียง,เมืองน่าน,น่าน,SAN,2024-02-20,ไม่ผ่านเกณฑ์
โรงเลี้ยงกองพันทหารม้าที่ 15 กรมทหารม้าที่ 2,โรงอาหาร,ไชยสถาน,เมืองน่าน,น่าน,SAN,2024-03-19,ไม่ผ่านเกณฑ์
CALM COFFEE SPACE,ร้านเครื่องดื่ม,ท่าวังผา,ท่าวังผา,น่าน,มาตรฐาน SAN,2024-03-15,หมดอายุ
ก๋วยเตี๋ยวเรือบ้านสบยาว,ร้านจำหน่ายอาหาร,ท่าวังผา,ท่าวังผา,น่าน,SAN,2025-07-24,รับรอง
Nana Muji Café,ร้านเครื่องดื่ม,ท่าวังผา,ท่าวังผา,น่าน,SAN,2025-07-24,รับรอง
ก๋วยเตี๋ยวโบราณครูอู๊ด,ร้านจำหน่ายอาหาร,ท่าวังผา,ท่าวังผา,น่าน,SAN,2024-05-09,ไม่ผ่านเกณฑ์
ชาลื้อ คาเฟ่,ร้านเครื่องดื่ม,ป่าคา,ท่าวังผา,น่าน,SAN,2024-05-09,ไม่ผ่านเกณฑ์
Khum Cafe,ร้านเครื่องดื่ม,ป่าคา,ท่าวังผา,น่าน,SAN PLUS,2024-06-18,หมดอายุ
ก๋วยเตี๋ยวคุณปลื้ม,ร้านจำหน่ายอาหาร,ป่าคา,ท่าวังผา,น่าน,SAN,2024-05-09,ไม่ผ่านเกณฑ์
กิ๋นลม ชมโต้ง,ร้านจำหน่ายอาหาร,ป่าคา,ท่าวังผา,น่าน,SAN,2024-05-09,ไม่ผ่านเกณฑ์
Cafe Amazon,ร้านเครื่องดื่ม,ท่าวังผา,ท่าวังผา,น่าน,SAN,2024-05-09,ไม่ผ่านเกณฑ์
หมูซ่อนเตี๋ยว,ร้านจำหน่ายอาหาร,ท่าวังผา,ท่าวังผา,น่าน,SAN,2025-08-22,รับรอง
ร้านตำแซบ,ร้านจำหน่ายอาหาร,ท่าวังผา,ท่าวังผา,น่าน,SAN,2024-05-09,ไม่ผ่านเกณฑ์
ครัวพี่น้อง,ร้านจำหน่ายอาหาร,หนองแดง,แม่จริม,น่าน,SAN,2024-05-23,ไม่ผ่านเกณฑ์
ครัวน้องยุ้ย,ร้านจำหน่ายอาหาร,หนองแดง,แม่จริม,น่าน,SAN,2024-05-27,ไม่ผ่านเกณฑ์
ก๋วยเตี๋ยวไก่ตุ๋นมะระสด,ร้านจำหน่ายอาหาร,หนองแดง,แม่จริม,น่าน,SAN,2024-05-27,ไม่ผ่านเกณฑ์
ส้มตำ ไก่ย่าง ,ร้านจำหน่ายอาหาร,หนองแดง,แม่จริม,น่าน,SAN,2024-05-27,ไม่ผ่านเกณฑ์
ป้าเพียงข้าวมันไก่,ร้านจำหน่ายอาหาร,หนองแดง,แม่จริม,น่าน,SAN,2024-05-27,ไม่ผ่านเกณฑ์
ร้านลาบเจ้นุช,ร้านจำหน่ายอาหาร,แม่จริม,แม่จริม,น่าน,SAN,2024-05-27,ไม่ผ่านเกณฑ์
ก๋วยเตี๋ยวต้มยำบ้านดงไพรวัลย์,ร้านจำหน่ายอาหาร,หนองแดง,แม่จริม,น่าน,SAN,2024-05-27,ไม่ผ่านเกณฑ์
ครัวรดา,ร้านจำหน่ายอาหาร,หนองแดง,แม่จริม,น่าน,SAN,2024-05-27,ไม่ผ่านเกณฑ์
อายก๋วยเตี๋ยวรสเด็ด,ร้านจำหน่ายอาหาร,หมอเมือง,แม่จริม,น่าน,SAN,2024-10-16,รับรอง
ครัวขวัญข้าว,ร้านจำหน่ายอาหาร,หนองแดง,แม่จริม,น่าน,SAN,2024-05-27,ไม่ผ่านเกณฑ์
ร้านข้าวแกงเจ้โอ๋,ร้านจำหน่ายอาหาร,หนองแดง,แม่จริม,น่าน,SAN,2024-05-27,ไม่ผ่านเกณฑ์
อ้อยลาบขม,ร้านจำหน่ายอาหาร,หนองแดง,แม่จริม,น่าน,SAN,2024-05-27,ไม่ผ่านเกณฑ์
อาหารตามสั่งพัชรีย์,ร้านจำหน่ายอาหาร,หนองแดง,แม่จริม,น่าน,SAN,2024-05-27,ไม่ผ่านเกณฑ์
ณ ฟ้าการ์เด้น,ร้านเครื่องดื่ม,ตาลชุม,ท่าวังผา,น่าน,มาตรฐาน SAN,2024-06-07,หมดอายุ
Wang Cafe,ร้านเครื่องดื่ม,ท่าวังผา,ท่าวังผา,น่าน,SAN,2024-06-07,ไม่ผ่านเกณฑ์
ร้านกาแฟภูพยัคฆ์ สาขาโรงสีข้าวพระราชทาน,ร้านเครื่องดื่ม,ศรีภูมิ,ท่าวังผา,น่าน,SAN,2024-06-07,ไม่ผ่านเกณฑ์
กิ่งโพธิ์,ร้านจำหน่ายอาหาร,ป่าคา,ท่าวังผา,น่าน,มาตรฐาน SAN,2024-06-12,หมดอายุ
RIMNAM CAFE,ร้านเครื่องดื่ม,ป่าคา,ท่าวังผา,น่าน,SAN,2024-06-12,ไม่ผ่านเกณฑ์
ร้านปลาสด,ร้านจำหน่ายอาหาร,ท่าวังผา,ท่าวังผา,น่าน,มาตรฐาน SAN,2024-06-13,หมดอายุ
มณรี ( Monre Dessert ),ร้านเครื่องดื่ม,ในเวียง,เมืองน่าน,น่าน,SAN,2024-07-14,ไม่ผ่านเกณฑ์
Mix Academic Cafe,ร้านเครื่องดื่ม,ในเวียง,เมืองน่าน,น่าน,SAN,2024-07-14,ไม่ผ่านเกณฑ์
น น่าน cafe,ร้านเครื่องดื่ม,ในเวียง,เมืองน่าน,น่าน,SAN,2024-07-14,ไม่ผ่านเกณฑ์
ร้านเฉลิมไทย,ร้านจำหน่ายอาหาร,ผาสิงห์,เมืองน่าน,น่าน,SAN,2024-07-14,ไม่ผ่านเกณฑ์
THREE PARK (ศูนย์อาหาร),ศูนย์อาหาร,ผาสิงห์,เมืองน่าน,น่าน,SAN,2024-07-14,ไม่ผ่านเกณฑ์
สนุกน่าน,ร้านจำหน่ายอาหาร,ผาสิงห์,เมืองน่าน,น่าน,SAN,2024-07-14,ไม่ผ่านเกณฑ์
ร้านอ้อมดาว,ร้านจำหน่ายอาหาร,ผาสิงห์,เมืองน่าน,น่าน,SAN,2024-07-14,ไม่ผ่านเกณฑ์
ร้านโซดาบาร์,ร้านจำหน่ายอาหาร,ผาสิงห์,เมืองน่าน,น่าน,SAN,2024-07-14,ไม่ผ่านเกณฑ์
บริษัท ก.การเนื้อ จำกัด,ร้านจำหน่ายอาหาร,ผาสิงห์,เมืองน่าน,น่าน,SAN,2024-07-14,ไม่ผ่านเกณฑ์
สหาย สาย เตี๋ยว,ร้านจำหน่ายอาหาร,ในเวียง,เมืองน่าน,น่าน,SAN,2024-07-14,ไม่ผ่านเกณฑ์
ร้านอาหารหนูนา ครัวเมนูปลา,ร้านจำหน่ายอาหาร,ในเวียง,เมืองน่าน,น่าน,SAN,2024-07-14,ไม่ผ่านเกณฑ์
ร้านโอวีโอสลัด,ร้านจำหน่ายอาหาร,ในเวียง,เมืองน่าน,น่าน,SAN,2024-07-14,ไม่ผ่านเกณฑ์
SAY BAR,ร้านจำหน่ายอาหาร,ในเวียง,เมืองน่าน,น่าน,SAN,2024-07-14,ไม่ผ่านเกณฑ์
WE LOFT,ร้านจำหน่ายอาหาร,ผาสิงห์,เมืองน่าน,น่าน,SAN,2024-07-14,ไม่ผ่านเกณฑ์
รสาปลาร้าหอม,ร้านจำหน่ายอาหาร,ในเวียง,เมืองน่าน,น่าน,SAN,2024-07-14,ไม่ผ่านเกณฑ์
ร้านยำ ชู รส,ร้านจำหน่ายอาหาร,ในเวียง,เมืองน่าน,น่าน,SAN,2024-07-14,ไม่ผ่านเกณฑ์
น่านริมน้ำ Cafe,ร้านจำหน่ายอาหาร,ในเวียง,เมืองน่าน,น่าน,SAN,2024-07-14,ไม่ผ่านเกณฑ์
ร้าน กริลล์กัน,ร้านจำหน่ายอาหาร,ผาสิงห์,เมืองน่าน,น่าน,SAN,2024-07-14,ไม่ผ่านเกณฑ์
ZAAP ZONE (คันทรีบาร์),ร้านจำหน่ายอาหาร,ผาสิงห์,เมืองน่าน,น่าน,SAN,2024-07-14,ไม่ผ่านเกณฑ์
สรวลเส การ์เด้น,ร้านจำหน่ายอาหาร,ผาสิงห์,เมืองน่าน,น่าน,SAN,2024-07-14,ไม่ผ่านเกณฑ์
ร้านหัวมุม ข้าวต้มโต้รุ่ง,ร้านจำหน่ายอาหาร,ผาสิงห์,เมืองน่าน,น่าน,SAN,2024-07-14,ไม่ผ่านเกณฑ์
ครัว ป ปลา,ร้านจำหน่ายอาหาร,ผาสิงห์,เมืองน่าน,น่าน,SAN,2025-04-09,รับรอง
ศ ปลาเผา,ร้านจำหน่ายอาหาร,ในเวียง,เมืองน่าน,น่าน,SAN,2024-07-14,ไม่ผ่านเกณฑ์
ฮ่มไม้ใญ่,ร้านจำหน่ายอาหาร,ในเวียง,เมืองน่าน,น่าน,SAN,2024-07-14,ไม่ผ่านเกณฑ์
น่านฟู่,ร้านจำหน่ายอาหาร,ในเวียง,เมืองน่าน,น่าน,มาตรฐาน SAN,2024-07-14,หมดอายุ
Baan Silpa Art Gallery & Cafe น่าน ,ร้านเครื่องดื่ม,ท่าวังผา,ท่าวังผา,น่าน,มาตรฐาน SAN,2024-08-09,หมดอายุ
Viewna cafe วิวนาคาเฟ่ ,ร้านเครื่องดื่ม,จอมพระ,ท่าวังผา,น่าน,มาตรฐาน SAN,2024-08-10,หมดอายุ
Infinity Rich cafe,ร้านจำหน่ายอาหาร,ป่าคา,ท่าวังผา,น่าน,มาตรฐาน SAN,2024-08-10,หมดอายุ
กึ๊ดเติงหา คาเฟ่ ,ร้านเครื่องดื่ม,ป่าคา,ท่าวังผา,น่าน,มาตรฐาน SAN,2024-08-10,หมดอายุ
ร้านอาหารบ้านตัวโน๊ค,ร้านจำหน่ายอาหาร,ริม,ท่าวังผา,น่าน,มาตรฐาน SAN,2024-08-10,หมดอายุ
ร้านป้าเอื้อง,ร้านจำหน่ายอาหาร,สวด,บ้านหลวง,น่าน,SAN,2024-09-20,ไม่ผ่านเกณฑ์
ร้านก๋วยเตี๋ยวทอฝัน,ร้านจำหน่ายอาหาร,สวด,บ้านหลวง,น่าน,มาตรฐาน SAN,2024-09-20,หมดอายุ
เจ๊รัตน์ อาหารตามสั่ง,ร้านจำหน่ายอาหาร,สวด,บ้านหลวง,น่าน,มาตรฐาน SAN,2024-09-30,หมดอายุ
ร้านลาบหลบมุม,ร้านจำหน่ายอาหาร,สวด,บ้านหลวง,น่าน,มาตรฐาน SAN,2024-09-30,หมดอายุ
ร้านส้มตำครกแตก,ร้านจำหน่ายอาหาร,สวด,บ้านหลวง,น่าน,มาตรฐาน SAN,2024-09-19,หมดอายุ
ร้านก๋วยเตี๋ยวแม่ดวงจินต์,ร้านจำหน่ายอาหาร,กลางเวียง,เวียงสา,น่าน,SAN,2024-09-10,ไม่ผ่านเกณฑ์
ร้านก๋วยเตี๋ยวแม่ดวงจินต์,ร้านจำหน่ายอาหาร,กลางเวียง,เวียงสา,น่าน,SAN,2024-09-11,ไม่ผ่านเกณฑ์
ก๋วยเตี๋ยวแม่ละมัย,ร้านจำหน่ายอาหาร,กลางเวียง,เวียงสา,น่าน,SAN,2024-09-11,ไม่ผ่านเกณฑ์
ร้านไก่ย่างวิเชียรบุรี,ร้านจำหน่ายอาหาร,กลางเวียง,เวียงสา,น่าน,SAN,2024-09-11,ไม่ผ่านเกณฑ์
ร้านมดน้อย,ร้านจำหน่ายอาหาร,กลางเวียง,เวียงสา,น่าน,มาตรฐาน SAN,2024-09-11,หมดอายุ
บ้านก๋วยเตี๋ยว,ร้านจำหน่ายอาหาร,กลางเวียง,เวียงสา,น่าน,มาตรฐาน SAN,2024-09-11,หมดอายุ
ก๋วยเตี๋ยวป้าบุญ,ร้านจำหน่ายอาหาร,กลางเวียง,เวียงสา,น่าน,มาตรฐาน SAN,2024-09-11,หมดอายุ
ร้านสุพรรษา,ร้านจำหน่ายอาหาร,กลางเวียง,เวียงสา,น่าน,มาตรฐาน SAN,2024-09-11,หมดอายุ
ร้านป้าเวียน,ร้านจำหน่ายอาหาร,กลางเวียง,เวียงสา,น่าน,มาตรฐาน SAN,2024-09-11,หมดอายุ
ร้านเตี๋ยวริมสา,ร้านจำหน่ายอาหาร,กลางเวียง,เวียงสา,น่าน,มาตรฐาน SAN,2024-09-11,หมดอายุ
ร้านก๋วยเตี๋ยวป้าคิด,ร้านจำหน่ายอาหาร,กลางเวียง,เวียงสา,น่าน,มาตรฐาน SAN,2024-09-11,หมดอายุ
ร้านสุดยอด,อื่นๆ,กลางเวียง,เวียงสา,น่าน,SAN,2024-09-11,ไม่ผ่านเกณฑ์
ร้านดาดฟ้าคาเฟ่,ร้านจำหน่ายอาหาร,กลางเวียง,เวียงสา,น่าน,SAN,2025-08-01,รับรอง
ร้านเวียงสาแหนมเนือง,ร้านจำหน่ายอาหาร,กลางเวียง,เวียงสา,น่าน,มาตรฐาน SAN,2024-09-11,หมดอายุ
ริมน่านหมูกระทะ,ร้านบุฟเฟ่ต์ (ปิ้งย่าง/ชาบู/สุกี้),กลางเวียง,เวียงสา,น่าน,มาตรฐาน SAN,2024-09-11,หมดอายุ
บริษัทสุขุมคิทเช่นเวียงสา จำกัด,ร้านเครื่องดื่ม,กลางเวียง,เวียงสา,น่าน,มาตรฐาน SAN,2024-09-11,หมดอายุ
ร้าน 641 pinkcafe,ร้านเครื่องดื่ม,กลางเวียง,เวียงสา,น่าน,SAN,2024-09-11,ไม่ผ่านเกณฑ์
ร้านก๋วยเตี๋ยวศรัญยู,ร้านจำหน่ายอาหาร,กลางเวียง,เวียงสา,น่าน,SAN,2024-09-11,ไม่ผ่านเกณฑ์
ร้านก๋วยเตี๋ยวเนื้อตุ๋นเครื่องในสด,ร้านจำหน่ายอาหาร,กลางเวียง,เวียงสา,น่าน,SAN,2024-09-11,ไม่ผ่านเกณฑ์
ก๋วยเตี๋ยวรสเด็ด,ร้านจำหน่ายอาหาร,กลางเวียง,เวียงสา,น่าน,มาตรฐาน SAN,2024-09-11,หมดอายุ
ร้านกุหลาบ,โรงอาหาร,กลางเวียง,เวียงสา,น่าน,SAN,2025-05-27,รับรอง
ร้านดอกคูณ,โรงอาหาร,กลางเวียง,เวียงสา,น่าน,SAN,2025-05-19,รับรอง
ชิดชายชลคาเฟ่,ร้านเครื่องดื่ม,กลางเวียง,เวียงสา,น่าน,SAN,2025-05-27,รับรอง
ร้านไก่ย่างวิเชียรบุรี,ร้านจำหน่ายอาหาร,กลางเวียง,เวียงสา,น่าน,SAN,2025-05-19,รับรอง
ร้านกาแฟฮิมตาง,ร้านเครื่องดื่ม,กลางเวียง,เวียงสา,น่าน,SAN,2025-03-03,รับรอง
ร้านพี่กับน้อง,ร้านจำหน่ายอาหาร,กลางเวียง,เวียงสา,น่าน,SAN,2025-05-27,รับรอง
ร้านขวัญใจกิ๊ก,ร้านเครื่องดื่ม,กลางเวียง,เวียงสา,น่าน,SAN,2025-07-14,รับรอง
ร้านตะวันแลง,ร้านจำหน่ายอาหาร,กลางเวียง,เวียงสา,น่าน,SAN,2025-05-27,รับรอง
ร้านจงรักษ์กาแฟสด,ร้านเครื่องดื่ม,กลางเวียง,เวียงสา,น่าน,SAN,2025-03-24,รับรอง
ร้านไก่ย่างวิเชียรบุรี,ร้านจำหน่ายอาหาร,กลางเวียง,เวียงสา,น่าน,SAN,2024-09-11,ไม่ผ่านเกณฑ์
ร้านตะวันแลง,ร้านจำหน่ายอาหาร,กลางเวียง,เวียงสา,น่าน,SAN,2024-09-12,ไม่ผ่านเกณฑ์
ร้านคำผิว,ร้านจำหน่ายอาหาร,กลางเวียง,เวียงสา,น่าน,มาตรฐาน SAN,2024-09-12,หมดอายุ
ร้านในนามีข้าว,ร้านจำหน่ายอาหาร,กลางเวียง,เวียงสา,น่าน,มาตรฐาน SAN,2024-09-12,หมดอายุ
ร้านน้ำเงี้ยวตลาดบ้านดอนแท่น,ร้านจำหน่ายอาหาร,กลางเวียง,เวียงสา,น่าน,SAN,2024-09-12,ไม่ผ่านเกณฑ์
ร้านนายหัว,ร้านจำหน่ายอาหาร,กลางเวียง,เวียงสา,น่าน,SAN,2025-08-01,รับรอง
ร้านลาบพื้นเมือง,ร้านจำหน่ายอาหาร,กลางเวียง,เวียงสา,น่าน,SAN PLUS,2025-08-05,รับรอง
ร้านก๋วยเตี๋ยวชลดา,ร้านจำหน่ายอาหาร,กลางเวียง,เวียงสา,น่าน,มาตรฐาน SAN,2024-09-12,หมดอายุ
ร้าน The one steak สาขาเวียงสา,ร้านจำหน่ายอาหาร,กลางเวียง,เวียงสา,น่าน,SAN,2024-09-12,ไม่ผ่านเกณฑ์
บ้านไร่ภูตะวัน,ร้านจำหน่ายอาหาร,ปงสนุก,เวียงสา,น่าน,มาตรฐาน SAN,2024-09-12,หมดอายุ
รวยเลาะปอง แพรวากะเพราถาด,ร้านจำหน่ายอาหาร,ห้วยโก๋น,เฉลิมพระเกียรติ,น่าน,SAN,2024-09-17,ไม่ผ่านเกณฑ์
ร้านเฮงจินพาณิชย์,ร้านจำหน่ายอาหาร,กลางเวียง,เวียงสา,น่าน,SAN,2024-09-17,ไม่ผ่านเกณฑ์
ร้านหนึ่งเดียวคาราโอเกะ,ร้านจำหน่ายอาหาร,กลางเวียง,เวียงสา,น่าน,SAN,2024-09-17,ไม่ผ่านเกณฑ์
ร้านบ้านอาหร่อย,ร้านจำหน่ายอาหาร,กลางเวียง,เวียงสา,น่าน,มาตรฐาน SAN,2024-09-18,หมดอายุ
ร้านน้ำเงี้ยว,ร้านจำหน่ายอาหาร,กลางเวียง,เวียงสา,น่าน,SAN,2024-09-18,ไม่ผ่านเกณฑ์
ร้านศิริพรคาราโอเกะ,ร้านจำหน่ายอาหาร,กลางเวียง,เวียงสา,น่าน,มาตรฐาน SAN,2024-09-18,หมดอายุ
ร้านเหมยปิง,ร้านจำหน่ายอาหาร,กลางเวียง,เวียงสา,น่าน,SAN,2024-09-18,ไม่ผ่านเกณฑ์
ร้านฮิมโต้ง,ร้านจำหน่ายอาหาร,กลางเวียง,เวียงสา,น่าน,SAN PLUS,2025-06-06,รับรอง
ร้านอาหารแคบหมูเล้กหงสา,ร้านจำหน่ายอาหาร,กลางเวียง,เวียงสา,น่าน,SAN,2024-09-18,ไม่ผ่านเกณฑ์
ร้านโอริงามิ,ร้านจำหน่ายอาหาร,กลางเวียง,เวียงสา,น่าน,SAN,2024-09-18,ไม่ผ่านเกณฑ์
ร้านเจ๊อิ๊ด,ร้านจำหน่ายอาหาร,กลางเวียง,เวียงสา,น่าน,SAN,2024-09-18,ไม่ผ่านเกณฑ์
ร้านครัวริมสา,ร้านจำหน่ายอาหาร,กลางเวียง,เวียงสา,น่าน,SAN,2024-09-18,ไม่ผ่านเกณฑ์
ร้านเฮียต้นข้าวมันไก่-คอฟฟี่,ร้านจำหน่ายอาหาร,กลางเวียง,เวียงสา,น่าน,SAN,2024-09-18,ไม่ผ่านเกณฑ์
ร้านน้องดอย,ร้านจำหน่ายอาหาร,กลางเวียง,เวียงสา,น่าน,SAN,2024-09-18,ไม่ผ่านเกณฑ์
ร้านโชคแก้วศุภพร,ร้านจำหน่ายอาหาร,กลางเวียง,เวียงสา,น่าน,SAN,2024-09-18,ไม่ผ่านเกณฑ์
ร้านฮักสาคาเฟ่,ร้านจำหน่ายอาหาร,กลางเวียง,เวียงสา,น่าน,SAN,2024-09-18,ไม่ผ่านเกณฑ์
ร้านคอฟฟี่ฮัท,ร้านเครื่องดื่ม,กลางเวียง,เวียงสา,น่าน,SAN,2024-09-18,ไม่ผ่านเกณฑ์
ร้านก๋วยเตี๋ยวเรือโคลงเคลง,ร้านจำหน่ายอาหาร,กลางเวียง,เวียงสา,น่าน,SAN,2024-09-18,ไม่ผ่านเกณฑ์
ร้านปังเบรด,ร้านเครื่องดื่ม,กลางเวียง,เวียงสา,น่าน,SAN,2024-09-18,ไม่ผ่านเกณฑ์
ร้านเพชรลำภูหมูกระทะ,ร้านบุฟเฟ่ต์ (ปิ้งย่าง/ชาบู/สุกี้),กลางเวียง,เวียงสา,น่าน,มาตรฐาน SAN,2024-09-18,หมดอายุ
ร้านเพื่อน COFFEE HOUSE,ร้านเครื่องดื่ม,กลางเวียง,เวียงสา,น่าน,SAN,2024-09-18,ไม่ผ่านเกณฑ์
โรงคั่วกาแฟ น.น่าน,ร้านเครื่องดื่ม,กลางเวียง,เวียงสา,น่าน,SAN,2024-09-18,ไม่ผ่านเกณฑ์
ร้านบีลีฟโฮมคาเฟ่,ร้านเครื่องดื่ม,กลางเวียง,เวียงสา,น่าน,SAN,2024-09-18,ไม่ผ่านเกณฑ์
ร้านซุ้มฌอแลง,ร้านจำหน่ายอาหาร,กลางเวียง,เวียงสา,น่าน,SAN,2024-09-18,ไม่ผ่านเกณฑ์
ร้านส้มตำครกแตก,ร้านจำหน่ายอาหาร,สวด,บ้านหลวง,น่าน,SAN,2024-09-19,ไม่ผ่านเกณฑ์
ร้านบ้านสวนอาหารตามสั่ง,ร้านจำหน่ายอาหาร,สวด,บ้านหลวง,น่าน,SAN,2024-09-20,ไม่ผ่านเกณฑ์
ร้านน้องโฟกัส - พี่นาวา,ร้านจำหน่ายอาหาร,สวด,บ้านหลวง,น่าน,มาตรฐาน SAN,2024-09-27,หมดอายุ
ร้านนัดพบ,ร้านจำหน่ายอาหาร,ป่าคาหลวง,บ้านหลวง,น่าน,SAN,2024-09-30,ไม่ผ่านเกณฑ์
ร้านส้มตำคุณแม่อาภรณ์,ร้านจำหน่ายอาหาร,สวด,บ้านหลวง,น่าน,มาตรฐาน SAN,2024-09-30,หมดอายุ
ร้านน้ำเงี้ยว - ส้มตำ ป้าลอย,ร้านจำหน่ายอาหาร,สวด,บ้านหลวง,น่าน,มาตรฐาน SAN,2024-09-30,หมดอายุ
ร้านนัดพบ,ร้านจำหน่ายอาหาร,ป่าคาหลวง,บ้านหลวง,น่าน,มาตรฐาน SAN,2024-09-30,หมดอายุ
