name,type,subdistrict,district,province,standard,approve_date,status
บ้านนอกริมนา,ร้านจำหน่ายอาหาร,ท่าโพ,หนองขาหย่าง,อุทัยธานี,SAN,2025-07-14,ไม่ผ่านเกณฑ์
กาแฟลูมคาเฟ่,อื่นๆ,บ้านไร่,บ้านไร่,อุทัยธานี,SAN PLUS,2024-12-26,รับรอง
สะนำคาเฟ่,ร้านจำหน่ายอาหาร,บ้านไร่,บ้านไร่,อุทัยธานี,SAN,2023-09-06,ไม่ผ่านเกณฑ์
สวนอาหารนกน้อย,ร้านจำหน่ายอาหาร,อุทัยใหม่,เมืองอุทัยธานี,อุทัยธานี,SAN,2025-07-14,ไม่ผ่านเกณฑ์
สวนอาหารพรหมท่าซุง,ร้านจำหน่ายอาหาร,น้ำซึม,เมืองอุทัยธานี,อุทัยธานี,SAN,2025-07-14,ไม่ผ่านเกณฑ์
หุบป่าตาดการ์เด้น,ร้านจำหน่ายอาหาร,ลานสัก,ลานสัก,อุทัยธานี,SAN,2023-09-06,ไม่ผ่านเกณฑ์
บ้านขายเขาสวิตเซอร์แลนต์,ร้านจำหน่ายอาหาร,ทุ่งนางาม,ลานสัก,อุทัยธานี,SAN,2023-09-06,ไม่ผ่านเกณฑ์
หุบป่าตาดไบค์แค้มป์,ร้านจำหน่ายอาหาร,ทุ่งนางาม,ลานสัก,อุทัยธานี,SAN,2023-09-06,ไม่ผ่านเกณฑ์
โซลเมทคาเฟ่,ร้านจำหน่ายอาหาร,บ้านไร่,บ้านไร่,อุทัยธานี,SAN,2023-09-06,ไม่ผ่านเกณฑ์
โฟ เจ๋ง จัง,ร้านจำหน่ายอาหาร,อุทัยใหม่,เมืองอุทัยธานี,อุทัยธานี,SAN,2025-07-31,ไม่ผ่านเกณฑ์
ร้านแตนโภชนา,ร้านจำหน่ายอาหาร,ลานสัก,ลานสัก,อุทัยธานี,SAN,2025-07-04,รับรอง
รุ่งโภชนา,ร้านจำหน่ายอาหาร,ทัพหลวง,บ้านไร่,อุทัยธานี,SAN,2024-05-23,ไม่ผ่านเกณฑ์
ครัวลุงโก๊ะ,ร้านจำหน่ายอาหาร,ลานสัก,ลานสัก,อุทัยธานี,SAN,2023-09-11,ไม่ผ่านเกณฑ์
ร้านครัวป้าไก่,ร้านจำหน่ายอาหาร,บ้านไร่,บ้านไร่,อุทัยธานี,SAN,2025-07-14,ไม่ผ่านเกณฑ์
โรงอาหารบริษัทอุตสาหกรรมน้ำตาลบ้านไร่ จำกัด,โรงอาหาร,ทัพหลวง,บ้านไร่,อุทัยธานี,SAN,2023-09-11,ไม่ผ่านเกณฑ์
ร้านหน้าไร่,ร้านจำหน่ายอาหาร,ทัพทัน,ทัพทัน,อุทัยธานี,SAN,2025-07-12,ไม่ผ่านเกณฑ์
ครัวป้าสมนึก,ร้านจำหน่ายอาหาร,ทัพหลวง,บ้านไร่,อุทัยธานี,SAN,2024-05-24,ไม่ผ่านเกณฑ์
Dkr strek house,ร้านจำหน่ายอาหาร,ทองหลาง,ห้วยคต,อุทัยธานี,SAN,2024-05-23,ไม่ผ่านเกณฑ์
ศาลาโค๊ก,ร้านจำหน่ายอาหาร,ท่าซุง,เมืองอุทัยธานี,อุทัยธานี,SAN,2025-07-12,ไม่ผ่านเกณฑ์
ครัวคุ้งสำเภา,ร้านจำหน่ายอาหาร,ท่าซุง,เมืองอุทัยธานี,อุทัยธานี,SAN,2025-07-12,ไม่ผ่านเกณฑ์
ร้านอาหารป้ายก,อื่นๆ,เกาะเทโพ,เมืองอุทัยธานี,อุทัยธานี,SAN,2025-07-12,ไม่ผ่านเกณฑ์
ร้านอาหารต๋อง ปลาแม่น้ำ (เกาะเทโพ),อื่นๆ,เกาะเทโพ,เมืองอุทัยธานี,อุทัยธานี,SAN,2025-07-12,ไม่ผ่านเกณฑ์
ก๋วยเตี๋ยวเจ๊แมวชามโต,ร้านจำหน่ายอาหาร,หนองขาหย่าง,หนองขาหย่าง,อุทัยธานี,SAN,2025-07-14,ไม่ผ่านเกณฑ์
ร้านร่มไม้,ร้านจำหน่ายอาหาร,ดอนขวาง,เมืองอุทัยธานี,อุทัยธานี,SAN,2025-07-14,ไม่ผ่านเกณฑ์
ร้านอาหารป้าสำราญ,ร้านจำหน่ายอาหาร,เกาะเทโพ,เมืองอุทัยธานี,อุทัยธานี,SAN,2025-07-14,ไม่ผ่านเกณฑ์
ร้านพรสวรรค์,ร้านจำหน่ายอาหาร,เขาบางแกรก,หนองฉาง,อุทัยธานี,SAN,2025-07-12,ไม่ผ่านเกณฑ์
ร้านเจ้แมว หนองฉาง,ร้านจำหน่ายอาหาร,หนองยาง,หนองฉาง,อุทัยธานี,SAN,2025-04-25,รับรอง
Cafee Clean,ร้านจำหน่ายอาหาร,ทัพทัน,ทัพทัน,อุทัยธานี,SAN,2025-07-14,ไม่ผ่านเกณฑ์
บ้านเลขที่7 ,ร้านจำหน่ายอาหาร,ทัพทัน,ทัพทัน,อุทัยธานี,SAN,2025-07-12,ไม่ผ่านเกณฑ์
4/7 คาเฟ่ แอนด์ บิสโทร,ร้านจำหน่ายอาหาร,ทัพทัน,ทัพทัน,อุทัยธานี,SAN,2025-07-12,ไม่ผ่านเกณฑ์
ร้านอาหารน้องอุ๋ม,อื่นๆ,เกาะเทโพ,เมืองอุทัยธานี,อุทัยธานี,SAN,2025-07-12,ไม่ผ่านเกณฑ์
ร้านอาหารสมบัติ ชวนชิม,ร้านจำหน่ายอาหาร,เกาะเทโพ,เมืองอุทัยธานี,อุทัยธานี,SAN,2025-02-28,รับรอง
ร้านตะบรรธรรม,ร้านจำหน่ายอาหาร,บ้านไร่,บ้านไร่,อุทัยธานี,SAN,2025-05-19,รับรอง
ร้านอาหารบ้านสวน,ร้านจำหน่ายอาหาร,บ้านไร่,บ้านไร่,อุทัยธานี,SAN,2024-10-22,รับรอง
ป.กุ้งเผา สาขาหนองฉาง,ร้านจำหน่ายอาหาร,หนองสรวง,หนองฉาง,อุทัยธานี,SAN,2025-07-14,ไม่ผ่านเกณฑ์
ครัวชมภู่,ร้านจำหน่ายอาหาร,หนองสรวง,หนองฉาง,อุทัยธานี,SAN,2023-09-13,ไม่ผ่านเกณฑ์
ครัวป้ายแดง,ร้านจำหน่ายอาหาร,บ้านบึง,บ้านไร่,อุทัยธานี,SAN,2024-05-23,ไม่ผ่านเกณฑ์
ร้านคร้วน้องทราย,อื่นๆ,เกาะเทโพ,เมืองอุทัยธานี,อุทัยธานี,SAN,2025-07-12,ไม่ผ่านเกณฑ์
บ้านไร่ วรัญญรัช,สวนอาหาร,หนองยายดา,ทัพทัน,อุทัยธานี,SAN,2025-01-02,รับรอง
ร้านก๋วยเตี๋ยวป่าปก,ร้านจำหน่ายอาหาร,บ้านไร่,บ้านไร่,อุทัยธานี,SAN,2025-07-21,รับรอง
ร้านก๋วยเตี๋ยวสะนำ,ร้านจำหน่ายอาหาร,บ้านไร่,บ้านไร่,อุทัยธานี,SAN,2025-01-02,รับรอง
ร้านซุปเปอร์ตุ๋นมะระลานสัก,ร้านจำหน่ายอาหาร,ลานสัก,ลานสัก,อุทัยธานี,SAN,2025-01-02,รับรอง
ร้านอาหารบ้านสวน,สวนอาหาร,บ้านไร่,บ้านไร่,อุทัยธานี,SAN,2025-07-08,รับรอง
บ้านนิชา,ร้านบุฟเฟ่ต์ (ปิ้งย่าง/ชาบู/สุกี้),บ้านไร่,บ้านไร่,อุทัยธานี,SAN,2025-01-31,รับรอง
สะนำ คาเฟ่,ร้านบุฟเฟ่ต์ (ปิ้งย่าง/ชาบู/สุกี้),บ้านไร่,บ้านไร่,อุทัยธานี,SAN,2024-05-23,ไม่ผ่านเกณฑ์
ร้านป้าซ่วน,ร้านจำหน่ายอาหาร,บ้านไร่,บ้านไร่,อุทัยธานี,SAN,2024-05-23,ไม่ผ่านเกณฑ์
ก๋วยเตี๋ยวชายสี่หมี่เกี๊ยว,ร้านจำหน่ายอาหาร,บ้านไร่,บ้านไร่,อุทัยธานี,SAN,2024-05-23,ไม่ผ่านเกณฑ์
Loom Cafe,ร้านจำหน่ายอาหาร,บ้านไร่,บ้านไร่,อุทัยธานี,SAN,2025-08-20,รับรอง
ร้านก๋วยเตี๋ยวกันตง,ร้านจำหน่ายอาหาร,บ้านบึง,บ้านไร่,อุทัยธานี,SAN,2024-05-24,ไม่ผ่านเกณฑ์
ก๋วยเตี๋ยวเรืออยุธยา กะทิสด,ร้านจำหน่ายอาหาร,บ้านไร่,บ้านไร่,อุทัยธานี,SAN,2024-05-24,ไม่ผ่านเกณฑ์
ข้าวมันไก่ครูสั้น,ร้านจำหน่ายอาหาร,บ้านไร่,บ้านไร่,อุทัยธานี,มาตรฐาน SAN,2024-05-24,หมดอายุ
ผัดไทยมรดกโลก,ร้านจำหน่ายอาหาร,บ้านไร่,บ้านไร่,อุทัยธานี,มาตรฐาน SAN,2024-05-24,หมดอายุ
ครัวแอนฟิลด์,ร้านจำหน่ายอาหาร,บ้านไร่,บ้านไร่,อุทัยธานี,มาตรฐาน SAN,2024-05-24,หมดอายุ
ร้านโจ๊กโรงเตี๊ยม,ร้านจำหน่ายอาหาร,บ้านไร่,บ้านไร่,อุทัยธานี,SAN,2024-05-24,ไม่ผ่านเกณฑ์
ม. หมูกะทะ,ร้านบุฟเฟ่ต์ (ปิ้งย่าง/ชาบู/สุกี้),เมืองการุ้ง,บ้านไร่,อุทัยธานี,SAN,2024-05-24,ไม่ผ่านเกณฑ์
ร้านอาหารป่า ปลาเขื่อน,สวนอาหาร,ทัพหลวง,บ้านไร่,อุทัยธานี,SAN,2024-05-24,ไม่ผ่านเกณฑ์
ตำนานนัว,ร้านจำหน่ายอาหาร,ทัพหลวง,บ้านไร่,อุทัยธานี,SAN,2024-05-24,ไม่ผ่านเกณฑ์
ร้านอาหารอรวรรณ,สวนอาหาร,บ้านไร่,บ้านไร่,อุทัยธานี,SAN,2024-05-24,ไม่ผ่านเกณฑ์
ก๋วยเตี๋ยวลูกชิ้นโฮเด้ง,ร้านจำหน่ายอาหาร,บ้านไร่,บ้านไร่,อุทัยธานี,SAN,2024-05-24,ไม่ผ่านเกณฑ์
ข้าวมันไก่,ร้านจำหน่ายอาหาร,บ้านไร่,บ้านไร่,อุทัยธานี,SAN,2024-05-24,ไม่ผ่านเกณฑ์
อาหารตามสั่ง,ร้านจำหน่ายอาหาร,บ้านไร่,บ้านไร่,อุทัยธานี,SAN,2024-05-24,ไม่ผ่านเกณฑ์
อาหารตามสั่ง,ร้านจำหน่ายอาหาร,บ้านไร่,บ้านไร่,อุทัยธานี,SAN,2024-05-24,ไม่ผ่านเกณฑ์
ร้านก๋วยเตี๋ยว ตา ยาย,ร้านจำหน่ายอาหาร,บ้านไร่,บ้านไร่,อุทัยธานี,SAN,2024-05-24,ไม่ผ่านเกณฑ์
ร้านหัวล้านหมูกระทะ,ร้านบุฟเฟ่ต์ (ปิ้งย่าง/ชาบู/สุกี้),บ้านไร่,บ้านไร่,อุทัยธานี,SAN,2024-05-24,ไม่ผ่านเกณฑ์
"ก๋วยเตี๋ยว,อาหารตามสั่ง",ร้านจำหน่ายอาหาร,บ้านไร่,บ้านไร่,อุทัยธานี,SAN,2024-05-24,ไม่ผ่านเกณฑ์
สวยอาหารบ้านฮาร์ท,ร้านจำหน่ายอาหาร,บ้านไร่,บ้านไร่,อุทัยธานี,SAN,2024-05-24,ไม่ผ่านเกณฑ์
ร้านก๋วยเตี๋ยวป้าบุญธรรม,ร้านจำหน่ายอาหาร,บ้านไร่,บ้านไร่,อุทัยธานี,มาตรฐาน SAN,2024-05-24,หมดอายุ
แจ่วฮ้อน บ้านไร่,ร้านจำหน่ายอาหาร,บ้านไร่,บ้านไร่,อุทัยธานี,มาตรฐาน SAN,2024-05-24,หมดอายุ
ีร้านข้าวแกงคนบิน,ร้านจำหน่ายอาหาร,บ้านไร่,บ้านไร่,อุทัยธานี,มาตรฐาน SAN,2024-05-24,หมดอายุ
ธรรมดากาแฟ,ร้านเครื่องดื่ม,บ้านไร่,บ้านไร่,อุทัยธานี,SAN,2024-05-24,ไม่ผ่านเกณฑ์
โกดัง,ร้านจำหน่ายอาหาร,ลานสัก,ลานสัก,อุทัยธานี,SAN,2025-07-14,ไม่ผ่านเกณฑ์
ร้านอาหารครัวคุณยายจำปี,ร้านจำหน่ายอาหาร,ทุ่งนางาม,ลานสัก,อุทัยธานี,SAN,2025-07-14,ไม่ผ่านเกณฑ์
ก๋วยเตี๋ยวลูกชิ้นแชมป์,ร้านจำหน่ายอาหาร,บ้านไร่,บ้านไร่,อุทัยธานี,SAN,2024-05-28,ไม่ผ่านเกณฑ์
อาณาจักรบ้อง สาขาอุทัยธานี,อื่นๆ,หนองไผ่แบน,เมืองอุทัยธานี,อุทัยธานี,SAN,2025-08-01,รับรอง
ก๋วยเตี๋ยวต้นไทร,ร้านจำหน่ายอาหาร,ดอนขวาง,เมืองอุทัยธานี,อุทัยธานี,SAN,2025-08-01,รับรอง
มาลิณีคาเฟ่ Marine,อื่นๆ,หาดทนง,เมืองอุทัยธานี,อุทัยธานี,SAN,2025-08-01,รับรอง
ครัวประกายแก้ว,ร้านจำหน่ายอาหาร,หาดทนง,เมืองอุทัยธานี,อุทัยธานี,SAN,2025-08-01,รับรอง
บ้านสรากาแฟสด ชาบ้านสรา,อื่นๆ,หาดทนง,เมืองอุทัยธานี,อุทัยธานี,SAN,2025-08-01,รับรอง
แพเคปลาแม่น้ำ,ร้านจำหน่ายอาหาร,เกาะเทโพ,เมืองอุทัยธานี,อุทัยธานี,SAN,2025-08-01,รับรอง
สปันจ์,ภัตาคาร,อุทัยใหม่,เมืองอุทัยธานี,อุทัยธานี,SAN,2025-08-01,รับรอง
ร้านอาหาร S&W steakcafe',อื่นๆ,อุทัยใหม่,เมืองอุทัยธานี,อุทัยธานี,SAN,2025-08-01,รับรอง
ร้านมุมสะแก อุทัยธานี,อื่นๆ,อุทัยใหม่,เมืองอุทัยธานี,อุทัยธานี,SAN,2025-07-12,ไม่ผ่านเกณฑ์
เจ๊เน้ย บะหมี่หมูแดง,ร้านจำหน่ายอาหาร,อุทัยใหม่,เมืองอุทัยธานี,อุทัยธานี,SAN,2025-08-01,รับรอง
เรือนสุข,ร้านจำหน่ายอาหาร,อุทัยใหม่,เมืองอุทัยธานี,อุทัยธานี,SAN,2025-08-01,รับรอง
3องศา Bar&restaurant,อื่นๆ,อุทัยใหม่,เมืองอุทัยธานี,อุทัยธานี,SAN,2025-08-01,รับรอง
หวานเพลิน by kayguide,ร้านจำหน่ายอาหาร,อุทัยใหม่,เมืองอุทัยธานี,อุทัยธานี,SAN,2025-07-12,ไม่ผ่านเกณฑ์
บะหมี่ฮ่องเต้,ร้านจำหน่ายอาหาร,อุทัยใหม่,เมืองอุทัยธานี,อุทัยธานี,SAN,2025-07-12,ไม่ผ่านเกณฑ์
ทัย  - Thai Dessert Café ,ร้านจำหน่ายอาหาร,อุทัยใหม่,เมืองอุทัยธานี,อุทัยธานี,SAN,2025-03-04,รับรอง
ครัวสมุย by อุษาวดี,ร้านจำหน่ายอาหาร,อุทัยใหม่,เมืองอุทัยธานี,อุทัยธานี,SAN,2025-02-25,รับรอง
ร้านนายโต้ง อาหารปลาแม่น้ำ,อื่นๆ,อุทัยใหม่,เมืองอุทัยธานี,อุทัยธานี,SAN PLUS,2025-02-20,รับรอง
ส้มตำอมรา @อู่ไท,ร้านจำหน่ายอาหาร,อุทัยใหม่,เมืองอุทัยธานี,อุทัยธานี,SAN,2025-02-20,รับรอง
ม๊อร์นิ่งคอฟฟี่,ร้านเครื่องดื่ม,สว่างอารมณ์,สว่างอารมณ์,อุทัยธานี,SAN,2025-08-02,รับรอง
เพื่อนกะเพราถาด,ร้านจำหน่ายอาหาร,บ่อยาง,สว่างอารมณ์,อุทัยธานี,SAN,2025-07-12,ไม่ผ่านเกณฑ์
ร้านแตน,ร้านจำหน่ายอาหาร,ลานสัก,ลานสัก,อุทัยธานี,SAN,2025-07-12,ไม่ผ่านเกณฑ์
ก๋วยเตี๋ยวป้าสม(หลังวัดลานสัก),ร้านจำหน่ายอาหาร,ลานสัก,ลานสัก,อุทัยธานี,SAN,2025-02-20,รับรอง
ร้าน ซอย.3 ตามสั่ง,ร้านจำหน่ายอาหาร,ลานสัก,ลานสัก,อุทัยธานี,SAN,2025-07-12,ไม่ผ่านเกณฑ์
ร้านบ้านเลขที่ 5 coffee&cake,ร้านเครื่องดื่ม,ลานสัก,ลานสัก,อุทัยธานี,SAN,2025-07-12,ไม่ผ่านเกณฑ์
ร้านเจ๊ดาว,ร้านจำหน่ายอาหาร,ห้วยคต,ห้วยคต,อุทัยธานี,SAN,2025-07-12,ไม่ผ่านเกณฑ์
ก๋วยเตี๋ยว 111,ร้านจำหน่ายอาหาร,สุขฤทัย,ห้วยคต,อุทัยธานี,SAN,2025-07-12,ไม่ผ่านเกณฑ์
ร้านอาหารอิ่มสุข,ร้านจำหน่ายอาหาร,ห้วยคต,ห้วยคต,อุทัยธานี,SAN,2025-07-12,ไม่ผ่านเกณฑ์
ร้านก๋วยจั๊บยายน้อย,ร้านจำหน่ายอาหาร,สุขฤทัย,ห้วยคต,อุทัยธานี,SAN,2025-07-12,ไม่ผ่านเกณฑ์
ครัวคุณนกน้ำพุ,ร้านจำหน่ายอาหาร,ทองหลาง,ห้วยคต,อุทัยธานี,SAN,2025-07-12,ไม่ผ่านเกณฑ์
Dkr strek house,ร้านจำหน่ายอาหาร,ทองหลาง,ห้วยคต,อุทัยธานี,SAN,2025-07-12,ไม่ผ่านเกณฑ์
ครัวเมษา,ร้านจำหน่ายอาหาร,ทองหลาง,ห้วยคต,อุทัยธานี,SAN,2025-07-12,ไม่ผ่านเกณฑ์
ร้านโกตี๋ข้าวมันไก่สาขาหนองฉาง,ร้านจำหน่ายอาหาร,หนองฉาง,หนองฉาง,อุทัยธานี,SAN,2025-07-12,ไม่ผ่านเกณฑ์
ร้านทีป หมูกระทะ,ร้านบุฟเฟ่ต์ (ปิ้งย่าง/ชาบู/สุกี้),หนองฉาง,หนองฉาง,อุทัยธานี,SAN,2025-02-26,รับรอง
KFC Lotus Nongchang,ภัตาคาร,หนองฉาง,หนองฉาง,อุทัยธานี,SAN,2025-02-20,รับรอง
ร้าน ทุ่งออกญา นาอำแดง,ร้านจำหน่ายอาหาร,หนองฉาง,หนองฉาง,อุทัยธานี,SAN,2025-07-12,ไม่ผ่านเกณฑ์
ภัตคารบ้านทุ่ง,ร้านจำหน่ายอาหาร,สุขฤทัย,ห้วยคต,อุทัยธานี,SAN,2025-02-22,รับรอง
ร้านโกตี๋ข้าวมันไก่สาขาทัพทัน,ร้านจำหน่ายอาหาร,ทัพทัน,ทัพทัน,อุทัยธานี,SAN,2025-03-04,รับรอง
ก๋วยจั๊บเจ๊งึ้งเจ้าเก่า,ร้านจำหน่ายอาหาร,ทัพทัน,ทัพทัน,อุทัยธานี,SAN,2025-03-04,รับรอง
ครัวสวนลุงพร,ร้านจำหน่ายอาหาร,ทัพทัน,ทัพทัน,อุทัยธานี,SAN,2025-07-14,ไม่ผ่านเกณฑ์
Mom’s Secret garden,ร้านจำหน่ายอาหาร,ทัพทัน,ทัพทัน,อุทัยธานี,SAN,2025-07-14,ไม่ผ่านเกณฑ์
เขาปฐวี คาเฟ่,ร้านจำหน่ายอาหาร,ตลุกดู่,ทัพทัน,อุทัยธานี,SAN,2025-07-14,ไม่ผ่านเกณฑ์
แม่ตุ่นโภชนา,ร้านจำหน่ายอาหาร,ไผ่เขียว,สว่างอารมณ์,อุทัยธานี,SAN,2025-04-08,รับรอง
ควายนา คาเฟ่ หนึ่งบางปู,ร้านจำหน่ายอาหาร,บ่อยาง,สว่างอารมณ์,อุทัยธานี,SAN,2025-07-14,ไม่ผ่านเกณฑ์
ครัวนิ้งหน่อง,ร้านจำหน่ายอาหาร,สว่างอารมณ์,สว่างอารมณ์,อุทัยธานี,SAN,2025-02-24,รับรอง
ครัวใบสา,ร้านจำหน่ายอาหาร,ไผ่เขียว,สว่างอารมณ์,อุทัยธานี,SAN,2025-07-14,ไม่ผ่านเกณฑ์
ครัวคุ้มแฝก,ร้านจำหน่ายอาหาร,สว่างอารมณ์,สว่างอารมณ์,อุทัยธานี,SAN,2025-07-14,ไม่ผ่านเกณฑ์
ร้านผัดไทกุ้งสด ,ร้านจำหน่ายอาหาร,สว่างอารมณ์,สว่างอารมณ์,อุทัยธานี,SAN,2025-07-14,ไม่ผ่านเกณฑ์
ครัวพฤกษา คอฟฟี่,ร้านจำหน่ายอาหาร,สว่างอารมณ์,สว่างอารมณ์,อุทัยธานี,SAN,2025-07-14,ไม่ผ่านเกณฑ์
ร้านสปาร์คคอฟฟี่ ขายสเต็ก,ร้านเครื่องดื่ม,หนองฉาง,หนองฉาง,อุทัยธานี,SAN,2025-07-14,ไม่ผ่านเกณฑ์
ชาบูหนองฉาง ชาบูสายพาน หมูมีหม้อ,ร้านบุฟเฟ่ต์ (ปิ้งย่าง/ชาบู/สุกี้),หนองสรวง,หนองฉาง,อุทัยธานี,SAN,2025-07-30,รับรอง
หนองฉางซีฟู๊ด บุฟเฟ่ต์​ทะเลเผา,ร้านบุฟเฟ่ต์ (ปิ้งย่าง/ชาบู/สุกี้),หนองสรวง,หนองฉาง,อุทัยธานี,SAN,2025-07-14,ไม่ผ่านเกณฑ์
สตาร์ค๊อฟฟี่.เอ็น,ร้านเครื่องดื่ม,หนองสรวง,หนองฉาง,อุทัยธานี,SAN,2025-07-14,ไม่ผ่านเกณฑ์
ครัวกำนันแมว,ร้านจำหน่ายอาหาร,หนองสรวง,หนองฉาง,อุทัยธานี,SAN,2025-07-14,ไม่ผ่านเกณฑ์
บ้านเสือคาเฟ่,ร้านจำหน่ายอาหาร,หนองยาง,หนองฉาง,อุทัยธานี,SAN,2025-07-14,ไม่ผ่านเกณฑ์
ร้านครัวต้นไผ่,ร้านจำหน่ายอาหาร,หนองฉาง,หนองฉาง,อุทัยธานี,SAN,2025-07-14,ไม่ผ่านเกณฑ์
ครัวเจ๊เสถียร,ร้านจำหน่ายอาหาร,หนองฉาง,หนองฉาง,อุทัยธานี,SAN PLUS,2025-02-25,รับรอง
TOYE COFFEE INDY,ร้านจำหน่ายอาหาร,ทุ่งพง,หนองฉาง,อุทัยธานี,SAN,2025-07-14,ไม่ผ่านเกณฑ์
เอฟแอนด์เอฟหมูกระทะ,ร้านจำหน่ายอาหาร,หนองสรวง,หนองฉาง,อุทัยธานี,SAN,2025-07-14,ไม่ผ่านเกณฑ์
ร้านบ้านจ๋า CAFE & RESTAURANT,ร้านจำหน่ายอาหาร,หนองยาง,หนองฉาง,อุทัยธานี,SAN,2025-07-14,ไม่ผ่านเกณฑ์
ครัวริมธาร,ร้านจำหน่ายอาหาร,ระบำ,ลานสัก,อุทัยธานี,SAN,2025-07-14,ไม่ผ่านเกณฑ์
ร้านครัวเรือนจัน,ร้านจำหน่ายอาหาร,ระบำ,ลานสัก,อุทัยธานี,SAN,2025-07-14,ไม่ผ่านเกณฑ์
ร้าน n&y หมูจุ่มกลางดง,ร้านจำหน่ายอาหาร,ระบำ,ลานสัก,อุทัยธานี,SAN,2025-07-14,ไม่ผ่านเกณฑ์
ร้านกาแฟ .ซ9,ร้านจำหน่ายอาหาร,ลานสัก,ลานสัก,อุทัยธานี,SAN,2025-07-14,ไม่ผ่านเกณฑ์
ร้านชายสี่น้ำรอบ,ร้านจำหน่ายอาหาร,น้ำรอบ,ลานสัก,อุทัยธานี,SAN,2025-07-14,ไม่ผ่านเกณฑ์
เจ้เพชรอาหารปักษ์ใต้,ร้านจำหน่ายอาหาร,ลานสัก,ลานสัก,อุทัยธานี,SAN,2025-07-14,ไม่ผ่านเกณฑ์
ร้านแอ๊ดหมู กระทะ,ร้านจำหน่ายอาหาร,ลานสัก,ลานสัก,อุทัยธานี,SAN,2025-07-14,ไม่ผ่านเกณฑ์
ร้าน ส้มตำ เจ้ สายหยุด ๕ ครก,ร้านจำหน่ายอาหาร,ลานสัก,ลานสัก,อุทัยธานี,SAN,2025-07-14,ไม่ผ่านเกณฑ์
ร้านก๋วยเตี๋ยว ป้ารัตน์,ร้านจำหน่ายอาหาร,ลานสัก,ลานสัก,อุทัยธานี,SAN,2025-03-06,รับรอง
"ร้านก๋วยเตี๋ยวดู๋ดี๋...""แซ่บเว่อร์""",ร้านจำหน่ายอาหาร,ลานสัก,ลานสัก,อุทัยธานี,SAN,2025-02-26,รับรอง
Cafe Amazon @ptt lansak,ร้านเครื่องดื่ม,ลานสัก,ลานสัก,อุทัยธานี,SAN,2025-02-26,รับรอง
สปันจ์,ร้านจำหน่ายอาหาร,อุทัยใหม่,เมืองอุทัยธานี,อุทัยธานี,SAN,2025-07-14,ไม่ผ่านเกณฑ์
ร้านโกตี๋ข้าวมันไก่สาขาเมืองอุทัย,ร้านจำหน่ายอาหาร,อุทัยใหม่,เมืองอุทัยธานี,อุทัยธานี,SAN,2025-02-27,รับรอง
ร้านข้าวมันไก่กำแพงเพชร สาขาตลาดพัฒนา,ร้านจำหน่ายอาหาร,อุทัยใหม่,เมืองอุทัยธานี,อุทัยธานี,SAN PLUS,2025-06-30,รับรอง
ภูผากาแฟ,ร้านจำหน่ายอาหาร,อุทัยใหม่,เมืองอุทัยธานี,อุทัยธานี,SAN,2025-07-14,ไม่ผ่านเกณฑ์
ดิ อมฤต,ร้านจำหน่ายอาหาร,อุทัยใหม่,เมืองอุทัยธานี,อุทัยธานี,SAN,2025-02-27,รับรอง
ร้านบัวหลวง,สวนอาหาร,อุทัยใหม่,เมืองอุทัยธานี,อุทัยธานี,SAN,2025-07-14,ไม่ผ่านเกณฑ์
U-Ber,ร้านจำหน่ายอาหาร,อุทัยใหม่,เมืองอุทัยธานี,อุทัยธานี,SAN,2025-07-14,ไม่ผ่านเกณฑ์
ASMA Coffee&Bakery,ร้านจำหน่ายอาหาร,หนองเต่า,เมืองอุทัยธานี,อุทัยธานี,SAN,2025-07-14,ไม่ผ่านเกณฑ์
ทุ่งเนินแจง Cafe & Resort,ร้านจำหน่ายอาหาร,เนินแจง,เมืองอุทัยธานี,อุทัยธานี,SAN,2025-02-27,รับรอง
กอบกาแฟ 2,อื่นๆ,สะแกกรัง,เมืองอุทัยธานี,อุทัยธานี,SAN,2025-07-14,ไม่ผ่านเกณฑ์
ริเวอร์เลคคาเฟ่ & เรสโตรองต์ ,ร้านบุฟเฟ่ต์ (ปิ้งย่าง/ชาบู/สุกี้),เกาะเทโพ,เมืองอุทัยธานี,อุทัยธานี,SAN,2025-07-14,ไม่ผ่านเกณฑ์
เจ้ผึ้งอาหารตามสั่ง,ร้านจำหน่ายอาหาร,ท่าซุง,เมืองอุทัยธานี,อุทัยธานี,SAN,2025-07-14,ไม่ผ่านเกณฑ์
บ้านนิชา,ร้านบุฟเฟ่ต์ (ปิ้งย่าง/ชาบู/สุกี้),บ้านไร่,บ้านไร่,อุทัยธานี,SAN,2025-07-14,ไม่ผ่านเกณฑ์
เรือนเจ้านาง​ กาแฟสด,ร้านเครื่องดื่ม,หนองขาหย่าง,หนองขาหย่าง,อุทัยธานี,SAN,2025-07-14,ไม่ผ่านเกณฑ์
P.Garden Cafe พีการ์เด้น คาเฟ่,ร้านจำหน่ายอาหาร,หลุมเข้า,หนองขาหย่าง,อุทัยธานี,SAN,2025-07-14,ไม่ผ่านเกณฑ์
Cafe' amazon ปตท.บ้านไร่,ร้านเครื่องดื่ม,บ้านไร่,บ้านไร่,อุทัยธานี,SAN,2025-07-14,ไม่ผ่านเกณฑ์
ครัวฅนสุพรรณ,ร้านจำหน่ายอาหาร,บ้านไร่,บ้านไร่,อุทัยธานี,SAN,2025-07-14,ไม่ผ่านเกณฑ์
แจ่วฮ้อน บ้านไร่,ร้านจำหน่ายอาหาร,บ้านไร่,บ้านไร่,อุทัยธานี,SAN,2025-07-14,ไม่ผ่านเกณฑ์
ร้านอาหารอรวรรณ,สวนอาหาร,บ้านไร่,บ้านไร่,อุทัยธานี,SAN,2025-07-14,ไม่ผ่านเกณฑ์
ร้านอาหารครัวคุณยาย,ร้านจำหน่ายอาหาร,บ้านไร่,บ้านไร่,อุทัยธานี,SAN,2025-07-14,ไม่ผ่านเกณฑ์
ครัวบ้านเฉวียงByกุ๊กแอน,ร้านจำหน่ายอาหาร,บ้านไร่,บ้านไร่,อุทัยธานี,SAN,2025-07-14,ไม่ผ่านเกณฑ์
ข้าวมันไก่ครูสั้น,ร้านจำหน่ายอาหาร,บ้านไร่,บ้านไร่,อุทัยธานี,SAN,2025-02-27,รับรอง
DeerRista Homemade Bakery,ร้านจำหน่ายอาหาร,บ้านไร่,บ้านไร่,อุทัยธานี,SAN,2025-07-14,ไม่ผ่านเกณฑ์
ผัดไทยมรดกโลก,ร้านจำหน่ายอาหาร,บ้านไร่,บ้านไร่,อุทัยธานี,SAN,2025-07-14,ไม่ผ่านเกณฑ์
ร้านก๋วยเตี๋ยวป้าลี้,ร้านจำหน่ายอาหาร,บ้านไร่,บ้านไร่,อุทัยธานี,SAN,2025-07-14,ไม่ผ่านเกณฑ์
ร้านป้ามาลี,ร้านจำหน่ายอาหาร,หูช้าง,บ้านไร่,อุทัยธานี,SAN,2025-07-14,ไม่ผ่านเกณฑ์
ครัวป้ายแดง,ร้านจำหน่ายอาหาร,บ้านบึง,บ้านไร่,อุทัยธานี,SAN,2025-07-14,ไม่ผ่านเกณฑ์
ครัวอาพัชชา,ร้านจำหน่ายอาหาร,เมืองการุ้ง,บ้านไร่,อุทัยธานี,SAN,2025-07-14,ไม่ผ่านเกณฑ์
ร้านป็อปเคทูคอฟฟี่ช็อป,ร้านเครื่องดื่ม,เมืองการุ้ง,บ้านไร่,อุทัยธานี,SAN,2025-07-14,ไม่ผ่านเกณฑ์
Long Rak Cafe,ร้านเครื่องดื่ม,เมืองการุ้ง,บ้านไร่,อุทัยธานี,SAN,2025-03-07,รับรอง
Best Burger,ร้านจำหน่ายอาหาร,เมืองการุ้ง,บ้านไร่,อุทัยธานี,SAN,2025-07-14,ไม่ผ่านเกณฑ์
บ้านไร่แพรวา,ร้านจำหน่ายอาหาร,ทัพหลวง,บ้านไร่,อุทัยธานี,SAN,2025-07-14,ไม่ผ่านเกณฑ์
ครัวสายไหม,ร้านจำหน่ายอาหาร,คอกควาย,บ้านไร่,อุทัยธานี,SAN,2025-07-14,ไม่ผ่านเกณฑ์
Brahman coffee & ตำแซ่บหน้าสวน,ร้านเครื่องดื่ม,หนองบ่มกล้วย,บ้านไร่,อุทัยธานี,SAN,2025-07-14,ไม่ผ่านเกณฑ์
ภูปรางสวรรค์,ร้านจำหน่ายอาหาร,คอกควาย,บ้านไร่,อุทัยธานี,SAN,2025-07-31,ไม่ผ่านเกณฑ์
ส้มตำ ป,ร้านจำหน่ายอาหาร,สว่างอารมณ์,สว่างอารมณ์,อุทัยธานี,SAN,2025-07-31,ไม่ผ่านเกณฑ์
FuFe COOFEE shop,ร้านจำหน่ายอาหาร,ทัพทัน,ทัพทัน,อุทัยธานี,SAN,2025-07-31,ไม่ผ่านเกณฑ์
4224 Homecafe&Bistro,ร้านจำหน่ายอาหาร,ลานสัก,ลานสัก,อุทัยธานี,SAN,2025-07-31,ไม่ผ่านเกณฑ์
Pizza Company สาขาอุทัยธานี,ร้านจำหน่ายอาหาร,อุทัยใหม่,เมืองอุทัยธานี,อุทัยธานี,SAN,2025-07-31,ไม่ผ่านเกณฑ์
