name,type,subdistrict,district,province,standard,approve_date,status
สวนอาหารเบญจรงค์  ,ร้านจำหน่ายอาหาร,วังน้ำซับ,ศรีประจันต์,สุพรรณบุรี,SAN PLUS,2025-05-21,รับรอง
นพรัตน์ภัตตาคาร,ภัตาคาร,รั้วใหญ่,เมืองสุพรรณบุรี,สุพรรณบุรี,SAN,2024-05-24,ไม่ผ่านเกณฑ์
กุ้งเป็น,ร้านจำหน่ายอาหาร,สามชุก,สามชุก,สุพรรณบุรี,SAN,2024-08-10,ไม่ผ่านเกณฑ์
ขจี คาเฟ่ แอนด์ โฮสเทล,ร้านจำหน่ายอาหาร,สองพี่น้อง,สองพี่น้อง,สุพรรณบุรี,SAN,2024-05-23,ไม่ผ่านเกณฑ์
ร้านบังเอิญ,ร้านจำหน่ายอาหาร,เขาพระ,เดิมบางนางบวช,สุพรรณบุรี,SAN,2024-02-06,ไม่ผ่านเกณฑ์
ครัวร่มไม้ปลาเผา,ร้านจำหน่ายอาหาร,อู่ทอง,อู่ทอง,สุพรรณบุรี,SAN,2024-02-05,ไม่ผ่านเกณฑ์
ริมคลองเฮ้าส์ บางปลาม้า,ร้านจำหน่ายอาหาร,บางปลาม้า,บางปลาม้า,สุพรรณบุรี,SAN,2024-02-05,ไม่ผ่านเกณฑ์
ครัวกับข้าวกับปลา,ร้านจำหน่ายอาหาร,ดอนเจดีย์,ดอนเจดีย์,สุพรรณบุรี,SAN,2024-05-23,ไม่ผ่านเกณฑ์
ครัว อบต.แดง,ร้านจำหน่ายอาหาร,หนองมะค่าโมง,ด่านช้าง,สุพรรณบุรี,SAN,2025-05-23,รับรอง
ไฮโซรสแซบ,ร้านจำหน่ายอาหาร,รั้วใหญ่,เมืองสุพรรณบุรี,สุพรรณบุรี,SAN,2024-02-05,ไม่ผ่านเกณฑ์
ก๋วยเตี๋ยวเรือกิมเต๊ก,ร้านจำหน่ายอาหาร,ท่าพี่เลี้ยง,เมืองสุพรรณบุรี,สุพรรณบุรี,SAN,2024-02-05,ไม่ผ่านเกณฑ์
ดราก้อนชา ชานมไข่มุก,ร้านจำหน่ายอาหาร,ท่าพี่เลี้ยง,เมืองสุพรรณบุรี,สุพรรณบุรี,SAN,2024-09-12,ไม่ผ่านเกณฑ์
God to go cafe & space,ร้านจำหน่ายอาหาร,ท่าพี่เลี้ยง,เมืองสุพรรณบุรี,สุพรรณบุรี,มาตรฐาน SAN,2024-02-06,หมดอายุ
รีบูท คอฟฟี่ รูม,ร้านจำหน่ายอาหาร,ท่าพี่เลี้ยง,เมืองสุพรรณบุรี,สุพรรณบุรี,มาตรฐาน SAN,2024-02-06,หมดอายุ
พันถาด กระทะร้อน,ร้านจำหน่ายอาหาร,ท่าพี่เลี้ยง,เมืองสุพรรณบุรี,สุพรรณบุรี,SAN,2025-08-01,รับรอง
ชื่นชีวา ฟุต คาเฟ่,ร้านเครื่องดื่ม,ท่าพี่เลี้ยง,เมืองสุพรรณบุรี,สุพรรณบุรี,มาตรฐาน SAN,2024-02-06,หมดอายุ
ก๋วยเตี๋ยวต้มยำตองแปด,ร้านจำหน่ายอาหาร,ท่าพี่เลี้ยง,เมืองสุพรรณบุรี,สุพรรณบุรี,SAN,2024-09-23,รับรอง
ไทย ไทย,ร้านจำหน่ายอาหาร,ท่าพี่เลี้ยง,เมืองสุพรรณบุรี,สุพรรณบุรี,SAN,2024-02-10,ไม่ผ่านเกณฑ์
icoffee,ร้านจำหน่ายอาหาร,ท่าพี่เลี้ยง,เมืองสุพรรณบุรี,สุพรรณบุรี,SAN,2024-02-10,ไม่ผ่านเกณฑ์
ร้านขนมบ้านแม่คุณหลี,ร้านจำหน่ายอาหาร,เขาพระ,เดิมบางนางบวช,สุพรรณบุรี,มาตรฐาน SAN,2024-03-21,หมดอายุ
อินใจ โฮม คาเฟ่,ร้านจำหน่ายอาหาร,ท่าพี่เลี้ยง,เมืองสุพรรณบุรี,สุพรรณบุรี,มาตรฐาน SAN,2024-09-06,หมดอายุ
แรด คาเฟ่,ร้านจำหน่ายอาหาร,ท่าพี่เลี้ยง,เมืองสุพรรณบุรี,สุพรรณบุรี,SAN,2025-01-13,รับรอง
ร้าน coffee 47,สวนอาหาร,ด่านช้าง,ด่านช้าง,สุพรรณบุรี,มาตรฐาน SAN,2024-07-10,หมดอายุ
ร้านบ้านสวนขวัญ ,สวนอาหาร,ด่านช้าง,ด่านช้าง,สุพรรณบุรี,มาตรฐาน SAN,2024-07-02,หมดอายุ
โรงงานหมูกระทะ,ร้านจำหน่ายอาหาร,ท่าพี่เลี้ยง,เมืองสุพรรณบุรี,สุพรรณบุรี,มาตรฐาน SAN,2024-09-06,หมดอายุ
ไร่ชมอินทร์,สวนอาหาร,ด่านช้าง,ด่านช้าง,สุพรรณบุรี,SAN,2025-06-10,รับรอง
ร้านครัวด่านช้าง,ร้านจำหน่ายอาหาร,หนองขาม,หนองหญ้าไซ,สุพรรณบุรี,SAN,2024-07-12,ไม่ผ่านเกณฑ์
Green Bough Cafe        (กรีนบาว คาเฟ่),ร้านจำหน่ายอาหาร,อู่ทอง,อู่ทอง,สุพรรณบุรี,มาตรฐาน SAN,2024-07-12,หมดอายุ
ร้านชื่นใจ คาเฟ่,ร้านจำหน่ายอาหาร,จรเข้สามพัน,อู่ทอง,สุพรรณบุรี,มาตรฐาน SAN,2024-07-12,หมดอายุ
ร้านสูตรเตี๋ยว,ร้านจำหน่ายอาหาร,จรเข้สามพัน,อู่ทอง,สุพรรณบุรี,มาตรฐาน SAN,2024-07-12,หมดอายุ
ร้านครัวลุงบิน,ร้านจำหน่ายอาหาร,อู่ทอง,อู่ทอง,สุพรรณบุรี,มาตรฐาน SAN,2024-07-12,หมดอายุ
koww-โค้ว,ร้านจำหน่ายอาหาร,หนองหญ้าไซ,หนองหญ้าไซ,สุพรรณบุรี,มาตรฐาน SAN,2025-05-29,หมดอายุ
ขัวะ,ร้านจำหน่ายอาหาร,ท่าพี่เลี้ยง,เมืองสุพรรณบุรี,สุพรรณบุรี,SAN,2025-06-30,รับรอง
บ้านชมเพลิน,ร้านจำหน่ายอาหาร,ท่าระหัด,เมืองสุพรรณบุรี,สุพรรณบุรี,มาตรฐาน SAN,2024-09-06,หมดอายุ
ปังอั๊ยยะ สุพรรณบุรี,ร้านจำหน่ายอาหาร,ท่าระหัด,เมืองสุพรรณบุรี,สุพรรณบุรี,SAN,2024-09-04,ไม่ผ่านเกณฑ์
คาเฟ่ อเมซอน,ร้านเครื่องดื่ม,ท่าระหัด,เมืองสุพรรณบุรี,สุพรรณบุรี,SAN,2024-09-04,ไม่ผ่านเกณฑ์
โอซาว่า ราเมน คาราอะเกะ เคียวได,ร้านจำหน่ายอาหาร,ท่าระหัด,เมืองสุพรรณบุรี,สุพรรณบุรี,มาตรฐาน SAN,2024-09-09,หมดอายุ
ร้านหมี่ยำเจริญ,ร้านจำหน่ายอาหาร,ท่าระหัด,เมืองสุพรรณบุรี,สุพรรณบุรี,มาตรฐาน SAN,2024-09-09,หมดอายุ
ร้านชำ หมาล่า,ร้านจำหน่ายอาหาร,ท่าพี่เลี้ยง,เมืองสุพรรณบุรี,สุพรรณบุรี,SAN,2024-09-09,ไม่ผ่านเกณฑ์
บันนี่ เชค สุพรรณบุรี,ร้านจำหน่ายอาหาร,ท่าพี่เลี้ยง,เมืองสุพรรณบุรี,สุพรรณบุรี,SAN,2024-09-09,ไม่ผ่านเกณฑ์
ชุนเจริญ ติ่มซำ สุพรรณบุรี,ร้านจำหน่ายอาหาร,รั้วใหญ่,เมืองสุพรรณบุรี,สุพรรณบุรี,SAN,2024-09-09,ไม่ผ่านเกณฑ์
โรงแรมศรีอู่ทองแกรนด์,ร้านจำหน่ายอาหาร,ท่าพี่เลี้ยง,เมืองสุพรรณบุรี,สุพรรณบุรี,SAN,2025-06-20,รับรอง
รร.วาสิฏฐีซิตี้,ร้านจำหน่ายอาหาร,ท่าพี่เลี้ยง,เมืองสุพรรณบุรี,สุพรรณบุรี,SAN,2024-09-12,ไม่ผ่านเกณฑ์
บ.สองพันบุรีดีเวลลอป,ร้านจำหน่ายอาหาร,ท่าพี่เลี้ยง,เมืองสุพรรณบุรี,สุพรรณบุรี,SAN,2024-10-02,รับรอง
โกตี๋,ร้านจำหน่ายอาหาร,ท่าพี่เลี้ยง,เมืองสุพรรณบุรี,สุพรรณบุรี,SAN,2024-10-02,รับรอง
โกเฑียร,ร้านจำหน่ายอาหาร,ท่าพี่เลี้ยง,เมืองสุพรรณบุรี,สุพรรณบุรี,SAN,2025-07-14,รับรอง
เฝอลุงโฮ (สพ.),ร้านจำหน่ายอาหาร,ท่าพี่เลี้ยง,เมืองสุพรรณบุรี,สุพรรณบุรี,มาตรฐาน SAN,2024-09-12,หมดอายุ
บ.สองพันบุรีดีเวลลอป,ร้านจำหน่ายอาหาร,ท่าพี่เลี้ยง,เมืองสุพรรณบุรี,สุพรรณบุรี,SAN,2025-06-27,รับรอง
ห้องอาหาร พชร,ร้านจำหน่ายอาหาร,ท่าพี่เลี้ยง,เมืองสุพรรณบุรี,สุพรรณบุรี,SAN,2024-09-17,ไม่ผ่านเกณฑ์
ก๋วยเตี๋ยวเป็ดเขื่อนกระเสียว,ร้านจำหน่ายอาหาร,ท่าพี่เลี้ยง,เมืองสุพรรณบุรี,สุพรรณบุรี,SAN,2024-09-18,ไม่ผ่านเกณฑ์
ยิ้ม ยิ้ม โภชนา,ร้านจำหน่ายอาหาร,ท่าพี่เลี้ยง,เมืองสุพรรณบุรี,สุพรรณบุรี,SAN,2024-09-18,ไม่ผ่านเกณฑ์
ครัวน้ำเพชร,ร้านจำหน่ายอาหาร,ท่าระหัด,เมืองสุพรรณบุรี,สุพรรณบุรี,SAN PLUS,2025-02-24,รับรอง
สาลี่วันเดอร์แลนด์,ร้านจำหน่ายอาหาร,ท่าพี่เลี้ยง,เมืองสุพรรณบุรี,สุพรรณบุรี,SAN,2025-05-13,รับรอง
Cafe Amazon สาขา รพศ.,ร้านจำหน่ายอาหาร,ท่าพี่เลี้ยง,เมืองสุพรรณบุรี,สุพรรณบุรี,SAN,2024-10-03,ไม่ผ่านเกณฑ์
น้องก๋วยเตี๋ยว,ร้านจำหน่ายอาหาร,ท่าพี่เลี้ยง,เมืองสุพรรณบุรี,สุพรรณบุรี,มาตรฐาน SAN,2024-10-04,หมดอายุ
ก่วยเตี๋ยวเรือเมย์,ร้านจำหน่ายอาหาร,ท่าพี่เลี้ยง,เมืองสุพรรณบุรี,สุพรรณบุรี,SAN,2024-10-04,ไม่ผ่านเกณฑ์
Sugary,ร้านจำหน่ายอาหาร,ท่าพี่เลี้ยง,เมืองสุพรรณบุรี,สุพรรณบุรี,มาตรฐาน SAN,2024-10-07,หมดอายุ
ครัวช่อม่วง,ร้านจำหน่ายอาหาร,ท่าพี่เลี้ยง,เมืองสุพรรณบุรี,สุพรรณบุรี,SAN,2024-10-07,ไม่ผ่านเกณฑ์
ซ้ง ก๋วยเตี๋ยวกะเหรี่ยง,ร้านจำหน่ายอาหาร,ท่าพี่เลี้ยง,เมืองสุพรรณบุรี,สุพรรณบุรี,SAN,2024-10-11,ไม่ผ่านเกณฑ์
แหนมเนือง อาหารไทย,ร้านจำหน่ายอาหาร,ท่าพี่เลี้ยง,เมืองสุพรรณบุรี,สุพรรณบุรี,SAN,2024-10-15,ไม่ผ่านเกณฑ์
น้องฑรายก๋วยเตี๋ยวเป็ด,ร้านจำหน่ายอาหาร,ท่าพี่เลี้ยง,เมืองสุพรรณบุรี,สุพรรณบุรี,SAN,2024-10-15,ไม่ผ่านเกณฑ์
ก๋วยเตี๋ยวเรือกิมเต๊ก,ร้านจำหน่ายอาหาร,รั้วใหญ่,เมืองสุพรรณบุรี,สุพรรณบุรี,SAN,2025-06-27,รับรอง
วีข้าวซอยเชียงใหม่,ร้านจำหน่ายอาหาร,ท่าพี่เลี้ยง,เมืองสุพรรณบุรี,สุพรรณบุรี,มาตรฐาน SAN,2024-10-15,หมดอายุ
จิ้วก๋วยเตี๋ยว,ร้านจำหน่ายอาหาร,ท่าพี่เลี้ยง,เมืองสุพรรณบุรี,สุพรรณบุรี,SAN,2024-10-15,ไม่ผ่านเกณฑ์
สุพรรณโภชนา,ร้านจำหน่ายอาหาร,ท่าพี่เลี้ยง,เมืองสุพรรณบุรี,สุพรรณบุรี,SAN,2024-10-15,ไม่ผ่านเกณฑ์
ครัวนายหนวด,ร้านจำหน่ายอาหาร,ท่าระหัด,เมืองสุพรรณบุรี,สุพรรณบุรี,SAN,2025-06-27,รับรอง
Drink up,ร้านจำหน่ายอาหาร,ท่าพี่เลี้ยง,เมืองสุพรรณบุรี,สุพรรณบุรี,มาตรฐาน SAN,2024-10-16,หมดอายุ
ก๋วยเตี๋ยวอยุธยา,ร้านจำหน่ายอาหาร,ท่าพี่เลี้ยง,เมืองสุพรรณบุรี,สุพรรณบุรี,มาตรฐาน SAN,2024-10-16,หมดอายุ
ครัวพรชัย,ร้านจำหน่ายอาหาร,ท่าพี่เลี้ยง,เมืองสุพรรณบุรี,สุพรรณบุรี,มาตรฐาน SAN,2024-10-16,หมดอายุ
ครัววังวารี,ร้านจำหน่ายอาหาร,ท่าพี่เลี้ยง,เมืองสุพรรณบุรี,สุพรรณบุรี,SAN PLUS,2025-07-15,รับรอง
เลอแวงคูช,ร้านจำหน่ายอาหาร,ท่าพี่เลี้ยง,เมืองสุพรรณบุรี,สุพรรณบุรี,มาตรฐาน SAN,2024-10-16,หมดอายุ
โอเหลียงเป็ดย่าง,ร้านจำหน่ายอาหาร,ท่าพี่เลี้ยง,เมืองสุพรรณบุรี,สุพรรณบุรี,มาตรฐาน SAN,2024-10-16,หมดอายุ
ก๋วยเตี๋ยวนายสมชาย,ร้านจำหน่ายอาหาร,ท่าพี่เลี้ยง,เมืองสุพรรณบุรี,สุพรรณบุรี,มาตรฐาน SAN,2024-10-16,หมดอายุ
เจียงข้าวมันไก่,ร้านจำหน่ายอาหาร,ท่าพี่เลี้ยง,เมืองสุพรรณบุรี,สุพรรณบุรี,SAN,2024-10-16,ไม่ผ่านเกณฑ์
เลี้ยงอร่อย,ร้านจำหน่ายอาหาร,ท่าพี่เลี้ยง,เมืองสุพรรณบุรี,สุพรรณบุรี,SAN,2025-07-02,รับรอง
ส.ลัดดากาแฟ,ร้านจำหน่ายอาหาร,ท่าพี่เลี้ยง,เมืองสุพรรณบุรี,สุพรรณบุรี,มาตรฐาน SAN,2024-10-16,หมดอายุ
ขนมหวานแม่แตงอ่อน,ร้านจำหน่ายอาหาร,ท่าพี่เลี้ยง,เมืองสุพรรณบุรี,สุพรรณบุรี,มาตรฐาน SAN,2024-10-17,หมดอายุ
ก๋วยเตี๋ยวเรือถูกปากสาขาบางปลาม้า,ร้านจำหน่ายอาหาร,สาลี,บางปลาม้า,สุพรรณบุรี,มาตรฐาน SAN,2024-10-17,หมดอายุ
กูโรตีชาชัก เหรียญทอง,ร้านจำหน่ายอาหาร,รั้วใหญ่,เมืองสุพรรณบุรี,สุพรรณบุรี,SAN,2024-10-17,ไม่ผ่านเกณฑ์
ฟ้าใหม่,ร้านจำหน่ายอาหาร,ท่าระหัด,เมืองสุพรรณบุรี,สุพรรณบุรี,มาตรฐาน SAN,2024-10-17,หมดอายุ
ราดหน้ายอดผักพรประชา,ร้านจำหน่ายอาหาร,ท่าพี่เลี้ยง,เมืองสุพรรณบุรี,สุพรรณบุรี,มาตรฐาน SAN,2024-10-17,หมดอายุ
ข้าวหมูแดงเรือเมล์,ร้านจำหน่ายอาหาร,ท่าพี่เลี้ยง,เมืองสุพรรณบุรี,สุพรรณบุรี,มาตรฐาน SAN,2024-10-17,หมดอายุ
ตี๋ข้าวต้มปลา,ร้านจำหน่ายอาหาร,ท่าพี่เลี้ยง,เมืองสุพรรณบุรี,สุพรรณบุรี,มาตรฐาน SAN,2024-10-17,หมดอายุ
ต๋องเป็ดพะโล้,ร้านจำหน่ายอาหาร,ท่าพี่เลี้ยง,เมืองสุพรรณบุรี,สุพรรณบุรี,มาตรฐาน SAN,2024-10-17,หมดอายุ
ชาบูหมูแกว่ง สุพรรณบุรี,ร้านจำหน่ายอาหาร,ท่าระหัด,เมืองสุพรรณบุรี,สุพรรณบุรี,มาตรฐาน SAN,2024-10-17,หมดอายุ
ข้าวแกงบ้านนอก สาขา1,ร้านจำหน่ายอาหาร,ท่าระหัด,เมืองสุพรรณบุรี,สุพรรณบุรี,SAN,2024-10-17,ไม่ผ่านเกณฑ์
ภูมิใจนำเสนอ,ร้านจำหน่ายอาหาร,ท่าพี่เลี้ยง,เมืองสุพรรณบุรี,สุพรรณบุรี,มาตรฐาน SAN,2024-10-17,หมดอายุ
โจ๊กหม้อดิน,ร้านจำหน่ายอาหาร,ท่าพี่เลี้ยง,เมืองสุพรรณบุรี,สุพรรณบุรี,มาตรฐาน SAN,2024-10-17,หมดอายุ
ตั้งง่วนไถ่,ร้านจำหน่ายอาหาร,ท่าพี่เลี้ยง,เมืองสุพรรณบุรี,สุพรรณบุรี,มาตรฐาน SAN,2024-10-18,หมดอายุ
ก๋วยเตี๋ยวปลานายใบ้,ร้านจำหน่ายอาหาร,ท่าระหัด,เมืองสุพรรณบุรี,สุพรรณบุรี,มาตรฐาน SAN,2024-10-18,หมดอายุ
ป้อมก๋วยเตี๋ยวหมูน้ำตก,ร้านจำหน่ายอาหาร,ท่าระหัด,เมืองสุพรรณบุรี,สุพรรณบุรี,SAN PLUS,2025-02-25,รับรอง
สเต็ก โชกุน,ร้านจำหน่ายอาหาร,ท่าพี่เลี้ยง,เมืองสุพรรณบุรี,สุพรรณบุรี,SAN,2024-10-18,ไม่ผ่านเกณฑ์
ข.ไข่ อาหารเช้า,ร้านจำหน่ายอาหาร,ท่าพี่เลี้ยง,เมืองสุพรรณบุรี,สุพรรณบุรี,SAN,2024-10-18,ไม่ผ่านเกณฑ์
เจ้หม่วยเล็ก,ร้านจำหน่ายอาหาร,ท่าพี่เลี้ยง,เมืองสุพรรณบุรี,สุพรรณบุรี,SAN,2024-10-18,ไม่ผ่านเกณฑ์
ต.สินพูลเพิ่ม,ร้านจำหน่ายอาหาร,ท่าพี่เลี้ยง,เมืองสุพรรณบุรี,สุพรรณบุรี,SAN,2024-10-18,ไม่ผ่านเกณฑ์
ส้มตำป้าไหม,ร้านจำหน่ายอาหาร,ท่าพี่เลี้ยง,เมืองสุพรรณบุรี,สุพรรณบุรี,SAN,2024-10-18,ไม่ผ่านเกณฑ์
ร้านป้าใจ,ร้านจำหน่ายอาหาร,ท่าพี่เลี้ยง,เมืองสุพรรณบุรี,สุพรรณบุรี,SAN,2024-10-18,ไม่ผ่านเกณฑ์
แหลมทอง,ร้านจำหน่ายอาหาร,ท่าพี่เลี้ยง,เมืองสุพรรณบุรี,สุพรรณบุรี,SAN,2025-04-01,รับรอง
ชาบู ชาบู นางใน,ร้านจำหน่ายอาหาร,ท่าพี่เลี้ยง,เมืองสุพรรณบุรี,สุพรรณบุรี,SAN,2025-04-01,รับรอง
ใบเงิน,ร้านจำหน่ายอาหาร,ท่าพี่เลี้ยง,เมืองสุพรรณบุรี,สุพรรณบุรี,SAN,2024-10-18,ไม่ผ่านเกณฑ์
ออร์แกนิค,ร้านจำหน่ายอาหาร,ท่าพี่เลี้ยง,เมืองสุพรรณบุรี,สุพรรณบุรี,SAN,2025-07-15,รับรอง
โกอ๋าข้าวมันไก่ สาขา2,ร้านจำหน่ายอาหาร,ท่าพี่เลี้ยง,เมืองสุพรรณบุรี,สุพรรณบุรี,มาตรฐาน SAN,2024-10-18,หมดอายุ
โกอ๋าข้าวมันไก่ สาขา1,ร้านจำหน่ายอาหาร,ท่าระหัด,เมืองสุพรรณบุรี,สุพรรณบุรี,SAN PLUS,2024-09-16,รับรอง
CUT OUT,ร้านจำหน่ายอาหาร,รั้วใหญ่,เมืองสุพรรณบุรี,สุพรรณบุรี,SAN,2024-10-21,ไม่ผ่านเกณฑ์
กระทะทองย่างเกาหลี,ร้านจำหน่ายอาหาร,รั้วใหญ่,เมืองสุพรรณบุรี,สุพรรณบุรี,SAN,2024-10-21,ไม่ผ่านเกณฑ์
ต้นคูณ สาขา1,ร้านบุฟเฟ่ต์ (ปิ้งย่าง/ชาบู/สุกี้),ท่าพี่เลี้ยง,เมืองสุพรรณบุรี,สุพรรณบุรี,SAN,2025-07-15,รับรอง
รักษ์หมูกระทะ,ร้านจำหน่ายอาหาร,ท่าระหัด,เมืองสุพรรณบุรี,สุพรรณบุรี,SAN PLUS,2025-07-15,รับรอง
จุ่มแซ่บ 8 เซียน,ร้านจำหน่ายอาหาร,ท่าพี่เลี้ยง,เมืองสุพรรณบุรี,สุพรรณบุรี,SAN PLUS,2025-07-15,รับรอง
เช็คอิน สุพรรณบุรี,ร้านจำหน่ายอาหาร,รั้วใหญ่,เมืองสุพรรณบุรี,สุพรรณบุรี,มาตรฐาน SAN,2024-10-21,หมดอายุ
ไอ้หนึ่งข้าวมันไก่,ร้านจำหน่ายอาหาร,ท่าพี่เลี้ยง,เมืองสุพรรณบุรี,สุพรรณบุรี,SAN,2025-01-22,รับรอง
เอ็มเค สุกี้,ร้านจำหน่ายอาหาร,รั้วใหญ่,เมืองสุพรรณบุรี,สุพรรณบุรี,มาตรฐาน SAN,2024-10-21,หมดอายุ
ชาบูชิ,ร้านจำหน่ายอาหาร,รั้วใหญ่,เมืองสุพรรณบุรี,สุพรรณบุรี,มาตรฐาน SAN,2024-10-21,หมดอายุ
ศูนย์อาหาร BIG C,ร้านจำหน่ายอาหาร,รั้วใหญ่,เมืองสุพรรณบุรี,สุพรรณบุรี,SAN,2025-04-17,รับรอง
ร้านอาหารอานทอง,อื่นๆ,บางใหญ่,บางปลาม้า,สุพรรณบุรี,SAN,2024-10-22,ไม่ผ่านเกณฑ์
ก๋วยจั๊บ,ร้านจำหน่ายอาหาร,ท่าพี่เลี้ยง,เมืองสุพรรณบุรี,สุพรรณบุรี,SAN,2025-04-17,รับรอง
ข้าวแกงต้นมะม่วง,ร้านจำหน่ายอาหาร,ท่าระหัด,เมืองสุพรรณบุรี,สุพรรณบุรี,SAN,2025-02-17,รับรอง
ก๋วยเตี๋ยว,ร้านจำหน่ายอาหาร,ท่าพี่เลี้ยง,เมืองสุพรรณบุรี,สุพรรณบุรี,SAN,2025-02-17,รับรอง
ร้านกันเอง มด & เน๊ะ,ร้านจำหน่ายอาหาร,ท่าพี่เลี้ยง,เมืองสุพรรณบุรี,สุพรรณบุรี,SAN,2024-10-22,ไม่ผ่านเกณฑ์
ป้ายัพอาหารตามสั่ง,ร้านจำหน่ายอาหาร,รั้วใหญ่,เมืองสุพรรณบุรี,สุพรรณบุรี,SAN,2025-02-17,รับรอง
ครัวโชคไพบูลย์,ร้านจำหน่ายอาหาร,ท่าพี่เลี้ยง,เมืองสุพรรณบุรี,สุพรรณบุรี,SAN,2024-10-22,ไม่ผ่านเกณฑ์
ก๋วยเตี๋ยวเรือตากะยาย,ร้านจำหน่ายอาหาร,ท่าพี่เลี้ยง,เมืองสุพรรณบุรี,สุพรรณบุรี,SAN,2025-02-17,รับรอง
ข้าวแกงเจ้ตูน,ร้านจำหน่ายอาหาร,ท่าพี่เลี้ยง,เมืองสุพรรณบุรี,สุพรรณบุรี,SAN,2024-11-04,รับรอง
ครัวกาญบุรี สาขา2,ร้านจำหน่ายอาหาร,รั้วใหญ่,เมืองสุพรรณบุรี,สุพรรณบุรี,มาตรฐาน SAN,2024-10-25,หมดอายุ
ลาบ 11,ร้านจำหน่ายอาหาร,รั้วใหญ่,เมืองสุพรรณบุรี,สุพรรณบุรี,มาตรฐาน SAN,2024-10-25,หมดอายุ
ตี๋กาแฟ,ร้านเครื่องดื่ม,ท่าพี่เลี้ยง,เมืองสุพรรณบุรี,สุพรรณบุรี,SAN,2024-10-25,ไม่ผ่านเกณฑ์
ข้าวแกงบ้านนอก,ร้านจำหน่ายอาหาร,ท่าพี่เลี้ยง,เมืองสุพรรณบุรี,สุพรรณบุรี,มาตรฐาน SAN,2024-10-25,หมดอายุ
ส้มตำหลังอำเภอ,ร้านจำหน่ายอาหาร,ท่าพี่เลี้ยง,เมืองสุพรรณบุรี,สุพรรณบุรี,SAN,2025-08-07,รับรอง
ล้านนา,ร้านจำหน่ายอาหาร,ท่าพี่เลี้ยง,เมืองสุพรรณบุรี,สุพรรณบุรี,SAN,2025-07-15,รับรอง
สองมณีคาเฟ่,ร้านจำหน่ายอาหาร,ท่าพี่เลี้ยง,เมืองสุพรรณบุรี,สุพรรณบุรี,SAN,2024-10-25,ไม่ผ่านเกณฑ์
เซเว่น - อีเลฟเว่น สาขาสิริวัฒนา,ร้านจำหน่ายอาหาร,รั้วใหญ่,เมืองสุพรรณบุรี,สุพรรณบุรี,SAN,2025-07-03,รับรอง
เซเว่น - อีเลฟเว่น สาขาเจ้าพระยายมราช,ร้านจำหน่ายอาหาร,ท่าพี่เลี้ยง,เมืองสุพรรณบุรี,สุพรรณบุรี,มาตรฐาน SAN,2024-10-25,หมดอายุ
เซเว่น - อีเลฟเว่น สาขาเณรแก้ว,ร้านจำหน่ายอาหาร,ท่าระหัด,เมืองสุพรรณบุรี,สุพรรณบุรี,SAN,2025-05-22,รับรอง
เซเว่น - อีเลฟเว่น สาขาวัดป่าเลไลยก์,ร้านจำหน่ายอาหาร,รั้วใหญ่,เมืองสุพรรณบุรี,สุพรรณบุรี,มาตรฐาน SAN,2024-10-28,หมดอายุ
เซเว่น - อีเลฟเว่น สาขาหลักเมืองมั่นคง,ร้านจำหน่ายอาหาร,ท่าพี่เลี้ยง,เมืองสุพรรณบุรี,สุพรรณบุรี,มาตรฐาน SAN,2024-10-28,หมดอายุ
ร้านอาหารลิ้มไฮ่จั๊ว,ร้านจำหน่ายอาหาร,โคกคราม,บางปลาม้า,สุพรรณบุรี,SAN,2025-07-15,รับรอง
ข้าวหมูแดงศรีเมือง,ร้านจำหน่ายอาหาร,ท่าพี่เลี้ยง,เมืองสุพรรณบุรี,สุพรรณบุรี,มาตรฐาน SAN,2024-10-28,หมดอายุ
ก๋วยเตียวเรือนายเท้า สาขา 2,ร้านจำหน่ายอาหาร,ตะค่า,บางปลาม้า,สุพรรณบุรี,SAN,2025-07-15,รับรอง
ก.อ้วนข้าวต้ม,ร้านจำหน่ายอาหาร,ท่าพี่เลี้ยง,เมืองสุพรรณบุรี,สุพรรณบุรี,มาตรฐาน SAN,2024-10-28,หมดอายุ
ก๋วยเตี๋ยว,ร้านจำหน่ายอาหาร,ท่าพี่เลี้ยง,เมืองสุพรรณบุรี,สุพรรณบุรี,SAN,2024-10-28,ไม่ผ่านเกณฑ์
สวนอาหารคุณตุ๊ก บางปลาม้า,ร้านจำหน่ายอาหาร,โคกคราม,บางปลาม้า,สุพรรณบุรี,มาตรฐาน SAN,2024-10-28,หมดอายุ
อาหารตามสั่ง,ร้านจำหน่ายอาหาร,ท่าพี่เลี้ยง,เมืองสุพรรณบุรี,สุพรรณบุรี,มาตรฐาน SAN,2024-10-28,หมดอายุ
ดำข้าวต้ม,ร้านจำหน่ายอาหาร,ท่าพี่เลี้ยง,เมืองสุพรรณบุรี,สุพรรณบุรี,มาตรฐาน SAN,2024-10-28,หมดอายุ
ป้าอ้วน,ร้านจำหน่ายอาหาร,ท่าพี่เลี้ยง,เมืองสุพรรณบุรี,สุพรรณบุรี,มาตรฐาน SAN,2024-10-28,หมดอายุ
ผมทอง,ร้านจำหน่ายอาหาร,ท่าพี่เลี้ยง,เมืองสุพรรณบุรี,สุพรรณบุรี,มาตรฐาน SAN,2024-10-28,หมดอายุ
กัลยาโภชนา,ร้านจำหน่ายอาหาร,ท่าพี่เลี้ยง,เมืองสุพรรณบุรี,สุพรรณบุรี,SAN,2024-10-28,ไม่ผ่านเกณฑ์
ร้านกุ่ยหมง,ร้านจำหน่ายอาหาร,โคกคราม,บางปลาม้า,สุพรรณบุรี,SAN,2024-08-28,รับรอง
ครัวลุงแอ๊ด,ร้านจำหน่ายอาหาร,บ้านแหลม,บางปลาม้า,สุพรรณบุรี,SAN,2024-08-28,รับรอง
ร้านอาหารแม่ทองคำปลาเผา,ร้านจำหน่ายอาหาร,โคกคราม,บางปลาม้า,สุพรรณบุรี,SAN,2024-08-28,รับรอง
ร้านอาหารเจ๊เป้,ร้านจำหน่ายอาหาร,สาลี,บางปลาม้า,สุพรรณบุรี,SAN,2024-08-28,รับรอง
ครัวนุชกุ้งเผา,ร้านจำหน่ายอาหาร,โคกคราม,บางปลาม้า,สุพรรณบุรี,SAN,2025-07-30,รับรอง
ร้านอาหารแม่บ๊วย,ร้านจำหน่ายอาหาร,โคกคราม,บางปลาม้า,สุพรรณบุรี,SAN,2024-10-30,ไม่ผ่านเกณฑ์
ร้านป้าม่วย,ร้านจำหน่ายอาหาร,โคกคราม,บางปลาม้า,สุพรรณบุรี,SAN,2025-07-30,รับรอง
โรงอาหาร บจ. โกลโบ ฟู้ดส์ ,โรงอาหาร,กระเสียว,สามชุก,สุพรรณบุรี,SAN,2024-10-31,ไม่ผ่านเกณฑ์
บ้านแม่บุญส่ง,ร้านจำหน่ายอาหาร,โคกคราม,บางปลาม้า,สุพรรณบุรี,SAN,2024-10-31,ไม่ผ่านเกณฑ์
เซเว่น - อีเลฟเว่น สาขานางแก่นจันทร์,ร้านจำหน่ายอาหาร,ท่าพี่เลี้ยง,เมืองสุพรรณบุรี,สุพรรณบุรี,SAN,2024-11-01,ไม่ผ่านเกณฑ์
ส้มตำป้าแอน,ร้านจำหน่ายอาหาร,ท่าพี่เลี้ยง,เมืองสุพรรณบุรี,สุพรรณบุรี,SAN,2024-11-01,ไม่ผ่านเกณฑ์
ดินทราย,ร้านจำหน่ายอาหาร,ท่าพี่เลี้ยง,เมืองสุพรรณบุรี,สุพรรณบุรี,SAN,2024-11-01,ไม่ผ่านเกณฑ์
แซ่บยกครก,ร้านจำหน่ายอาหาร,ท่าพี่เลี้ยง,เมืองสุพรรณบุรี,สุพรรณบุรี,มาตรฐาน SAN,2024-11-01,หมดอายุ
ก๋วยเตี๋ยวเรือนีออน,ร้านจำหน่ายอาหาร,ท่าพี่เลี้ยง,เมืองสุพรรณบุรี,สุพรรณบุรี,SAN,2024-11-01,ไม่ผ่านเกณฑ์
Ninety-nine Cafe and Chill bar,ร้านจำหน่ายอาหาร,หนองมะค่าโมง,ด่านช้าง,สุพรรณบุรี,มาตรฐาน SAN,2024-11-19,หมดอายุ
ร้านลาบเป็ดด่านช้าง,ร้านจำหน่ายอาหาร,หนองมะค่าโมง,ด่านช้าง,สุพรรณบุรี,SAN,2024-11-19,ไม่ผ่านเกณฑ์
ร้านชมจันทร์คาเฟ่ แอนด์ ส้มตำบาร์,ร้านจำหน่ายอาหาร,วังคัน,ด่านช้าง,สุพรรณบุรี,SAN,2024-11-19,ไม่ผ่านเกณฑ์
ร้าน บ้านไร่ชายน้ำ จุดกางเต็นท์ และคาเฟ่,ร้านจำหน่ายอาหาร,ด่านช้าง,ด่านช้าง,สุพรรณบุรี,SAN,2024-11-19,ไม่ผ่านเกณฑ์
ร้านห่อหมกทะเลย่าง,ร้านจำหน่ายอาหาร,ท่าระหัด,เมืองสุพรรณบุรี,สุพรรณบุรี,มาตรฐาน SAN,2024-11-25,หมดอายุ
ร้านคุณนก ยำน้ำแตก,ร้านจำหน่ายอาหาร,ท่าระหัด,เมืองสุพรรณบุรี,สุพรรณบุรี,SAN PLUS,2025-07-31,รับรอง
ก๋วยเตี๋ยวลุยสวน,ร้านจำหน่ายอาหาร,ท่าระหัด,เมืองสุพรรณบุรี,สุพรรณบุรี,SAN,2024-12-06,ไม่ผ่านเกณฑ์
ผู้ใหญ่ชาเมี่ยงปลาทับทิมเผา,ร้านจำหน่ายอาหาร,ท่าระหัด,เมืองสุพรรณบุรี,สุพรรณบุรี,SAN,2025-03-05,รับรอง
หมูสะเต๊ะเข็มเพชร,ร้านจำหน่ายอาหาร,ท่าระหัด,เมืองสุพรรณบุรี,สุพรรณบุรี,มาตรฐาน SAN,2024-12-20,หมดอายุ
ดินทราย,ร้านจำหน่ายอาหาร,ท่าพี่เลี้ยง,เมืองสุพรรณบุรี,สุพรรณบุรี,SAN,2025-08-08,ไม่ผ่านเกณฑ์
ร้านคนเอามัน มันฝรั่งย่างชีส,ร้านจำหน่ายอาหาร,ท่าระหัด,เมืองสุพรรณบุรี,สุพรรณบุรี,SAN,2024-12-20,ไม่ผ่านเกณฑ์
ตำเติมมิตร,ร้านจำหน่ายอาหาร,หัวโพธิ์,สองพี่น้อง,สุพรรณบุรี,มาตรฐาน SAN,2024-12-16,หมดอายุ
"""มา-กิน"" ของอร่อย (MARKINN'S)",ร้านจำหน่ายอาหาร,รั้วใหญ่,เมืองสุพรรณบุรี,สุพรรณบุรี,มาตรฐาน SAN,2025-01-06,หมดอายุ
ข้าวมันไก่เบตง สุพรรณบุรี,ร้านจำหน่ายอาหาร,สระแก้ว,เมืองสุพรรณบุรี,สุพรรณบุรี,มาตรฐาน SAN,2024-12-26,หมดอายุ
เรื่องเหล้า by กะทะทะลุ ข้าวต้มไฮเทค,ร้านจำหน่ายอาหาร,ด่านช้าง,ด่านช้าง,สุพรรณบุรี,มาตรฐาน SAN,2024-12-26,หมดอายุ
หัวมุมร้านประจำ,ร้านจำหน่ายอาหาร,ท่าระหัด,เมืองสุพรรณบุรี,สุพรรณบุรี,SAN,2025-01-03,ไม่ผ่านเกณฑ์
fellow and friends,ร้านเครื่องดื่ม,ท่าพี่เลี้ยง,เมืองสุพรรณบุรี,สุพรรณบุรี,SAN,2025-01-21,ไม่ผ่านเกณฑ์
เรื่องชวนหวาน,ร้านจำหน่ายอาหาร,ท่าพี่เลี้ยง,เมืองสุพรรณบุรี,สุพรรณบุรี,SAN,2025-01-23,ไม่ผ่านเกณฑ์
โรงเหล้าตะวันแดง,ร้านจำหน่ายอาหาร,ท่าพี่เลี้ยง,เมืองสุพรรณบุรี,สุพรรณบุรี,SAN,2025-01-23,ไม่ผ่านเกณฑ์
ร้านน้ำหวานอาหารตามสั่ง     ,ร้านจำหน่ายอาหาร,หนองมะค่าโมง,ด่านช้าง,สุพรรณบุรี,มาตรฐาน SAN,2025-02-07,หมดอายุ
โรงครัวมิตรผล,โรงอาหาร,หนองมะค่าโมง,ด่านช้าง,สุพรรณบุรี,มาตรฐาน SAN,2025-01-24,หมดอายุ
ร้านข้าวเจ๊สุ     ,ร้านจำหน่ายอาหาร,หนองมะค่าโมง,ด่านช้าง,สุพรรณบุรี,SAN,2025-02-07,ไม่ผ่านเกณฑ์
ร้านอาหารตามสั่งธูปแจ้ง ,ร้านจำหน่ายอาหาร,หนองมะค่าโมง,ด่านช้าง,สุพรรณบุรี,มาตรฐาน SAN,2025-02-07,หมดอายุ
ร้านธนพร ข้าวมันไก่  ,ร้านจำหน่ายอาหาร,หนองมะค่าโมง,ด่านช้าง,สุพรรณบุรี,SAN,2025-02-07,ไม่ผ่านเกณฑ์
ร้านอาหารตามสั่ง ก๋วยเตี๋ยว,ร้านจำหน่ายอาหาร,หนองมะค่าโมง,ด่านช้าง,สุพรรณบุรี,มาตรฐาน SAN,2025-02-07,หมดอายุ
ร้านน้ำแข็งใส,ร้านจำหน่ายอาหาร,หนองมะค่าโมง,ด่านช้าง,สุพรรณบุรี,SAN,2025-07-15,รับรอง
ก๋วยเตี๋ยวเรือแม่เเตง,ร้านจำหน่ายอาหาร,ท่าพี่เลี้ยง,เมืองสุพรรณบุรี,สุพรรณบุรี,SAN,2025-07-22,รับรอง
คุณทิพย์คิชเช่นพลัส,ร้านจำหน่ายอาหาร,รั้วใหญ่,เมืองสุพรรณบุรี,สุพรรณบุรี,SAN,2025-07-22,รับรอง
ยกสมุทร,ร้านจำหน่ายอาหาร,ท่าพี่เลี้ยง,เมืองสุพรรณบุรี,สุพรรณบุรี,SAN,2025-07-22,รับรอง
ครัวศุภมิตร,ร้านจำหน่ายอาหาร,ท่าพี่เลี้ยง,เมืองสุพรรณบุรี,สุพรรณบุรี,มาตรฐาน SAN,2025-02-03,หมดอายุ
เป้หมูกระทะ สาขา 3,ร้านจำหน่ายอาหาร,รั้วใหญ่,เมืองสุพรรณบุรี,สุพรรณบุรี,SAN,2025-03-05,รับรอง
โกตี๋,ร้านจำหน่ายอาหาร,ท่าพี่เลี้ยง,เมืองสุพรรณบุรี,สุพรรณบุรี,SAN,2024-08-27,รับรอง
Cafe Amazon (ปตท.หลักเมืองถาวรปิโตรเลียม สุพรรณบุรี),ร้านจำหน่ายอาหาร,ท่าพี่เลี้ยง,เมืองสุพรรณบุรี,สุพรรณบุรี,SAN,2025-02-04,ไม่ผ่านเกณฑ์
แมคโดนัล,ร้านจำหน่ายอาหาร,รั้วใหญ่,เมืองสุพรรณบุรี,สุพรรณบุรี,มาตรฐาน SAN,2025-02-11,หมดอายุ
KFC,ร้านจำหน่ายอาหาร,รั้วใหญ่,เมืองสุพรรณบุรี,สุพรรณบุรี,SAN,2025-03-03,รับรอง
ออ.ข้าวต้ม,ร้านจำหน่ายอาหาร,รั้วใหญ่,เมืองสุพรรณบุรี,สุพรรณบุรี,SAN,2025-07-21,รับรอง
อเมซอล,ร้านเครื่องดื่ม,รั้วใหญ่,เมืองสุพรรณบุรี,สุพรรณบุรี,SAN,2025-07-21,รับรอง
มิสเตอร์โดนัท,ร้านจำหน่ายอาหาร,รั้วใหญ่,เมืองสุพรรณบุรี,สุพรรณบุรี,SAN,2025-02-11,ไม่ผ่านเกณฑ์
แดรี่ควีน,ร้านจำหน่ายอาหาร,รั้วใหญ่,เมืองสุพรรณบุรี,สุพรรณบุรี,SAN,2025-07-21,รับรอง
อเมซอล,ร้านจำหน่ายอาหาร,รั้วใหญ่,เมืองสุพรรณบุรี,สุพรรณบุรี,SAN,2025-07-10,รับรอง
กาแฟพันธุ์ไทย,ร้านจำหน่ายอาหาร,รั้วใหญ่,เมืองสุพรรณบุรี,สุพรรณบุรี,SAN,2025-07-10,รับรอง
เล่าจึง,ร้านจำหน่ายอาหาร,รั้วใหญ่,เมืองสุพรรณบุรี,สุพรรณบุรี,SAN,2025-07-10,รับรอง
นางสาวพิมพ์ใจ ชื่นใจช่ำ ,โรงอาหาร,ท่าพี่เลี้ยง,เมืองสุพรรณบุรี,สุพรรณบุรี,SAN,2025-03-31,ไม่ผ่านเกณฑ์
ร้านก๋วยเตี๋ยวน้ำแดง เจ๊ผึ้งคลองถม,ร้านจำหน่ายอาหาร,หนองมะค่าโมง,ด่านช้าง,สุพรรณบุรี,SAN,2025-04-04,ไม่ผ่านเกณฑ์
สามชุกคอทเทจ,ร้านจำหน่ายอาหาร,ย่านยาว,สามชุก,สุพรรณบุรี,SAN,2025-06-21,รับรอง
อั่งเปาย่างเกาหลี,ร้านจำหน่ายอาหาร,สามชุก,สามชุก,สุพรรณบุรี,SAN,2025-04-21,ไม่ผ่านเกณฑ์
ครัวป้าแจ๋ว,ร้านจำหน่ายอาหาร,สามชุก,สามชุก,สุพรรณบุรี,SAN,2025-02-18,รับรอง
สำราญโอชา,ร้านจำหน่ายอาหาร,สามชุก,สามชุก,สุพรรณบุรี,SAN,2025-07-30,รับรอง
ครัวบ้านพ่อ,ร้านจำหน่ายอาหาร,สามชุก,สามชุก,สุพรรณบุรี,SAN,2025-06-20,รับรอง
บริษัท กาแฟพันธุ์ไทย จำกัด (กาแฟพันธุ์ไทย),ร้านเครื่องดื่ม,ย่านยาว,สามชุก,สุพรรณบุรี,SAN,2024-10-31,รับรอง
เซเว่น-อีเลฟเว่น สาขาชุมชนสามชุก  รหัสร้าน 20533,อื่นๆ,สามชุก,สามชุก,สุพรรณบุรี,SAN,2025-06-21,รับรอง
เซเว่น-อีเลฟเว่น สาขาข้าง ม.เทคโนโลยีราชมงคลฯ  รหัสร้าน 6582,อื่นๆ,ย่านยาว,สามชุก,สุพรรณบุรี,SAN,2025-04-21,ไม่ผ่านเกณฑ์
เซเว่น-อีเลฟเว่น สาขาเทศบาลสามชุก  รหัสร้าน 6076,อื่นๆ,สามชุก,สามชุก,สุพรรณบุรี,SAN,2025-04-21,ไม่ผ่านเกณฑ์
เซเว่น-อีเลฟเว่น สาขาตลาดสามชุก รหัสร้าน 14284,อื่นๆ,สามชุก,สามชุก,สุพรรณบุรี,SAN,2025-06-20,รับรอง
เซเว่น-อีเลฟเว่น สาขา ปตท.สามชุก-หนองหญ้าไซ รหัสร้าน14157,อื่นๆ,สามชุก,สามชุก,สุพรรณบุรี,SAN,2024-09-13,รับรอง
เซเว่น-อีเลฟเว่น สาขาบึงละหารสามชุก รหัสร้าน 13561,อื่นๆ,สามชุก,สามชุก,สุพรรณบุรี,SAN,2025-04-21,ไม่ผ่านเกณฑ์
เซเว่น-อีเลฟเว่น สาขา ปตท.สามชุก-สุพรรณบุรี รหัสร้าน 9215,อื่นๆ,ย่านยาว,สามชุก,สุพรรณบุรี,SAN,2024-09-13,รับรอง
เคเอฟซี  สาขาโลตัสสามชุก,ร้านจำหน่ายอาหาร,สามชุก,สามชุก,สุพรรณบุรี,SAN,2025-02-18,รับรอง
หมูกรอบย่างเตาถ่าน,ร้านจำหน่ายอาหาร,สามชุก,สามชุก,สุพรรณบุรี,SAN,2025-06-21,รับรอง
ข้าวมันไก่เฮียเฟรม,ร้านจำหน่ายอาหาร,สามชุก,สามชุก,สุพรรณบุรี,SAN,2025-07-30,รับรอง
เดอะไนน์ กุ้งเป็น@สามชุก,ร้านจำหน่ายอาหาร,สามชุก,สามชุก,สุพรรณบุรี,SAN,2025-04-21,ไม่ผ่านเกณฑ์
ครัวภานุมาศ,ร้านจำหน่ายอาหาร,สามชุก,สามชุก,สุพรรณบุรี,มาตรฐาน SAN,2025-04-21,หมดอายุ
ครัวเสาวรส,ร้านจำหน่ายอาหาร,ย่านยาว,สามชุก,สุพรรณบุรี,SAN,2025-04-18,ไม่ผ่านเกณฑ์
one 2 cone,อื่นๆ,สามชุก,สามชุก,สุพรรณบุรี,SAN,2025-04-21,ไม่ผ่านเกณฑ์
ร้านสิริลักษณ์,ร้านจำหน่ายอาหาร,สามชุก,สามชุก,สุพรรณบุรี,มาตรฐาน SAN,2025-04-21,หมดอายุ
เอ็มเคสุกี้  สาขาโลตัสสามชุก,ร้านบุฟเฟ่ต์ (ปิ้งย่าง/ชาบู/สุกี้),สามชุก,สามชุก,สุพรรณบุรี,มาตรฐาน SAN,2025-04-21,หมดอายุ
ผัดไทยเจ๊น้อย,ร้านจำหน่ายอาหาร,สามชุก,สามชุก,สุพรรณบุรี,SAN,2025-05-14,รับรอง
คาเฟ่ อเมซอน รหัสร้าน DD2480,ร้านเครื่องดื่ม,สามชุก,สามชุก,สุพรรณบุรี,มาตรฐาน SAN,2025-04-21,หมดอายุ
คาเฟ่ อเมซอน รหัสร้าน SD3641,ร้านเครื่องดื่ม,สามชุก,สามชุก,สุพรรณบุรี,SAN,2025-04-21,ไม่ผ่านเกณฑ์
ชาติชายก๋วยเตี๋ยวปลา,ร้านจำหน่ายอาหาร,สามชุก,สามชุก,สุพรรณบุรี,SAN PLUS,2024-08-16,หมดอายุ
ดังกิ้นโดนัท,ร้านจำหน่ายอาหาร,สามชุก,สามชุก,สุพรรณบุรี,มาตรฐาน SAN,2025-04-21,หมดอายุ
หจก.ปิ่นวิเศษ (คาเฟ่ อเมซอน DD0245),ร้านเครื่องดื่ม,ย่านยาว,สามชุก,สุพรรณบุรี,SAN,2025-07-30,รับรอง
เจ๊กอ้าว บะหมี่เกี๊ยว,ร้านจำหน่ายอาหาร,สามชุก,สามชุก,สุพรรณบุรี,SAN,2025-04-21,ไม่ผ่านเกณฑ์
บริษัท ซี.เจ. เอ็กซ์เพรส กรุ๊ป (บาวคาเฟ่),ร้านเครื่องดื่ม,สามชุก,สามชุก,สุพรรณบุรี,มาตรฐาน SAN,2025-04-21,หมดอายุ
ครัวน้ำค้าง,ร้านจำหน่ายอาหาร,สามชุก,สามชุก,สุพรรณบุรี,SAN,2025-04-21,ไม่ผ่านเกณฑ์
เจ๊อี๊ดโภชนา,ร้านจำหน่ายอาหาร,สามชุก,สามชุก,สุพรรณบุรี,SAN,2025-07-30,รับรอง
บริษัท ไมเนอร์ ดีคิว จำกัด (ไอศกรีม แดรี่ควีน),อื่นๆ,สามชุก,สามชุก,สุพรรณบุรี,SAN,2025-05-14,รับรอง
พิน ส้มตำ,ร้านจำหน่ายอาหาร,สามชุก,สามชุก,สุพรรณบุรี,SAN,2025-04-21,ไม่ผ่านเกณฑ์
บริษัท สุนิษารุ่งเรือง จำกัด (Shell Cafe),ร้านเครื่องดื่ม,สามชุก,สามชุก,สุพรรณบุรี,SAN,2025-05-14,รับรอง
ร้าน ๑ ชาชักปักษ์ใต้,ร้านเครื่องดื่ม,ดอนกำยาน,เมืองสุพรรณบุรี,สุพรรณบุรี,มาตรฐาน SAN,2025-04-22,หมดอายุ
อั่งเปาย่างเกาหลี,ร้านจำหน่ายอาหาร,สามชุก,สามชุก,สุพรรณบุรี,SAN,2024-09-19,รับรอง
ร้านฝน ส้มตำ,ร้านจำหน่ายอาหาร,อู่ทอง,อู่ทอง,สุพรรณบุรี,SAN,2024-09-11,รับรอง
ร้านเตี๋ยวเรือหน้าบ้าน,ร้านจำหน่ายอาหาร,จรเข้สามพัน,อู่ทอง,สุพรรณบุรี,SAN,2025-05-16,ไม่ผ่านเกณฑ์
ร้านกูเหน่อ,ร้านจำหน่ายอาหาร,จรเข้สามพัน,อู่ทอง,สุพรรณบุรี,SAN,2025-05-16,ไม่ผ่านเกณฑ์
ร้านหนุ่มนำชัย,ร้านจำหน่ายอาหาร,อู่ทอง,อู่ทอง,สุพรรณบุรี,SAN,2025-05-16,ไม่ผ่านเกณฑ์
ร้าน Three of us คาเฟ่,ร้านจำหน่ายอาหาร,อู่ทอง,อู่ทอง,สุพรรณบุรี,SAN,2024-09-11,รับรอง
ร้าน A Life Cafe,ร้านจำหน่ายอาหาร,อู่ทอง,อู่ทอง,สุพรรณบุรี,SAN,2024-09-19,รับรอง
ร้านการะเวก,ร้านจำหน่ายอาหาร,อู่ทอง,อู่ทอง,สุพรรณบุรี,SAN,2025-05-16,ไม่ผ่านเกณฑ์
กุ้งเป็น,ร้านจำหน่ายอาหาร,สามชุก,สามชุก,สุพรรณบุรี,SAN,2025-05-22,ไม่ผ่านเกณฑ์
ครัวร่มไม้ปลาเผา,ร้านจำหน่ายอาหาร,อู่ทอง,อู่ทอง,สุพรรณบุรี,SAN,2025-05-22,ไม่ผ่านเกณฑ์
ริมคลองเฮ้าส์ บางปลาม้า,ร้านจำหน่ายอาหาร,บางปลาม้า,บางปลาม้า,สุพรรณบุรี,SAN,2025-05-21,ไม่ผ่านเกณฑ์
ขจี คาเฟ่ แอนด์ โฮสเทล,ร้านจำหน่ายอาหาร,สองพี่น้อง,สองพี่น้อง,สุพรรณบุรี,SAN,2025-05-22,ไม่ผ่านเกณฑ์
ครัว อบต.แดง,ร้านจำหน่ายอาหาร,หนองมะค่าโมง,ด่านช้าง,สุพรรณบุรี,SAN,2024-09-18,รับรอง
สวนอาหารเบญจรงค์  ,ร้านจำหน่ายอาหาร,วังน้ำซับ,ศรีประจันต์,สุพรรณบุรี,SAN,2024-09-19,รับรอง
ครัวกับข้าวกับปลา,ร้านจำหน่ายอาหาร,ดอนเจดีย์,ดอนเจดีย์,สุพรรณบุรี,SAN,2025-05-22,ไม่ผ่านเกณฑ์
เอมโอช  by The story,ร้านจำหน่ายอาหาร,รั้วใหญ่,เมืองสุพรรณบุรี,สุพรรณบุรี,SAN,2024-09-26,รับรอง
ก๋วยเตี๋ยวเรือกิมเต๊ก,ร้านจำหน่ายอาหาร,ท่าพี่เลี้ยง,เมืองสุพรรณบุรี,สุพรรณบุรี,SAN,2024-10-02,รับรอง
ร้านBeef&เส้น เตี๋ยวเรือลุยไฟ,ร้านจำหน่ายอาหาร,ด่านช้าง,ด่านช้าง,สุพรรณบุรี,SAN,2025-06-19,ไม่ผ่านเกณฑ์
ร้านป้าคิดอาหารครัวบ้าน,อื่นๆ,หนองมะค่าโมง,ด่านช้าง,สุพรรณบุรี,SAN,2025-06-19,ไม่ผ่านเกณฑ์
บริษัท เซ็นทรัล ฟู้ด รีเทล จำกัด สาขาสุพรรณบุรีพลาซ่า,อื่นๆ,ท่าระหัด,เมืองสุพรรณบุรี,สุพรรณบุรี,SAN,2024-12-13,รับรอง
บริษัท ชมเดือนคอมเพล็กซ์,ร้านจำหน่ายอาหาร,ท่าระหัด,เมืองสุพรรณบุรี,สุพรรณบุรี,SAN,2025-06-24,ไม่ผ่านเกณฑ์
บริษัท ชมเดือนคอมเพล็กซ์,ร้านจำหน่ายอาหาร,ท่าระหัด,เมืองสุพรรณบุรี,สุพรรณบุรี,SAN,2025-06-24,ไม่ผ่านเกณฑ์
ชาณา,ร้านจำหน่ายอาหาร,ท่าพี่เลี้ยง,เมืองสุพรรณบุรี,สุพรรณบุรี,SAN,2025-06-26,รับรอง
บ้านคุณจรรยา,ร้านจำหน่ายอาหาร,สนามชัย,เมืองสุพรรณบุรี,สุพรรณบุรี,SAN,2025-07-09,ไม่ผ่านเกณฑ์
ซี สุพรรณ,ร้านจำหน่ายอาหาร,ทับตีเหล็ก,เมืองสุพรรณบุรี,สุพรรณบุรี,SAN,2025-02-07,รับรอง
ร้าน S&P,อื่นๆ,ท่าระหัด,เมืองสุพรรณบุรี,สุพรรณบุรี,SAN,2025-03-07,รับรอง
บาบีคิวและแซลมอน,ร้านจำหน่ายอาหาร,ท่าระหัด,เมืองสุพรรณบุรี,สุพรรณบุรี,SAN,2025-06-06,รับรอง
ไอติม ไอติม,ร้านจำหน่ายอาหาร,ท่าระหัด,เมืองสุพรรณบุรี,สุพรรณบุรี,SAN,2025-06-06,รับรอง
เจ้สุ กะหรี่สุพรรณฯ,ร้านจำหน่ายอาหาร,ท่าระหัด,เมืองสุพรรณบุรี,สุพรรณบุรี,SAN,2025-08-20,ไม่ผ่านเกณฑ์
นพรัตน์ภัตตาคาร,ภัตาคาร,รั้วใหญ่,เมืองสุพรรณบุรี,สุพรรณบุรี,SAN,2025-05-02,รับรอง
เรือนชายน้ำ,ร้านจำหน่ายอาหาร,วังน้ำซับ,ศรีประจันต์,สุพรรณบุรี,SAN,2025-07-07,รับรอง
Leo the coffee,ร้านจำหน่ายอาหาร,ศรีประจันต์,ศรีประจันต์,สุพรรณบุรี,SAN,2025-08-05,ไม่ผ่านเกณฑ์
ข้าวหมูแดงแม่ปุ๊,ร้านจำหน่ายอาหาร,วังน้ำซับ,ศรีประจันต์,สุพรรณบุรี,SAN,2025-08-14,ไม่ผ่านเกณฑ์
ป้าเหล๋ว,ร้านจำหน่ายอาหาร,วังน้ำซับ,ศรีประจันต์,สุพรรณบุรี,SAN,2025-05-11,รับรอง
วังยางริเวอร์พาร์ครีสอร์ท,ร้านจำหน่ายอาหาร,วังยาง,ศรีประจันต์,สุพรรณบุรี,SAN,2025-08-22,ไม่ผ่านเกณฑ์
ขนมจียโพธิ์พระยา,ร้านจำหน่ายอาหาร,วังยาง,ศรีประจันต์,สุพรรณบุรี,SAN,2025-05-11,รับรอง
ครัวเจ้นกมือหนักสาขา2,ร้านจำหน่ายอาหาร,ศรีประจันต์,ศรีประจันต์,สุพรรณบุรี,SAN,2025-08-22,ไม่ผ่านเกณฑ์
บ้านพ่อ,ร้านจำหน่ายอาหาร,วังยาง,ศรีประจันต์,สุพรรณบุรี,SAN,2025-05-11,รับรอง
