name,type,subdistrict,district,province,standard,approve_date,status
บ้านนาMountain View,ร้านจำหน่ายอาหาร,บ้านนา,ศรีนครินทร์,พัทลุง,SAN,2025-05-22,รับรอง
ร้านแบบไทย,ร้านจำหน่ายอาหาร,ท่ามิหรำ,เมืองพัทลุง,พัทลุง,SAN,2023-01-19,ไม่ผ่านเกณฑ์
ร้านอาหารเคียงทะเล เทอเรส,ร้านจำหน่ายอาหาร,ลำปำ,เมืองพัทลุง,พัทลุง,SAN,2024-08-20,ไม่ผ่านเกณฑ์
ร้านดอลลาร์ สเต็ก,ร้านจำหน่ายอาหาร,แม่ขรี,ตะโหมด,พัทลุง,มาตรฐาน SAN,2024-08-20,หมดอายุ
นิยมคาเฟ่,ร้านจำหน่ายอาหาร,แม่ขรี,ตะโหมด,พัทลุง,SAN,2024-08-30,ไม่ผ่านเกณฑ์
ตลาดพงศ์ทรัพย์บางแก้ว,ร้านจำหน่ายอาหาร,ท่ามะเดื่อ,บางแก้ว,พัทลุง,SAN,2024-08-01,ไม่ผ่านเกณฑ์
Cafe Amazon สาขา ปตท. เขาอกทะลุ,ร้านจำหน่ายอาหาร,คูหาสวรรค์,เมืองพัทลุง,พัทลุง,มาตรฐาน SAN,2024-08-30,หมดอายุ
ร้านอาหารฉีเชี้ยว,ร้านจำหน่ายอาหาร,ท่ามิหรำ,เมืองพัทลุง,พัทลุง,SAN,2025-07-02,รับรอง
ข้าวมันไก่เจมส์,ร้านจำหน่ายอาหาร,คูหาสวรรค์,เมืองพัทลุง,พัทลุง,SAN,2025-07-03,ไม่ผ่านเกณฑ์
Cafe Amazon สาขาโคลีเซียมพัทลุง,ร้านจำหน่ายอาหาร,คูหาสวรรค์,เมืองพัทลุง,พัทลุง,SAN,2025-07-02,ไม่ผ่านเกณฑ์
ข้าวต้มสมปอง,ร้านจำหน่ายอาหาร,คูหาสวรรค์,เมืองพัทลุง,พัทลุง,SAN,2025-07-02,ไม่ผ่านเกณฑ์
ครัวแม่,ร้านจำหน่ายอาหาร,คูหาสวรรค์,เมืองพัทลุง,พัทลุง,SAN,2025-07-02,ไม่ผ่านเกณฑ์
KFC สาขาโคลีเซียมพัทลุง,ร้านจำหน่ายอาหาร,คูหาสวรรค์,เมืองพัทลุง,พัทลุง,SAN,2025-07-27,รับรอง
ชาเรือนจำ,ร้านจำหน่ายอาหาร,คูหาสวรรค์,เมืองพัทลุง,พัทลุง,SAN,2025-07-27,รับรอง
ชีสซ่าคาเฟ่,ร้านจำหน่ายอาหาร,คูหาสวรรค์,เมืองพัทลุง,พัทลุง,SAN,2025-07-27,รับรอง
7-11 สาขาถนนไชยบุรี(6066),ร้านจำหน่ายอาหาร,คูหาสวรรค์,เมืองพัทลุง,พัทลุง,SAN,2025-07-27,รับรอง
ก๋วยเตี๋ยวไก่แม่นิด,ร้านจำหน่ายอาหาร,คูหาสวรรค์,เมืองพัทลุง,พัทลุง,SAN,2025-07-27,รับรอง
7-11 สาขาประชาบาล (3611),ร้านจำหน่ายอาหาร,คูหาสวรรค์,เมืองพัทลุง,พัทลุง,SAN,2025-07-27,รับรอง
คาราบอย1,ร้านจำหน่ายอาหาร,คูหาสวรรค์,เมืองพัทลุง,พัทลุง,SAN,2025-07-27,รับรอง
ต้นฉัตร,ร้านจำหน่ายอาหาร,คูหาสวรรค์,เมืองพัทลุง,พัทลุง,SAN,2025-07-27,รับรอง
ซีซี สเต็ก,ร้านจำหน่ายอาหาร,คูหาสวรรค์,เมืองพัทลุง,พัทลุง,SAN,2025-07-27,รับรอง
Lek Bakery & Coffee,ร้านจำหน่ายอาหาร,คูหาสวรรค์,เมืองพัทลุง,พัทลุง,SAN,2025-07-27,รับรอง
หลานตาชู,ร้านจำหน่ายอาหาร,คูหาสวรรค์,เมืองพัทลุง,พัทลุง,SAN,2025-07-02,ไม่ผ่านเกณฑ์
โจ๊กหัวโค้ง,ร้านจำหน่ายอาหาร,คูหาสวรรค์,เมืองพัทลุง,พัทลุง,SAN,2025-07-02,ไม่ผ่านเกณฑ์
กล้วยฉาบแม่แดง,ร้านจำหน่ายอาหาร,คูหาสวรรค์,เมืองพัทลุง,พัทลุง,SAN,2025-07-27,รับรอง
ซิตี้ คาเฟ่ คอฟฟี่แอนด์เบเกอรี่,ร้านจำหน่ายอาหาร,คูหาสวรรค์,เมืองพัทลุง,พัทลุง,SAN,2025-07-27,รับรอง
อิสลามซูบัยด๊ะ,ร้านจำหน่ายอาหาร,คูหาสวรรค์,เมืองพัทลุง,พัทลุง,SAN,2025-07-02,ไม่ผ่านเกณฑ์
เจ๊น้อย2,ร้านจำหน่ายอาหาร,คูหาสวรรค์,เมืองพัทลุง,พัทลุง,SAN,2025-07-27,รับรอง
เอเอ็ม,ร้านจำหน่ายอาหาร,คูหาสวรรค์,เมืองพัทลุง,พัทลุง,SAN,2025-07-27,รับรอง
อาหารเจมาลี,ร้านจำหน่ายอาหาร,คูหาสวรรค์,เมืองพัทลุง,พัทลุง,SAN,2025-07-27,รับรอง
ฟอร์เกตมีน้อท บาร์แอนเรสเตอรองค์,ร้านจำหน่ายอาหาร,คูหาสวรรค์,เมืองพัทลุง,พัทลุง,SAN,2025-07-27,รับรอง
บ้านเฉาก๊วย,ร้านจำหน่ายอาหาร,คูหาสวรรค์,เมืองพัทลุง,พัทลุง,SAN,2025-07-27,รับรอง
Capital Cafe,ร้านจำหน่ายอาหาร,คูหาสวรรค์,เมืองพัทลุง,พัทลุง,SAN,2025-07-27,รับรอง
ศิวากาแฟ,ร้านจำหน่ายอาหาร,คูหาสวรรค์,เมืองพัทลุง,พัทลุง,SAN,2025-07-27,รับรอง
ดวงดีติ่มซำ,ร้านจำหน่ายอาหาร,คูหาสวรรค์,เมืองพัทลุง,พัทลุง,SAN,2025-07-27,รับรอง
ก๋วยเตี๋ยวต้มยำตาโฟ สาขา2,ร้านจำหน่ายอาหาร,คูหาสวรรค์,เมืองพัทลุง,พัทลุง,SAN,2025-07-27,รับรอง
ก๋วยเตี๋ยวย่าวี,ร้านจำหน่ายอาหาร,คูหาสวรรค์,เมืองพัทลุง,พัทลุง,SAN,2025-07-27,รับรอง
มีตังสเต็กเฮาส์,ร้านจำหน่ายอาหาร,คูหาสวรรค์,เมืองพัทลุง,พัทลุง,SAN,2025-07-27,รับรอง
7-11 สาขาช่องโก  (1803),ร้านจำหน่ายอาหาร,คูหาสวรรค์,เมืองพัทลุง,พัทลุง,SAN,2025-07-27,รับรอง
7-11 สาขาช่องโก 2 (9064),ร้านจำหน่ายอาหาร,คูหาสวรรค์,เมืองพัทลุง,พัทลุง,SAN,2025-07-27,รับรอง
7-11 สาขาเมืองพัทลุง (14710),ร้านจำหน่ายอาหาร,คูหาสวรรค์,เมืองพัทลุง,พัทลุง,SAN,2025-07-27,รับรอง
7-11 สาขาพัทลุงซิตี้ (8590),ร้านจำหน่ายอาหาร,คูหาสวรรค์,เมืองพัทลุง,พัทลุง,SAN,2025-07-27,รับรอง
สปันจ์,ร้านจำหน่ายอาหาร,คูหาสวรรค์,เมืองพัทลุง,พัทลุง,SAN,2025-02-06,รับรอง
Cafe Amazonสาขาโรงพยาบาลพัทลุง,ร้านจำหน่ายอาหาร,คูหาสวรรค์,เมืองพัทลุง,พัทลุง,SAN,2025-07-03,ไม่ผ่านเกณฑ์
คามุ คามุ,ร้านจำหน่ายอาหาร,คูหาสวรรค์,เมืองพัทลุง,พัทลุง,SAN,2025-07-03,ไม่ผ่านเกณฑ์
7-11 สาขาถนนราเมศวร์ (11017),ร้านจำหน่ายอาหาร,คูหาสวรรค์,เมืองพัทลุง,พัทลุง,SAN,2025-07-03,ไม่ผ่านเกณฑ์
มีสลัด,ร้านจำหน่ายอาหาร,คูหาสวรรค์,เมืองพัทลุง,พัทลุง,SAN,2025-07-03,ไม่ผ่านเกณฑ์
ก๋วยเตี๋ยวต้มยำตาโฟ สาขา1,ร้านจำหน่ายอาหาร,คูหาสวรรค์,เมืองพัทลุง,พัทลุง,SAN,2025-07-03,ไม่ผ่านเกณฑ์
โกขิง,ร้านจำหน่ายอาหาร,คูหาสวรรค์,เมืองพัทลุง,พัทลุง,SAN,2025-07-03,ไม่ผ่านเกณฑ์
7-11 สาขาอภัยบริรักษ์ (5777),ร้านจำหน่ายอาหาร,คูหาสวรรค์,เมืองพัทลุง,พัทลุง,SAN,2025-01-31,รับรอง
7-11 สาขาปตท.สี่แยกเอเชีย (7141),ร้านจำหน่ายอาหาร,คูหาสวรรค์,เมืองพัทลุง,พัทลุง,SAN,2025-01-31,รับรอง
ข้าวต้มโกไก่,ร้านจำหน่ายอาหาร,คูหาสวรรค์,เมืองพัทลุง,พัทลุง,SAN,2025-01-31,รับรอง
7-11 สาขาควนมะพร้าว (11148),ร้านจำหน่ายอาหาร,คูหาสวรรค์,เมืองพัทลุง,พัทลุง,SAN,2025-03-21,รับรอง
7-11 สาขาลำปำ (16766),ร้านจำหน่ายอาหาร,คูหาสวรรค์,เมืองพัทลุง,พัทลุง,SAN,2025-03-21,รับรอง
สเวเซ่นส์,ร้านจำหน่ายอาหาร,คูหาสวรรค์,เมืองพัทลุง,พัทลุง,SAN,2025-01-31,รับรอง
เอ็มเคเรสโตรองค์,ร้านจำหน่ายอาหาร,คูหาสวรรค์,เมืองพัทลุง,พัทลุง,SAN PLUS,2025-02-03,รับรอง
ลาบศรีสะเกษ,ร้านจำหน่ายอาหาร,คูหาสวรรค์,เมืองพัทลุง,พัทลุง,SAN,2025-07-04,ไม่ผ่านเกณฑ์
นาแควิวพ้อยท์,ร้านจำหน่ายอาหาร,กงหรา,กงหรา,พัทลุง,SAN,2025-05-04,รับรอง
นาแควิวพ้อยท์,ร้านจำหน่ายอาหาร,กงหรา,กงหรา,พัทลุง,SAN,2025-05-04,รับรอง
นาแควิวพ้อยท์,ร้านจำหน่ายอาหาร,กงหรา,กงหรา,พัทลุง,SAN,2025-05-04,รับรอง
