name,type,subdistrict,district,province,standard,approve_date,status
เจ้เง็กร้านอาหารเวียดนาม,ร้านจำหน่ายอาหาร,วัฒนานคร,วัฒนานคร,สระแก้ว,SAN PLUS,2025-04-25,รับรอง
Zaap WA Zaan,ร้านจำหน่ายอาหาร,วัฒนานคร,วัฒนานคร,สระแก้ว,SAN PLUS,2025-04-25,รับรอง
ร้านมุมอร่อย,ร้านจำหน่ายอาหาร,วังสมบูรณ์,วังสมบูรณ์,สระแก้ว,SAN,2024-12-04,รับรอง
ร้านสวนขนุน,ร้านจำหน่ายอาหาร,หนองน้ำใส,วัฒนานคร,สระแก้ว,SAN,2025-05-05,รับรอง
เตี๋ยวเรือเข้าาท่า,ร้านจำหน่ายอาหาร,สระแก้ว,เมืองสระแก้ว,สระแก้ว,SAN,2025-08-25,รับรอง
มาลองฟิน,ร้านจำหน่ายอาหาร,สระแก้ว,เมืองสระแก้ว,สระแก้ว,SAN,2025-07-31,ไม่ผ่านเกณฑ์
ร้านอาหารเช้าสระแก้ว,ร้านจำหน่ายอาหาร,สระแก้ว,เมืองสระแก้ว,สระแก้ว,SAN,2025-05-07,รับรอง
กินแล้วต้องอิ่ม,ร้านจำหน่ายอาหาร,สระแก้ว,เมืองสระแก้ว,สระแก้ว,SAN,2025-05-07,รับรอง
แซ่บ เมืองแก้ว,ร้านจำหน่ายอาหาร,สระแก้ว,เมืองสระแก้ว,สระแก้ว,SAN,2025-07-31,ไม่ผ่านเกณฑ์
ยางนากาแฟ,ร้านจำหน่ายอาหาร,สระแก้ว,เมืองสระแก้ว,สระแก้ว,SAN,2025-07-31,ไม่ผ่านเกณฑ์
ครัวดอกคูณ,ร้านจำหน่ายอาหาร,สระแก้ว,เมืองสระแก้ว,สระแก้ว,SAN,2025-06-27,รับรอง
กาแฟชมทุ่ง,ร้านจำหน่ายอาหาร,สระแก้ว,เมืองสระแก้ว,สระแก้ว,SAN,2025-07-31,ไม่ผ่านเกณฑ์
ร้านครัวการ์ตูน,ร้านจำหน่ายอาหาร,สระแก้ว,เมืองสระแก้ว,สระแก้ว,SAN,2025-07-30,ไม่ผ่านเกณฑ์
เด็กชา สาขาเมืองสระแก้ว,อื่นๆ,สระแก้ว,เมืองสระแก้ว,สระแก้ว,SAN,2025-07-31,ไม่ผ่านเกณฑ์
ศรีกิจบ้านสวนรีสอร์ต,อื่นๆ,สระแก้ว,เมืองสระแก้ว,สระแก้ว,SAN,2025-07-31,ไม่ผ่านเกณฑ์
เจ้อ้อย อาหารตามสั่ง,ร้านจำหน่ายอาหาร,สระแก้ว,เมืองสระแก้ว,สระแก้ว,มาตรฐาน SAN,2025-07-31,หมดอายุ
เจ๊ไล้ส้มตำ,ร้านจำหน่ายอาหาร,สระแก้ว,เมืองสระแก้ว,สระแก้ว,SAN,2025-07-31,ไม่ผ่านเกณฑ์
ร้านอาหารหนึ่งแกงป่าสระแก้ว,ร้านจำหน่ายอาหาร,สระแก้ว,เมืองสระแก้ว,สระแก้ว,SAN,2025-07-31,ไม่ผ่านเกณฑ์
ร้านก๋วยเตี๋ยวเป็ดป .4,ร้านจำหน่ายอาหาร,สระแก้ว,เมืองสระแก้ว,สระแก้ว,SAN,2025-07-31,ไม่ผ่านเกณฑ์
บ้านเรือนไทยก๋วยเตี๋ยวเป็ด,ร้านจำหน่ายอาหาร,สระแก้ว,เมืองสระแก้ว,สระแก้ว,SAN,2025-07-31,ไม่ผ่านเกณฑ์
ต้นมะขาม,ร้านจำหน่ายอาหาร,สระแก้ว,เมืองสระแก้ว,สระแก้ว,SAN,2025-07-31,ไม่ผ่านเกณฑ์
คาเฟ่นาสวน,อื่นๆ,สระแก้ว,เมืองสระแก้ว,สระแก้ว,SAN,2025-07-31,ไม่ผ่านเกณฑ์
เตี๋ยวเรือ @สระแก้ว,ร้านจำหน่ายอาหาร,สระแก้ว,เมืองสระแก้ว,สระแก้ว,SAN PLUS,2024-06-28,หมดอายุ
ร้านแซ่บทูเดย์,ร้านจำหน่ายอาหาร,สระแก้ว,เมืองสระแก้ว,สระแก้ว,SAN,2025-07-30,ไม่ผ่านเกณฑ์
เจ๊ติ๋มก๋วยเตี๋ยวปลา,ร้านจำหน่ายอาหาร,สระแก้ว,เมืองสระแก้ว,สระแก้ว,SAN,2025-07-02,รับรอง
ครัวน้องอุ้ม,ร้านจำหน่ายอาหาร,สระแก้ว,เมืองสระแก้ว,สระแก้ว,SAN,2025-07-31,ไม่ผ่านเกณฑ์
ร้านก๋วยเตี๋ยวปากหม้อบ้านเอื้อสระแก้ว ซ.13,ร้านจำหน่ายอาหาร,สระแก้ว,เมืองสระแก้ว,สระแก้ว,SAN,2025-07-31,ไม่ผ่านเกณฑ์
ร้านก๋วยเตี๋ยวเรือทองโบราณ,ร้านจำหน่ายอาหาร,สระแก้ว,เมืองสระแก้ว,สระแก้ว,SAN,2025-07-31,รับรอง
ครัวบ้านใน,ร้านจำหน่ายอาหาร,สระแก้ว,เมืองสระแก้ว,สระแก้ว,มาตรฐาน SAN,2025-07-31,หมดอายุ
อโยธยา,ร้านจำหน่ายอาหาร,สระแก้ว,เมืองสระแก้ว,สระแก้ว,SAN,2025-07-31,ไม่ผ่านเกณฑ์
ร้านส้มตำครูแพร,ร้านจำหน่ายอาหาร,ตาพระยา,ตาพระยา,สระแก้ว,SAN,2025-07-31,รับรอง
ลูกชิ้นทิพย์,อื่นๆ,สระแก้ว,เมืองสระแก้ว,สระแก้ว,SAN,2025-07-31,ไม่ผ่านเกณฑ์
ร้านแคนทีน,โรงอาหาร,สระแก้ว,เมืองสระแก้ว,สระแก้ว,SAN,2025-07-31,ไม่ผ่านเกณฑ์
Cafe Amazon ,ร้านเครื่องดื่ม,สระแก้ว,เมืองสระแก้ว,สระแก้ว,SAN,2025-07-31,ไม่ผ่านเกณฑ์
Kfcบิ๊กซีสระแก้ว,ร้านจำหน่ายอาหาร,สระแก้ว,เมืองสระแก้ว,สระแก้ว,SAN,2025-07-31,ไม่ผ่านเกณฑ์
หจก.สระแก้วริเวอร์รีสอร์ท,ร้านจำหน่ายอาหาร,สระแก้ว,เมืองสระแก้ว,สระแก้ว,SAN,2025-07-31,ไม่ผ่านเกณฑ์
ร้านมิสเตร์โดนัทสาขาบิ๊กซีสระแก้ว,ร้านจำหน่ายอาหาร,สระแก้ว,เมืองสระแก้ว,สระแก้ว,SAN,2025-07-31,ไม่ผ่านเกณฑ์
เรือนพิกุล ครัวใต้,ร้านจำหน่ายอาหาร,สระแก้ว,เมืองสระแก้ว,สระแก้ว,มาตรฐาน SAN,2025-07-31,หมดอายุ
ร้านลาบคักอีหลี,ร้านจำหน่ายอาหาร,สระแก้ว,เมืองสระแก้ว,สระแก้ว,SAN,2025-07-31,ไม่ผ่านเกณฑ์
ร้ายก๋วยเตี๋ยวเรือบ้านย่า,ร้านจำหน่ายอาหาร,สระแก้ว,เมืองสระแก้ว,สระแก้ว,มาตรฐาน SAN,2025-07-31,หมดอายุ
ครัวคุณแต๋ว,ร้านจำหน่ายอาหาร,สระแก้ว,เมืองสระแก้ว,สระแก้ว,SAN,2025-07-31,ไม่ผ่านเกณฑ์
สถานียำยำ,ร้านจำหน่ายอาหาร,สระแก้ว,เมืองสระแก้ว,สระแก้ว,SAN,2025-07-31,ไม่ผ่านเกณฑ์
ร้านเจ๊พรก๋วยเตี๋ยวเนื้อตุ๋น,ร้านจำหน่ายอาหาร,สระแก้ว,เมืองสระแก้ว,สระแก้ว,SAN,2025-07-31,ไม่ผ่านเกณฑ์
น้าบูอาหารตามสั่ง,ร้านจำหน่ายอาหาร,สระแก้ว,เมืองสระแก้ว,สระแก้ว,SAN,2025-07-23,ไม่ผ่านเกณฑ์
เดอะ โรแมนติก,ร้านจำหน่ายอาหาร,ท่าเกษม,เมืองสระแก้ว,สระแก้ว,SAN,2025-07-30,ไม่ผ่านเกณฑ์
ครัวมโนราห์,ร้านจำหน่ายอาหาร,สระแก้ว,เมืองสระแก้ว,สระแก้ว,SAN,2025-07-31,ไม่ผ่านเกณฑ์
ร้านอิ่มอร่อย,ร้านจำหน่ายอาหาร,ท่าเกษม,เมืองสระแก้ว,สระแก้ว,SAN,2023-09-25,ไม่ผ่านเกณฑ์
Big C,ร้านจำหน่ายอาหาร,สระแก้ว,เมืองสระแก้ว,สระแก้ว,SAN,2025-07-31,ไม่ผ่านเกณฑ์
บริษัท เอส เอฟ คอร์ปอเรชั่น จำกัด (มหาชน),ร้านจำหน่ายอาหาร,สระแก้ว,เมืองสระแก้ว,สระแก้ว,SAN,2025-07-24,รับรอง
ร้านลาปป๋ายศ,ร้านจำหน่ายอาหาร,โคคลาน,ตาพระยา,สระแก้ว,SAN,2025-07-31,ไม่ผ่านเกณฑ์
ร้าบลาบขอนแก่น,ร้านจำหน่ายอาหาร,วังสมบูรณ์,วังสมบูรณ์,สระแก้ว,SAN,2025-06-27,รับรอง
เจ้แดงตามสั่ง,ร้านจำหน่ายอาหาร,วังสมบูรณ์,วังสมบูรณ์,สระแก้ว,SAN,2025-06-05,ไม่ผ่านเกณฑ์
ร้านน้องแป้งหมูกะทะ,ร้านบุฟเฟ่ต์ (ปิ้งย่าง/ชาบู/สุกี้),วังสมบูรณ์,วังสมบูรณ์,สระแก้ว,SAN,2025-08-21,รับรอง
ครัวอีสาน,ศูนย์อาหาร,สระแก้ว,เมืองสระแก้ว,สระแก้ว,SAN,2024-10-24,รับรอง
ก๋วยเตี๋ยวดู๋ดี๋สาขาบิ้กซีสะแก้ว,ศูนย์อาหาร,สระแก้ว,เมืองสระแก้ว,สระแก้ว,SAN,2024-10-24,รับรอง
ร้านข้าวหน้าวัด,ร้านจำหน่ายอาหาร,อรัญประเทศ,อรัญประเทศ,สระแก้ว,SAN,2025-08-01,ไม่ผ่านเกณฑ์
ครัวภูไทย์,ศูนย์อาหาร,สระแก้ว,เมืองสระแก้ว,สระแก้ว,SAN,2025-07-31,ไม่ผ่านเกณฑ์
ครัวไทย,ศูนย์อาหาร,สระแก้ว,เมืองสระแก้ว,สระแก้ว,SAN,2025-07-31,ไม่ผ่านเกณฑ์
ย่าเข็มหมูกระทะ,ร้านจำหน่ายอาหาร,วัฒนานคร,วัฒนานคร,สระแก้ว,SAN,2025-07-24,ไม่ผ่านเกณฑ์
เป็ดตุ๋นบ้านนา,ร้านจำหน่ายอาหาร,วัฒนานคร,วัฒนานคร,สระแก้ว,SAN,2025-07-25,ไม่ผ่านเกณฑ์
ร้านปิ่นโต Pin-To,ร้านจำหน่ายอาหาร,วัฒนานคร,วัฒนานคร,สระแก้ว,SAN,2025-07-25,ไม่ผ่านเกณฑ์
เฮียตีราดหน้ายอดผัก,ร้านจำหน่ายอาหาร,วัฒนานคร,วัฒนานคร,สระแก้ว,SAN,2025-07-25,ไม่ผ่านเกณฑ์
ภาวัลย์,ร้านจำหน่ายอาหาร,สระแก้ว,เมืองสระแก้ว,สระแก้ว,SAN,2025-01-09,รับรอง
โรงเรียนบ้านหนองกะทะ,โรงอาหาร,หนองหว้า,เขาฉกรรจ์,สระแก้ว,SAN,2023-09-27,ไม่ผ่านเกณฑ์
Cafe Amazon สาขา สน เมืองสระแก้ว,ร้านเครื่องดื่ม,ท่าเกษม,เมืองสระแก้ว,สระแก้ว,SAN,2023-09-04,ไม่ผ่านเกณฑ์
ข้าวมันไก่ใบเตย,ร้านจำหน่ายอาหาร,สระแก้ว,เมืองสระแก้ว,สระแก้ว,SAN,2025-08-21,รับรอง
ครัวสุรางค์,ร้านจำหน่ายอาหาร,คลองไก่เถื่อน,คลองหาด,สระแก้ว,SAN,2025-01-21,รับรอง
เจ้ดาตำระเบิด,ร้านจำหน่ายอาหาร,ท่าข้าม,อรัญประเทศ,สระแก้ว,SAN,2025-07-31,ไม่ผ่านเกณฑ์
วันดีอาหารตามสั่ง,ร้านจำหน่ายอาหาร,ท่าข้าม,อรัญประเทศ,สระแก้ว,มาตรฐาน SAN,2025-07-31,หมดอายุ
แค้มปิ้งป์หมูกระทะ,ร้านบุฟเฟ่ต์ (ปิ้งย่าง/ชาบู/สุกี้),ท่าข้าม,อรัญประเทศ,สระแก้ว,SAN,2025-07-31,ไม่ผ่านเกณฑ์
ครัวบ้านสวนอ่างเก็บน้ำป่าไร่,ร้านจำหน่ายอาหาร,ป่าไร่,อรัญประเทศ,สระแก้ว,SAN,2025-07-31,ไม่ผ่านเกณฑ์
ครัวคุณจี๊ด,ร้านจำหน่ายอาหาร,บ้านใหม่หนองไทร,อรัญประเทศ,สระแก้ว,SAN,2025-01-02,รับรอง
ร้านก๋วยเตี๋ยวไข่อรัญ,ร้านจำหน่ายอาหาร,บ้านใหม่หนองไทร,อรัญประเทศ,สระแก้ว,SAN,2024-09-09,รับรอง
ROUTE 33.CAFE,ร้านจำหน่ายอาหาร,บ้านใหม่หนองไทร,อรัญประเทศ,สระแก้ว,SAN,2025-07-31,ไม่ผ่านเกณฑ์
สุจิตตราตามสั่ง,ร้านจำหน่ายอาหาร,หันทราย,อรัญประเทศ,สระแก้ว,SAN,2025-01-02,รับรอง
MeLuck Cup & Camp คาเฟ่ อาหาร คลองหาด,ร้านจำหน่ายอาหาร,คลองหาด,คลองหาด,สระแก้ว,SAN,2025-07-31,ไม่ผ่านเกณฑ์
บ้านแม่ คาเฟ่ แอนด์ เรสเตอรองก์,ร้านจำหน่ายอาหาร,บ้านด่าน,อรัญประเทศ,สระแก้ว,SAN,2025-07-31,ไม่ผ่านเกณฑ์
นางปารมี วิจิตรภาพ,ร้านจำหน่ายอาหาร,วังน้ำเย็น,วังน้ำเย็น,สระแก้ว,SAN,2025-04-23,ไม่ผ่านเกณฑ์
ครัวต้นพร้าว,ร้านจำหน่ายอาหาร,ทุ่งมหาเจริญ,วังน้ำเย็น,สระแก้ว,SAN,2025-01-02,รับรอง
ร้านวันดีหมูกะทะ,ร้านบุฟเฟ่ต์ (ปิ้งย่าง/ชาบู/สุกี้),วังน้ำเย็น,วังน้ำเย็น,สระแก้ว,SAN PLUS,2025-01-24,รับรอง
ร้านสเต็กลุงสิทธิ์,ร้านจำหน่ายอาหาร,วังน้ำเย็น,วังน้ำเย็น,สระแก้ว,SAN,2025-04-23,ไม่ผ่านเกณฑ์
ร้านแซ่บสะใจ3,ร้านจำหน่ายอาหาร,,วังน้ำเย็น,สระแก้ว,SAN,2023-09-26,ไม่ผ่านเกณฑ์
ร้านอาหารศรีวิไล,ร้านจำหน่ายอาหาร,วังน้ำเย็น,วังน้ำเย็น,สระแก้ว,SAN,2025-04-23,ไม่ผ่านเกณฑ์
เดอะพิชซ่า,ร้านจำหน่ายอาหาร,อรัญประเทศ,อรัญประเทศ,สระแก้ว,SAN,2025-07-30,ไม่ผ่านเกณฑ์
โรงเลี้ยง ฉก.ร.111,โรงอาหาร,ตาพระยา,ตาพระยา,สระแก้ว,SAN,2023-10-24,ไม่ผ่านเกณฑ์
ข้าวมันไก่ภาวัลย์,โรงอาหาร,สระแก้ว,เมืองสระแก้ว,สระแก้ว,SAN,2025-07-31,ไม่ผ่านเกณฑ์
ร้านไข่มุกอาหารตามสั่ง,โรงอาหาร,สระแก้ว,เมืองสระแก้ว,สระแก้ว,SAN,2025-07-29,ไม่ผ่านเกณฑ์
ป้าแดงก๋วยเตี๋ยว,โรงอาหาร,สระแก้ว,เมืองสระแก้ว,สระแก้ว,SAN,2025-07-31,ไม่ผ่านเกณฑ์
มอสข้าวมันไก่,โรงอาหาร,สระแก้ว,เมืองสระแก้ว,สระแก้ว,SAN,2025-07-31,ไม่ผ่านเกณฑ์
ร้านทิพย์เอกตามสั่ง,โรงอาหาร,สระแก้ว,เมืองสระแก้ว,สระแก้ว,SAN,2025-07-31,ไม่ผ่านเกณฑ์
ยุวภากาแฟสด,โรงอาหาร,สระแก้ว,เมืองสระแก้ว,สระแก้ว,SAN,2025-07-29,ไม่ผ่านเกณฑ์
โรงเรียนสุภวิทย์พัฒนา,โรงอาหาร,หนองหว้า,เขาฉกรรจ์,สระแก้ว,SAN,2024-10-21,รับรอง
ร้านก๋วยเตี๋ยวส้มตำสายฝน,ร้านจำหน่ายอาหาร,ห้วยโจด,วัฒนานคร,สระแก้ว,SAN,2025-07-26,ไม่ผ่านเกณฑ์
ร้านอรัญญา กิจสาลี,ร้านจำหน่ายอาหาร,ห้วยโจด,วัฒนานคร,สระแก้ว,SAN,2024-09-23,รับรอง
ร้านก๋วยเตี๋ยวสมบูรณ์ ฟักหว่าง,ร้านจำหน่ายอาหาร,ห้วยโจด,วัฒนานคร,สระแก้ว,SAN,2025-01-03,รับรอง
พอดีcoffee&more,ร้านเครื่องดื่ม,อรัญประเทศ,อรัญประเทศ,สระแก้ว,SAN,2025-05-23,รับรอง
โรงพยาบาลคลองหาด,อื่นๆ,คลองหาด,คลองหาด,สระแก้ว,SAN,2025-07-09,รับรอง
อาภาพร ผลาหาญ,ร้านจำหน่ายอาหาร,เขาสามสิบ,เขาฉกรรจ์,สระแก้ว,SAN,2024-08-20,ไม่ผ่านเกณฑ์
สุนิสา ฮันเตอร์,ร้านจำหน่ายอาหาร,เขาสามสิบ,เขาฉกรรจ์,สระแก้ว,SAN,2024-08-20,ไม่ผ่านเกณฑ์
เรือนจำจังหวัดสระแก้ว,โรงอาหาร,สระขวัญ,เมืองสระแก้ว,สระแก้ว,มาตรฐาน SAN,2025-07-31,หมดอายุ
หัวมุมก๋วยเตี๋ยวเรือ,ร้านจำหน่ายอาหาร,สระแก้ว,เมืองสระแก้ว,สระแก้ว,SAN,2025-07-31,ไม่ผ่านเกณฑ์
เรือนจำจังหวัดสระแก้ว,โรงอาหาร,สระขวัญ,เมืองสระแก้ว,สระแก้ว,SAN,2025-07-31,ไม่ผ่านเกณฑ์
อาหารตามสั่งป้าอุ่น,โรงอาหาร,โคกสูง,โคกสูง,สระแก้ว,SAN,2025-06-22,รับรอง
ร้าบลาบขอนแก่น,ร้านจำหน่ายอาหาร,วังสมบูรณ์,วังสมบูรณ์,สระแก้ว,SAN,2024-11-01,รับรอง
นางสุมิตร์ สุดประเสริฐ,ร้านจำหน่ายอาหาร,โนนหมากเค็ง,วัฒนานคร,สระแก้ว,SAN PLUS,2025-03-24,รับรอง
นางสุกัญญา ทรงอยู่,ร้านจำหน่ายอาหาร,โนนหมากเค็ง,วัฒนานคร,สระแก้ว,SAN PLUS,2025-03-24,รับรอง
น.ส.กาญจนาพร สว่างชื่น,ร้านจำหน่ายอาหาร,โนนหมากเค็ง,วัฒนานคร,สระแก้ว,SAN PLUS,2025-03-24,รับรอง
ดวงดี,ร้านจำหน่ายอาหาร,โนนหมากเค็ง,วัฒนานคร,สระแก้ว,SAN,2025-07-26,ไม่ผ่านเกณฑ์
แกงป่าแสนตุง,ร้านจำหน่ายอาหาร,โนนหมากเค็ง,วัฒนานคร,สระแก้ว,SAN,2025-03-24,รับรอง
นางรัตนาพร ถาวรยิ่ง,ร้านจำหน่ายอาหาร,หนองหมากฝ้าย,วัฒนานคร,สระแก้ว,SAN PLUS,2025-03-24,รับรอง
ภิรมย์,ร้านจำหน่ายอาหาร,ช่องกุ่ม,วัฒนานคร,สระแก้ว,SAN,2025-07-26,ไม่ผ่านเกณฑ์
ป้าบี้,ร้านจำหน่ายอาหาร,ช่องกุ่ม,วัฒนานคร,สระแก้ว,SAN PLUS,2025-03-24,รับรอง
มธุรส,ร้านจำหน่ายอาหาร,หนองน้ำใส,วัฒนานคร,สระแก้ว,SAN,2025-03-24,รับรอง
ร้านก๋วยเตี๋ยวน้องอาย น้องไอซ์,ร้านจำหน่ายอาหาร,หนองน้ำใส,วัฒนานคร,สระแก้ว,SAN,2025-03-24,รับรอง
ร้านก๋วยเตี๋ยวเจ๊เอ๋,ร้านจำหน่ายอาหาร,วังน้ำเย็น,วังน้ำเย็น,สระแก้ว,SAN,2025-07-24,ไม่ผ่านเกณฑ์
ร้านน้องโดโด้,ร้านจำหน่ายอาหาร,วังน้ำเย็น,วังน้ำเย็น,สระแก้ว,SAN,2025-07-24,ไม่ผ่านเกณฑ์
ร้านดวงดีมีชัย,โรงอาหาร,วังน้ำเย็น,วังน้ำเย็น,สระแก้ว,SAN,2025-04-18,รับรอง
ครัววังน้ำเย็นการ์เดนท์,ร้านจำหน่ายอาหาร,วังน้ำเย็น,วังน้ำเย็น,สระแก้ว,SAN,2025-07-24,ไม่ผ่านเกณฑ์
ร้านต้นวาสนา,ร้านจำหน่ายอาหาร,วังน้ำเย็น,วังน้ำเย็น,สระแก้ว,SAN,2025-04-03,รับรอง
ร้าน ก.ไก่สุกี้,ร้านจำหน่ายอาหาร,วังน้ำเย็น,วังน้ำเย็น,สระแก้ว,SAN,2025-04-17,รับรอง
แซบสะใจ,ร้านจำหน่ายอาหาร,วังน้ำเย็น,วังน้ำเย็น,สระแก้ว,SAN,2025-07-24,ไม่ผ่านเกณฑ์
เอ๋โภชนา,ร้านจำหน่ายอาหาร,วังน้ำเย็น,วังน้ำเย็น,สระแก้ว,SAN,2025-07-24,ไม่ผ่านเกณฑ์
ร้านอุไร,ร้านจำหน่ายอาหาร,วังน้ำเย็น,วังน้ำเย็น,สระแก้ว,SAN,2025-07-24,ไม่ผ่านเกณฑ์
คุณกำพล   ,ร้านจำหน่ายอาหาร,วัฒนานคร,วัฒนานคร,สระแก้ว,SAN,2025-06-23,รับรอง
คุณรัตนา ,ร้านจำหน่ายอาหาร,วัฒนานคร,วัฒนานคร,สระแก้ว,SAN,2025-04-04,รับรอง
เย็นเล่า เช้ากาแฟ,สวนอาหาร,ห้วยโจด,วัฒนานคร,สระแก้ว,SAN,2025-04-05,รับรอง
พิมพา ครัวกระโทก,สวนอาหาร,ท่าเกวียน,วัฒนานคร,สระแก้ว,SAN,2025-04-05,รับรอง
นางวันนา สนเกื้อกูล,ร้านจำหน่ายอาหาร,หนองน้ำใส,วัฒนานคร,สระแก้ว,SAN,2025-04-05,รับรอง
ร้านชาขุนพล,ร้านจำหน่ายอาหาร,หนองน้ำใส,วัฒนานคร,สระแก้ว,SAN,2025-04-05,รับรอง
ร้านหมูนุ่มนุ่ม,สวนอาหาร,ผักขะ,วัฒนานคร,สระแก้ว,SAN,2025-04-05,รับรอง
เจ๊นก,อื่นๆ,ท่าเกวียน,วัฒนานคร,สระแก้ว,SAN,2025-04-05,รับรอง
บ้านท่ง,ร้านจำหน่ายอาหาร,ช่องกุ่ม,วัฒนานคร,สระแก้ว,SAN,2025-04-05,รับรอง
โอเคกะบับไก่ชีส,ร้านจำหน่ายอาหาร,สระแก้ว,เมืองสระแก้ว,สระแก้ว,SAN,2025-07-30,ไม่ผ่านเกณฑ์
ร้านปลาช่อนวิเศษ 10 บาท,ร้านจำหน่ายอาหาร,สระแก้ว,เมืองสระแก้ว,สระแก้ว,SAN,2025-07-31,ไม่ผ่านเกณฑ์
มอร์ฟีนอีทเทอรี่,ร้านจำหน่ายอาหาร,สระแก้ว,เมืองสระแก้ว,สระแก้ว,SAN,2025-07-31,ไม่ผ่านเกณฑ์
หวิน สายาง,โรงอาหาร,สระแก้ว,เมืองสระแก้ว,สระแก้ว,SAN,2025-07-31,ไม่ผ่านเกณฑ์
ครัวอ๊อดเด้อ,ร้านจำหน่ายอาหาร,สระแก้ว,เมืองสระแก้ว,สระแก้ว,SAN,2025-07-31,ไม่ผ่านเกณฑ์
ร้านข้าวแกงเพื่อนบ้าน,โรงอาหาร,สระแก้ว,เมืองสระแก้ว,สระแก้ว,SAN,2025-07-31,ไม่ผ่านเกณฑ์
ข้าวขาหมูโอเมก้า,ศูนย์อาหาร,สระแก้ว,เมืองสระแก้ว,สระแก้ว,SAN,2025-07-31,ไม่ผ่านเกณฑ์
ศูนย์อาหารบิ๊กซีสระแก้ว,ศูนย์อาหาร,สระแก้ว,เมืองสระแก้ว,สระแก้ว,SAN,2025-07-31,ไม่ผ่านเกณฑ์
ร้านกล้วยทอดไร้มัน,โรงอาหาร,สระแก้ว,เมืองสระแก้ว,สระแก้ว,SAN,2025-04-22,รับรอง
ลูกชิ้นทอด ย่าง นึ่ง ยำ,โรงอาหาร,สระแก้ว,เมืองสระแก้ว,สระแก้ว,SAN,2025-04-22,รับรอง
แจงข้าวราดแกง,โรงอาหาร,สระแก้ว,เมืองสระแก้ว,สระแก้ว,SAN,2025-04-22,รับรอง
ผึ้งอาหารอิสาน ขนมจีน,โรงอาหาร,สระแก้ว,เมืองสระแก้ว,สระแก้ว,SAN,2025-04-22,รับรอง
ผัดไทยเมืองแก้ว,โรงอาหาร,สระแก้ว,เมืองสระแก้ว,สระแก้ว,SAN,2025-04-22,รับรอง
ลูกชิ้นทอดธนากร,โรงอาหาร,สระแก้ว,เมืองสระแก้ว,สระแก้ว,SAN,2025-04-22,รับรอง
มัสซีหว๊านหวาน,โรงอาหาร,สระแก้ว,เมืองสระแก้ว,สระแก้ว,SAN,2025-04-24,รับรอง
รัชดาสาคู,โรงอาหาร,สระแก้ว,เมืองสระแก้ว,สระแก้ว,SAN,2025-07-31,ไม่ผ่านเกณฑ์
ปราณี พึ่งเจริญ,โรงอาหาร,สระแก้ว,เมืองสระแก้ว,สระแก้ว,SAN,2025-07-31,ไม่ผ่านเกณฑ์
ผลไม้พร้อมทาน,โรงอาหาร,สระแก้ว,เมืองสระแก้ว,สระแก้ว,SAN,2025-07-31,ไม่ผ่านเกณฑ์
เดอะพิชซ่า,ร้านจำหน่ายอาหาร,อรัญประเทศ,อรัญประเทศ,สระแก้ว,SAN,2025-06-25,รับรอง
ของทานเล่น,โรงอาหาร,สระแก้ว,เมืองสระแก้ว,สระแก้ว,SAN,2025-07-31,ไม่ผ่านเกณฑ์
ไอศกรีมกระทิสดและน้ำแข็งใส ,โรงอาหาร,สระแก้ว,เมืองสระแก้ว,สระแก้ว,SAN,2025-04-24,รับรอง
Dreamy Cafe,โรงอาหาร,สระแก้ว,เมืองสระแก้ว,สระแก้ว,SAN,2025-06-25,รับรอง
ผลไม้,โรงอาหาร,สระแก้ว,เมืองสระแก้ว,สระแก้ว,SAN,2025-07-31,ไม่ผ่านเกณฑ์
เล็กดอกไม้สด,โรงอาหาร,สระแก้ว,เมืองสระแก้ว,สระแก้ว,SAN,2025-07-31,ไม่ผ่านเกณฑ์
บ้านเพราะผัก,ร้านจำหน่ายอาหาร,อรัญประเทศ,อรัญประเทศ,สระแก้ว,SAN,2025-04-22,รับรอง
"1,000 ไหมเค้ก",ร้านจำหน่ายอาหาร,โคกสูง,โคกสูง,สระแก้ว,SAN,2025-04-22,รับรอง
ร้าน Fin cha coffee (ฟิน ชา กาแฟ),ร้านเครื่องดื่ม,โคกสูง,โคกสูง,สระแก้ว,SAN,2025-04-22,รับรอง
ชายสี่หน้าโลตัส,ร้านจำหน่ายอาหาร,ทัพราช,ตาพระยา,สระแก้ว,SAN,2025-07-31,ไม่ผ่านเกณฑ์
บ้านมะละกอ,ร้านจำหน่ายอาหาร,อรัญประเทศ,อรัญประเทศ,สระแก้ว,SAN PLUS,2025-04-22,รับรอง
ครัวน้องออมสิน,ร้านจำหน่ายอาหาร,อรัญประเทศ,อรัญประเทศ,สระแก้ว,SAN,2025-04-24,รับรอง
เจ๊นิดก๋วยเตี๋ยวปลา,ร้านจำหน่ายอาหาร,พระเพลิง,เขาฉกรรจ์,สระแก้ว,SAN,2025-07-31,ไม่ผ่านเกณฑ์
ก๋วยเตี๋ยวเจ้นาง,ร้านจำหน่ายอาหาร,พระเพลิง,เขาฉกรรจ์,สระแก้ว,SAN,2025-05-01,รับรอง
ร้านลาบอีสาน อาหารตามสั่ง,ร้านจำหน่ายอาหาร,หนองม่วง,โคกสูง,สระแก้ว,SAN,2025-04-23,รับรอง
ป้าบางอาหารตามสั่ง,ร้านจำหน่ายอาหาร,โคกสูง,โคกสูง,สระแก้ว,SAN,2025-07-31,ไม่ผ่านเกณฑ์
เจ๊อึ่งอาหารตามสั่ง,ร้านจำหน่ายอาหาร,โคกสูง,โคกสูง,สระแก้ว,SAN,2025-04-24,รับรอง
คุณราชกัญญา,ร้านจำหน่ายอาหาร,วัฒนานคร,วัฒนานคร,สระแก้ว,SAN,2025-05-02,รับรอง
คุณทองพูล ,ร้านจำหน่ายอาหาร,วัฒนานคร,วัฒนานคร,สระแก้ว,SAN,2025-08-03,ไม่ผ่านเกณฑ์
คุณสมบัติ,ร้านจำหน่ายอาหาร,วัฒนานคร,วัฒนานคร,สระแก้ว,SAN,2025-05-02,รับรอง
คุณสมพร ,ร้านจำหน่ายอาหาร,วัฒนานคร,วัฒนานคร,สระแก้ว,SAN,2025-08-03,ไม่ผ่านเกณฑ์
คุณลักขณา ,ร้านจำหน่ายอาหาร,วัฒนานคร,วัฒนานคร,สระแก้ว,SAN,2025-05-02,รับรอง
ร้านซุงบ้านดาบ,ร้านจำหน่ายอาหาร,วังน้ำเย็น,วังน้ำเย็น,สระแก้ว,SAN,2025-08-04,ไม่ผ่านเกณฑ์
