name,type,subdistrict,district,province,standard,approve_date,status
ร้านอาหารบ้านบานชื่น,ร้านจำหน่ายอาหาร,บุ่ง,เมืองอำนาจเจริญ,อำนาจเจริญ,SAN,2025-08-04,ไม่ผ่านเกณฑ์
ร้านอาหารปิ่นโต,ร้านจำหน่ายอาหาร,บุ่ง,เมืองอำนาจเจริญ,อำนาจเจริญ,SAN,2025-08-04,ไม่ผ่านเกณฑ์
Shangchai/ชาบู,ร้านจำหน่ายอาหาร,บุ่ง,เมืองอำนาจเจริญ,อำนาจเจริญ,SAN PLUS,2024-09-25,รับรอง
ร้านก๋วยเตี๋ยวเรือสองนาง,ร้านจำหน่ายอาหาร,เสนางคนิคม,เสนางคนิคม,อำนาจเจริญ,SAN PLUS,2024-06-08,หมดอายุ
ร้านลาบเป็ดคนลือ,ร้านจำหน่ายอาหาร,อำนาจ,ลืออำนาจ,อำนาจเจริญ,SAN,2024-08-27,ไม่ผ่านเกณฑ์
บ้านสวนริมโขงครัวเจ๊มุก,ร้านจำหน่ายอาหาร,ชานุมาน,ชานุมาน,อำนาจเจริญ,SAN,2024-08-27,ไม่ผ่านเกณฑ์
สวนอาหารน้ำตกวังปลา,สวนอาหาร,รัตนวารี,หัวตะพาน,อำนาจเจริญ,มาตรฐาน SAN,2024-07-11,หมดอายุ
กินตำ,ร้านจำหน่ายอาหาร,พระเหลา,พนา,อำนาจเจริญ,มาตรฐาน SAN,2024-08-02,หมดอายุ
โคตรจั๊บ,ร้านจำหน่ายอาหาร,พระเหลา,พนา,อำนาจเจริญ,SAN,2024-08-02,ไม่ผ่านเกณฑ์
ปังปัง,ร้านจำหน่ายอาหาร,พระเหลา,พนา,อำนาจเจริญ,SAN,2024-08-02,ไม่ผ่านเกณฑ์
ร้านเนสกาแฟสตีทคาเฟ่,ร้านจำหน่ายอาหาร,รัตนวารี,หัวตะพาน,อำนาจเจริญ,SAN,2025-05-19,รับรอง
ปิยะพรกาแฟสด,อื่นๆ,หนองแก้ว,หัวตะพาน,อำนาจเจริญ,SAN,2025-05-20,รับรอง
น้ำปั่นคุณาสิน,อื่นๆ,รัตนวารี,หัวตะพาน,อำนาจเจริญ,มาตรฐาน SAN,2025-08-04,หมดอายุ
แซ่บก๋วยเตี่ยวเรือ,ร้านจำหน่ายอาหาร,รัตนวารี,หัวตะพาน,อำนาจเจริญ,มาตรฐาน SAN,2025-08-04,หมดอายุ
กาแฟเค็กดอยไทย,ร้านจำหน่ายอาหาร,รัตนวารี,หัวตะพาน,อำนาจเจริญ,SAN,2025-05-19,รับรอง
แฮปปี้คัพทรี,ร้านจำหน่ายอาหาร,รัตนวารี,หัวตะพาน,อำนาจเจริญ,มาตรฐาน SAN,2025-08-04,หมดอายุ
บัวหลวงหมูกะทะ,ร้านบุฟเฟ่ต์ (ปิ้งย่าง/ชาบู/สุกี้),รัตนวารี,หัวตะพาน,อำนาจเจริญ,SAN PLUS,2024-08-14,หมดอายุ
ก๋วยจั๊บจี๊ด,ร้านจำหน่ายอาหาร,รัตนวารี,หัวตะพาน,อำนาจเจริญ,SAN,2025-05-19,รับรอง
ร้านเจ๊วารี,ร้านจำหน่ายอาหาร,รัตนวารี,หัวตะพาน,อำนาจเจริญ,SAN,2024-09-09,ไม่ผ่านเกณฑ์
ตาต๋อนอาหารตามสั่ง,ร้านจำหน่ายอาหาร,รัตนวารี,หัวตะพาน,อำนาจเจริญ,SAN,2024-09-09,ไม่ผ่านเกณฑ์
ร้านอาหาร 291,ร้านจำหน่ายอาหาร,รัตนวารี,หัวตะพาน,อำนาจเจริญ,มาตรฐาน SAN,2024-08-13,หมดอายุ
ร้านก๋วยจั๊บไพวรรณ,ร้านจำหน่ายอาหาร,หัวตะพาน,หัวตะพาน,อำนาจเจริญ,มาตรฐาน SAN,2024-08-07,หมดอายุ
เรือนแก้ว,ร้านจำหน่ายอาหาร,รัตนวารี,หัวตะพาน,อำนาจเจริญ,SAN,2025-05-19,รับรอง
ร้านก๋วยจั๊บวิไล,ร้านจำหน่ายอาหาร,รัตนวารี,หัวตะพาน,อำนาจเจริญ,มาตรฐาน SAN,2024-08-07,หมดอายุ
ลาบเป็ดปากิม,ร้านจำหน่ายอาหาร,หนองแก้ว,หัวตะพาน,อำนาจเจริญ,SAN,2025-05-19,รับรอง
อาหารตามสั่งนงลักษณ์,ร้านจำหน่ายอาหาร,หนองแก้ว,หัวตะพาน,อำนาจเจริญ,SAN,2025-05-19,รับรอง
กาแฟลาวสบายดี,ร้านเครื่องดื่ม,รัตนวารี,หัวตะพาน,อำนาจเจริญ,SAN,2024-08-07,ไม่ผ่านเกณฑ์
อาหารตามสั่งอุไร,ร้านจำหน่ายอาหาร,รัตนวารี,หัวตะพาน,อำนาจเจริญ,SAN,2025-05-19,รับรอง
ร้านตำแหลกแช่บลืมผัว,ร้านจำหน่ายอาหาร,อำนาจ,ลืออำนาจ,อำนาจเจริญ,มาตรฐาน SAN,2024-08-27,หมดอายุ
NAWA' Cafeteria,ร้านจำหน่ายอาหาร,นาหว้า,ปทุมราชวงศา,อำนาจเจริญ,SAN,2025-06-10,รับรอง
เนื้อย่างฟาร์มกบ,ร้านบุฟเฟ่ต์ (ปิ้งย่าง/ชาบู/สุกี้),บุ่ง,เมืองอำนาจเจริญ,อำนาจเจริญ,SAN,2024-08-27,ไม่ผ่านเกณฑ์
จัีบอุบล cafe @ อำนาจเจริญ,ร้านจำหน่ายอาหาร,บุ่ง,เมืองอำนาจเจริญ,อำนาจเจริญ,SAN,2024-08-27,ไม่ผ่านเกณฑ์
ไร่คุณหมอ ออร์แกนิก,ร้านเครื่องดื่ม,หนองมะแซว,เมืองอำนาจเจริญ,อำนาจเจริญ,มาตรฐาน SAN,2024-08-27,หมดอายุ
สวนอาหารบ้านปอแก้ว,สวนอาหาร,บุ่ง,เมืองอำนาจเจริญ,อำนาจเจริญ,มาตรฐาน SAN,2024-08-27,หมดอายุ
อีสานชาบู,ร้านจำหน่ายอาหาร,บุ่ง,เมืองอำนาจเจริญ,อำนาจเจริญ,SAN,2024-08-27,ไม่ผ่านเกณฑ์
One ดีดี,ร้านจำหน่ายอาหาร,ห้วยไร่,เมืองอำนาจเจริญ,อำนาจเจริญ,SAN,2024-08-27,ไม่ผ่านเกณฑ์
โกดังหมูกะทะ,ร้านจำหน่ายอาหาร,ห้วยไร่,เมืองอำนาจเจริญ,อำนาจเจริญ,มาตรฐาน SAN,2024-08-27,หมดอายุ
ทนายแซ่บ,ร้านจำหน่ายอาหาร,เสนางคนิคม,เสนางคนิคม,อำนาจเจริญ,มาตรฐาน SAN,2024-08-27,หมดอายุ
เด็กติดชา 1,ร้านเครื่องดื่ม,บุ่ง,เมืองอำนาจเจริญ,อำนาจเจริญ,มาตรฐาน SAN,2024-08-27,หมดอายุ
Happy cafe and resterant,ร้านจำหน่ายอาหาร,บุ่ง,เมืองอำนาจเจริญ,อำนาจเจริญ,มาตรฐาน SAN,2024-08-27,หมดอายุ
เตาถ่านโคขุนโพนยางคำ,ร้านจำหน่ายอาหาร,บุ่ง,เมืองอำนาจเจริญ,อำนาจเจริญ,SAN,2024-08-27,ไม่ผ่านเกณฑ์
อาหารญี่ปุ่นไซโคว,ร้านจำหน่ายอาหาร,บุ่ง,เมืองอำนาจเจริญ,อำนาจเจริญ,มาตรฐาน SAN,2024-08-27,หมดอายุ
โอ๊คกาแฟสด,ร้านจำหน่ายอาหาร,บุ่ง,เมืองอำนาจเจริญ,อำนาจเจริญ,SAN,2024-08-27,ไม่ผ่านเกณฑ์
Mom's Dream,ร้านจำหน่ายอาหาร,บุ่ง,เมืองอำนาจเจริญ,อำนาจเจริญ,มาตรฐาน SAN,2024-08-27,หมดอายุ
ครัวไทย,ร้านจำหน่ายอาหาร,บุ่ง,เมืองอำนาจเจริญ,อำนาจเจริญ,SAN,2024-08-27,ไม่ผ่านเกณฑ์
ลูกชิ้นทิพย์,ศูนย์อาหาร,บุ่ง,เมืองอำนาจเจริญ,อำนาจเจริญ,มาตรฐาน SAN,2024-08-27,หมดอายุ
บ้านปลูกรัก,ร้านจำหน่ายอาหาร,บุ่ง,เมืองอำนาจเจริญ,อำนาจเจริญ,SAN,2024-08-27,ไม่ผ่านเกณฑ์
เบญจวรรณนครปฐม,ร้านจำหน่ายอาหาร,บุ่ง,เมืองอำนาจเจริญ,อำนาจเจริญ,มาตรฐาน SAN,2024-08-27,หมดอายุ
ล้านอาหารเจ,ร้านจำหน่ายอาหาร,บุ่ง,เมืองอำนาจเจริญ,อำนาจเจริญ,มาตรฐาน SAN,2024-08-27,หมดอายุ
ลาบสองพี่น้อง,ร้านจำหน่ายอาหาร,บุ่ง,เมืองอำนาจเจริญ,อำนาจเจริญ,มาตรฐาน SAN,2024-08-27,หมดอายุ
ป้าแก้วรสแซ่บ,ร้านจำหน่ายอาหาร,บุ่ง,เมืองอำนาจเจริญ,อำนาจเจริญ,มาตรฐาน SAN,2024-08-27,หมดอายุ
ไก่ย่าง ส้มตำ แม่ทองยวน,ร้านจำหน่ายอาหาร,บุ่ง,เมืองอำนาจเจริญ,อำนาจเจริญ,มาตรฐาน SAN,2024-08-27,หมดอายุ
รุ่งอรุณ หมูกะทะ แจ่วฮ้อน,ร้านจำหน่ายอาหาร,บุ่ง,เมืองอำนาจเจริญ,อำนาจเจริญ,มาตรฐาน SAN,2024-08-27,หมดอายุ
เจ๊สาอาหารแซ่บ,ร้านจำหน่ายอาหาร,บุ่ง,เมืองอำนาจเจริญ,อำนาจเจริญ,SAN,2025-05-14,รับรอง
ไก่ย่างหน้าวัดปัญจะ,ร้านจำหน่ายอาหาร,รัตนวารี,หัวตะพาน,อำนาจเจริญ,มาตรฐาน SAN,2024-09-09,หมดอายุ
ข้าวมันไก่ ก๋วยเตี๋ยวไก่,ร้านจำหน่ายอาหาร,พนา,พนา,อำนาจเจริญ,SAN,2025-08-04,ไม่ผ่านเกณฑ์
อิสราเย็นตาโฟ,ร้านจำหน่ายอาหาร,พนา,พนา,อำนาจเจริญ,SAN,2025-08-04,ไม่ผ่านเกณฑ์
ครัวบ้านแม่,ร้านจำหน่ายอาหาร,พระเหลา,พนา,อำนาจเจริญ,SAN,2025-08-04,ไม่ผ่านเกณฑ์
ลาบยโสธร,ร้านจำหน่ายอาหาร,พระเหลา,พนา,อำนาจเจริญ,มาตรฐาน SAN,2024-09-11,หมดอายุ
ดอนตาลเนื้อย่างเกาหลี,ร้านจำหน่ายอาหาร,พระเหลา,พนา,อำนาจเจริญ,มาตรฐาน SAN,2024-09-24,หมดอายุ
ศิริพร ส้มตำ ไก่ย่าง,ร้านจำหน่ายอาหาร,พระเหลา,พนา,อำนาจเจริญ,SAN,2025-05-27,รับรอง
เมี่ยงปลา,ร้านจำหน่ายอาหาร,พระเหลา,พนา,อำนาจเจริญ,SAN,2025-05-27,รับรอง
นุชตามสั่ง,ร้านจำหน่ายอาหาร,พระเหลา,พนา,อำนาจเจริญ,SAN,2025-05-27,รับรอง
ก๋วยเตี๋ยวเต๋ปาก,ร้านจำหน่ายอาหาร,พนา,พนา,อำนาจเจริญ,SAN PLUS,2025-07-07,รับรอง
ก๋วยเตี๋ยวไก่มะระ,ร้านจำหน่ายอาหาร,พนา,พนา,อำนาจเจริญ,SAN,2025-08-04,ไม่ผ่านเกณฑ์
คุณแดงเนื้อย่างเกาหลี,ร้านจำหน่ายอาหาร,พระเหลา,พนา,อำนาจเจริญ,SAN,2025-08-04,ไม่ผ่านเกณฑ์
"Triple มะ caf,e",ร้านจำหน่ายอาหาร,พนา,พนา,อำนาจเจริญ,มาตรฐาน SAN,2024-09-24,หมดอายุ
อิ่มอร่อย,ร้านจำหน่ายอาหาร,พระเหลา,พนา,อำนาจเจริญ,SAN,2025-06-16,รับรอง
เจ๊หมวย,ร้านจำหน่ายอาหาร,พนา,พนา,อำนาจเจริญ,SAN,2025-06-30,รับรอง
ส้มตำเปรมฤดี,ร้านจำหน่ายอาหาร,พนา,พนา,อำนาจเจริญ,SAN,2025-06-30,รับรอง
ไก่ย่างวิเชียรบุรี,ร้านจำหน่ายอาหาร,พระเหลา,พนา,อำนาจเจริญ,SAN,2025-05-27,รับรอง
ยายเป่ง,ร้านจำหน่ายอาหาร,พนา,พนา,อำนาจเจริญ,SAN,2025-04-08,รับรอง
ลาบพนา,ร้านจำหน่ายอาหาร,พระเหลา,พนา,อำนาจเจริญ,SAN,2025-05-27,รับรอง
ตามสั่งเจ๊เพ็ญ,ร้านจำหน่ายอาหาร,พนา,พนา,อำนาจเจริญ,SAN,2024-08-31,รับรอง
แม่รุ้ง ส้มตำ ไก่ย่าง,ร้านจำหน่ายอาหาร,พนา,พนา,อำนาจเจริญ,SAN,2024-09-24,ไม่ผ่านเกณฑ์
กินข้าวป่ะ / ตุ้ยนุ้ย,ร้านจำหน่ายอาหาร,พระเหลา,พนา,อำนาจเจริญ,SAN,2025-08-04,ไม่ผ่านเกณฑ์
ชิลล์ ชิลล์,ร้านจำหน่ายอาหาร,พระเหลา,พนา,อำนาจเจริญ,SAN,2025-08-04,ไม่ผ่านเกณฑ์
อเมซอน สาขา หจก บุญประเสริฐ,ร้านจำหน่ายอาหาร,ไก่คำ,เมืองอำนาจเจริญ,อำนาจเจริญ,มาตรฐาน SAN,2025-07-01,หมดอายุ
ทอฮัก การ์เด้น,ร้านจำหน่ายอาหาร,บุ่ง,เมืองอำนาจเจริญ,อำนาจเจริญ,มาตรฐาน SAN,2024-09-11,หมดอายุ
ตะวันแดง,อื่นๆ,บุ่ง,เมืองอำนาจเจริญ,อำนาจเจริญ,SAN,2025-05-27,รับรอง
ครัวอิงธาร,ร้านจำหน่ายอาหาร,บุ่ง,เมืองอำนาจเจริญ,อำนาจเจริญ,มาตรฐาน SAN,2024-09-11,หมดอายุ
ร้านสำราญ,ร้านจำหน่ายอาหาร,บุ่ง,เมืองอำนาจเจริญ,อำนาจเจริญ,SAN,2025-08-04,ไม่ผ่านเกณฑ์
ร้านหลักเมืองก๋วยเตี๋ยวเรือ,ร้านจำหน่ายอาหาร,บุ่ง,เมืองอำนาจเจริญ,อำนาจเจริญ,SAN,2025-06-27,รับรอง
ร้านก๋วยเตี๋ยวเรือ ณ อำนาจเจริญ,ร้านจำหน่ายอาหาร,บุ่ง,เมืองอำนาจเจริญ,อำนาจเจริญ,SAN,2025-08-04,ไม่ผ่านเกณฑ์
คอฟฟี่โฮม,ร้านจำหน่ายอาหาร,ไก่คำ,เมืองอำนาจเจริญ,อำนาจเจริญ,SAN,2024-09-11,ไม่ผ่านเกณฑ์
ก๋วยเตี๋ยวเรือยกซด,ร้านจำหน่ายอาหาร,ไก่คำ,เมืองอำนาจเจริญ,อำนาจเจริญ,SAN,2024-09-11,ไม่ผ่านเกณฑ์
ร้านข้าวแกงคุณรวย,ร้านจำหน่ายอาหาร,บุ่ง,เมืองอำนาจเจริญ,อำนาจเจริญ,มาตรฐาน SAN,2025-08-04,หมดอายุ
พิซซ่าน้องศรีบุญ,ร้านจำหน่ายอาหาร,ไก่คำ,เมืองอำนาจเจริญ,อำนาจเจริญ,SAN,2025-06-30,รับรอง
ครัวป่าไผ่,ร้านจำหน่ายอาหาร,ไก่คำ,เมืองอำนาจเจริญ,อำนาจเจริญ,มาตรฐาน SAN,2024-09-11,หมดอายุ
สวนอาหารปู่กะย่า,ร้านจำหน่ายอาหาร,ไก่คำ,เมืองอำนาจเจริญ,อำนาจเจริญ,SAN,2024-09-11,ไม่ผ่านเกณฑ์
แม่มลิวรรณ,ร้านจำหน่ายอาหาร,ไก่คำ,เมืองอำนาจเจริญ,อำนาจเจริญ,SAN,2025-03-30,ไม่ผ่านเกณฑ์
101 อาหารและเครื่องดื่ม,ร้านจำหน่ายอาหาร,ไก่คำ,เมืองอำนาจเจริญ,อำนาจเจริญ,SAN,2024-09-11,ไม่ผ่านเกณฑ์
ลุงกาย อาหารตามสั่ง,ร้านจำหน่ายอาหาร,ไก่คำ,เมืองอำนาจเจริญ,อำนาจเจริญ,SAN,2025-03-30,ไม่ผ่านเกณฑ์
เจ๊ลีอาหารตามสั่ง,ร้านจำหน่ายอาหาร,ไก่คำ,เมืองอำนาจเจริญ,อำนาจเจริญ,SAN,2025-03-30,ไม่ผ่านเกณฑ์
ก๋วยเตี๋ยวโกเด้ง,ร้านจำหน่ายอาหาร,ไก่คำ,เมืองอำนาจเจริญ,อำนาจเจริญ,SAN,2025-06-30,รับรอง
อเมซอนสาขา หจก.ศิริรุ่งเรือง,ร้านจำหน่ายอาหาร,บุ่ง,เมืองอำนาจเจริญ,อำนาจเจริญ,SAN,2024-09-11,ไม่ผ่านเกณฑ์
ร้านคู่แฝด แจ่วฮ้อน เนื้อย่างเกาหลี,ร้านบุฟเฟ่ต์ (ปิ้งย่าง/ชาบู/สุกี้),บุ่ง,เมืองอำนาจเจริญ,อำนาจเจริญ,SAN,2025-08-04,ไม่ผ่านเกณฑ์
สุกี้เอ็มเค,ร้านจำหน่ายอาหาร,บุ่ง,เมืองอำนาจเจริญ,อำนาจเจริญ,SAN,2024-09-11,ไม่ผ่านเกณฑ์
เค เอฟ ซี ,ร้านจำหน่ายอาหาร,บุ่ง,เมืองอำนาจเจริญ,อำนาจเจริญ,SAN,2024-09-11,ไม่ผ่านเกณฑ์
ข้าวต้มเฮียตี๋,ร้านจำหน่ายอาหาร,บุ่ง,เมืองอำนาจเจริญ,อำนาจเจริญ,มาตรฐาน SAN,2025-08-04,หมดอายุ
ดอนขวัญเบเกอรี่,ร้านจำหน่ายอาหาร,พนา,พนา,อำนาจเจริญ,มาตรฐาน SAN,2025-08-04,หมดอายุ
ก๋วยเตี๋ยวเป็ด,ร้านจำหน่ายอาหาร,พนา,พนา,อำนาจเจริญ,มาตรฐาน SAN,2025-08-04,หมดอายุ
ร้านกาแฟลาว,ร้านจำหน่ายอาหาร,บุ่ง,เมืองอำนาจเจริญ,อำนาจเจริญ,มาตรฐาน SAN,2024-09-11,หมดอายุ
ส้มตำไก่ย่าง,ร้านจำหน่ายอาหาร,พนา,พนา,อำนาจเจริญ,SAN,2025-08-04,ไม่ผ่านเกณฑ์
อาหารตามสั่ง,ร้านจำหน่ายอาหาร,พนา,พนา,อำนาจเจริญ,SAN,2025-08-04,ไม่ผ่านเกณฑ์
ตะพึดตะพือ,ร้านจำหน่ายอาหาร,พนา,พนา,อำนาจเจริญ,SAN,2025-03-30,ไม่ผ่านเกณฑ์
ส้มตำเลียสาก,ร้านจำหน่ายอาหาร,พนา,พนา,อำนาจเจริญ,SAN,2025-08-04,ไม่ผ่านเกณฑ์
มงคลเนื้อย่างเกาหลี,ร้านบุฟเฟ่ต์ (ปิ้งย่าง/ชาบู/สุกี้),บุ่ง,เมืองอำนาจเจริญ,อำนาจเจริญ,SAN,2025-08-04,ไม่ผ่านเกณฑ์
คมคายอาหารตามสั่ง,ร้านจำหน่ายอาหาร,บุ่ง,เมืองอำนาจเจริญ,อำนาจเจริญ,SAN,2025-08-04,ไม่ผ่านเกณฑ์
ก๋วยเตี๋ยว,ร้านจำหน่ายอาหาร,พนา,พนา,อำนาจเจริญ,SAN,2025-08-04,ไม่ผ่านเกณฑ์
อาหารตามสั่ง,ร้านจำหน่ายอาหาร,พนา,พนา,อำนาจเจริญ,SAN,2025-08-04,ไม่ผ่านเกณฑ์
Amazon นพเก้า,ร้านจำหน่ายอาหาร,บุ่ง,เมืองอำนาจเจริญ,อำนาจเจริญ,SAN,2025-08-04,ไม่ผ่านเกณฑ์
ส้มตำ ก๋วยจั๊บ,ร้านจำหน่ายอาหาร,พนา,พนา,อำนาจเจริญ,SAN,2025-08-04,ไม่ผ่านเกณฑ์
ก๋วยจั๊บแซ่บริมคลอง,ร้านจำหน่ายอาหาร,บุ่ง,เมืองอำนาจเจริญ,อำนาจเจริญ,SAN,2025-08-04,ไม่ผ่านเกณฑ์
พิซซ่าคอมพานี,ร้านจำหน่ายอาหาร,บุ่ง,เมืองอำนาจเจริญ,อำนาจเจริญ,มาตรฐาน SAN,2024-09-11,หมดอายุ
ร้านครัวชายทุ่ง,ร้านจำหน่ายอาหาร,น้ำปลีก,เมืองอำนาจเจริญ,อำนาจเจริญ,SAN,2024-09-11,ไม่ผ่านเกณฑ์
ร้านเจ้ต้อง,ร้านจำหน่ายอาหาร,น้ำปลีก,เมืองอำนาจเจริญ,อำนาจเจริญ,SAN,2024-09-11,ไม่ผ่านเกณฑ์
อะเมซอนธารารินดอนแดง,ร้านเครื่องดื่ม,บุ่ง,เมืองอำนาจเจริญ,อำนาจเจริญ,SAN,2024-09-11,ไม่ผ่านเกณฑ์
ร้านเนื้อย่างเพชรลำภู,ร้านจำหน่ายอาหาร,น้ำปลีก,เมืองอำนาจเจริญ,อำนาจเจริญ,SAN,2024-09-11,ไม่ผ่านเกณฑ์
ร้านครัวกุ๊ก & สงค์,ร้านจำหน่ายอาหาร,น้ำปลีก,เมืองอำนาจเจริญ,อำนาจเจริญ,SAN,2024-09-11,ไม่ผ่านเกณฑ์
เนื้อย่างคู่แฝด 2,ร้านบุฟเฟ่ต์ (ปิ้งย่าง/ชาบู/สุกี้),บุ่ง,เมืองอำนาจเจริญ,อำนาจเจริญ,SAN,2025-08-04,ไม่ผ่านเกณฑ์
ร้านเอ็นจอยพิซซ่า,ร้านจำหน่ายอาหาร,บุ่ง,เมืองอำนาจเจริญ,อำนาจเจริญ,มาตรฐาน SAN,2024-09-11,หมดอายุ
ร้านก๋วยเตี๋ยวเป็ด,ร้านจำหน่ายอาหาร,น้ำปลีก,เมืองอำนาจเจริญ,อำนาจเจริญ,SAN,2025-08-04,ไม่ผ่านเกณฑ์
"ร้าน Six o""clock",ร้านจำหน่ายอาหาร,น้ำปลีก,เมืองอำนาจเจริญ,อำนาจเจริญ,SAN,2024-09-11,ไม่ผ่านเกณฑ์
ร้าน Hop Chafe,ร้านจำหน่ายอาหาร,น้ำปลีก,เมืองอำนาจเจริญ,อำนาจเจริญ,SAN,2024-09-11,ไม่ผ่านเกณฑ์
มังกี้ ชานมไข่มุกไต้หวัน,ร้านจำหน่ายอาหาร,บุ่ง,เมืองอำนาจเจริญ,อำนาจเจริญ,มาตรฐาน SAN,2024-09-11,หมดอายุ
ร้านม่อล & มิกซ์,ร้านจำหน่ายอาหาร,น้ำปลีก,เมืองอำนาจเจริญ,อำนาจเจริญ,มาตรฐาน SAN,2024-09-11,หมดอายุ
ร้านไก่ย่างวิเชียรบุรี,ร้านจำหน่ายอาหาร,น้ำปลีก,เมืองอำนาจเจริญ,อำนาจเจริญ,มาตรฐาน SAN,2024-09-11,หมดอายุ
ป.รุ่งเรือง,ร้านจำหน่ายอาหาร,ปลาค้าว,เมืองอำนาจเจริญ,อำนาจเจริญ,มาตรฐาน SAN,2024-09-11,หมดอายุ
ร้านโอ๋เอ๋,ร้านจำหน่ายอาหาร,ปลาค้าว,เมืองอำนาจเจริญ,อำนาจเจริญ,มาตรฐาน SAN,2024-09-11,หมดอายุ
ร้านเฮือนเฮา,ร้านจำหน่ายอาหาร,ปลาค้าว,เมืองอำนาจเจริญ,อำนาจเจริญ,มาตรฐาน SAN,2024-09-11,หมดอายุ
ร้านปิคนิก,ร้านจำหน่ายอาหาร,บุ่ง,เมืองอำนาจเจริญ,อำนาจเจริญ,มาตรฐาน SAN,2025-08-04,หมดอายุ
กาแฟพันธุ์ไทย ,ร้านจำหน่ายอาหาร,บุ่ง,เมืองอำนาจเจริญ,อำนาจเจริญ,มาตรฐาน SAN,2024-09-11,หมดอายุ
ร้านทองทิพย์,ร้านจำหน่ายอาหาร,ปลาค้าว,เมืองอำนาจเจริญ,อำนาจเจริญ,SAN,2025-06-20,รับรอง
ร้านเถียงนาคาเฟ่แอนด์เรสเตอรองต์,ร้านจำหน่ายอาหาร,บุ่ง,เมืองอำนาจเจริญ,อำนาจเจริญ,SAN,2024-09-11,ไม่ผ่านเกณฑ์
บ้านสุขใจเบเกอรี่,ร้านจำหน่ายอาหาร,บุ่ง,เมืองอำนาจเจริญ,อำนาจเจริญ,มาตรฐาน SAN,2024-09-11,หมดอายุ
ร้านคอปเตอร์&คอฟฟี่,ร้านจำหน่ายอาหาร,นาหมอม้า,เมืองอำนาจเจริญ,อำนาจเจริญ,มาตรฐาน SAN,2024-09-11,หมดอายุ
ร้านนาภูคำคาเฟ่,ร้านจำหน่ายอาหาร,นาหมอม้า,เมืองอำนาจเจริญ,อำนาจเจริญ,SAN,2024-09-11,ไม่ผ่านเกณฑ์
ร้านไก่ย่างวิเชียรบุรี,ร้านจำหน่ายอาหาร,นาหมอม้า,เมืองอำนาจเจริญ,อำนาจเจริญ,มาตรฐาน SAN,2025-03-30,หมดอายุ
ร้านเหรียญทอง,ร้านจำหน่ายอาหาร,นาหมอม้า,เมืองอำนาจเจริญ,อำนาจเจริญ,SAN,2024-09-11,ไม่ผ่านเกณฑ์
โอ๊คกาแฟสด,ร้านเครื่องดื่ม,โนนหนามแท่ง,เมืองอำนาจเจริญ,อำนาจเจริญ,มาตรฐาน SAN,2025-08-04,หมดอายุ
ร้านก๋วยเตี๋ยว,ร้านจำหน่ายอาหาร,นาหมอม้า,เมืองอำนาจเจริญ,อำนาจเจริญ,SAN,2024-09-11,ไม่ผ่านเกณฑ์
ร้านน้ำปั่น,ร้านจำหน่ายอาหาร,นาหมอม้า,เมืองอำนาจเจริญ,อำนาจเจริญ,SAN,2024-09-11,ไม่ผ่านเกณฑ์
ร้านอาหารตามสั่ง,ร้านจำหน่ายอาหาร,นาหมอม้า,เมืองอำนาจเจริญ,อำนาจเจริญ,SAN,2024-09-11,ไม่ผ่านเกณฑ์
ร้านก๋วยเตี๋ยว/ก๋วยจั๊บ,ร้านจำหน่ายอาหาร,นาหมอม้า,เมืองอำนาจเจริญ,อำนาจเจริญ,มาตรฐาน SAN,2024-09-11,หมดอายุ
ชานมเจินจูสาขาอำนาจเจริญ,ร้านเครื่องดื่ม,บุ่ง,เมืองอำนาจเจริญ,อำนาจเจริญ,มาตรฐาน SAN,2024-09-11,หมดอายุ
ร้านชาเบตง,ร้านจำหน่ายอาหาร,นาหมอม้า,เมืองอำนาจเจริญ,อำนาจเจริญ,SAN,2025-03-30,ไม่ผ่านเกณฑ์
ก๋วยเตี๋ยวเย็นตาโฟ,ร้านจำหน่ายอาหาร,บุ่ง,เมืองอำนาจเจริญ,อำนาจเจริญ,SAN,2025-08-04,ไม่ผ่านเกณฑ์
ร้านเจ๊จีน,ร้านจำหน่ายอาหาร,นาหมอม้า,เมืองอำนาจเจริญ,อำนาจเจริญ,มาตรฐาน SAN,2025-03-30,หมดอายุ
ซันเอิม/อาหารเจ,ร้านจำหน่ายอาหาร,บุ่ง,เมืองอำนาจเจริญ,อำนาจเจริญ,มาตรฐาน SAN,2025-08-04,หมดอายุ
ก๋วยจั๊บแม่วรรณ,ร้านจำหน่ายอาหาร,นาหว้า,ปทุมราชวงศา,อำนาจเจริญ,มาตรฐาน SAN,2025-04-29,หมดอายุ
ส้มตำแม่มะ,ร้านจำหน่ายอาหาร,นาหว้า,ปทุมราชวงศา,อำนาจเจริญ,มาตรฐาน SAN,2024-09-10,หมดอายุ
บ้านตึกกาแฟ,ร้านเครื่องดื่ม,บุ่ง,เมืองอำนาจเจริญ,อำนาจเจริญ,มาตรฐาน SAN,2024-09-11,หมดอายุ
อัญมณี,ร้านจำหน่ายอาหาร,นาหว้า,ปทุมราชวงศา,อำนาจเจริญ,มาตรฐาน SAN,2025-04-29,หมดอายุ
ครัวปทุมทิพย์,ร้านจำหน่ายอาหาร,นาหว้า,ปทุมราชวงศา,อำนาจเจริญ,มาตรฐาน SAN,2024-09-10,หมดอายุ
ซุ้มต้นคูณเนื้อย่างเกาหลี,ร้านจำหน่ายอาหาร,นาหว้า,ปทุมราชวงศา,อำนาจเจริญ,มาตรฐาน SAN,2024-09-10,หมดอายุ
ชาบูอินดี้ มินิมอลล์,ร้านจำหน่ายอาหาร,นาหว้า,ปทุมราชวงศา,อำนาจเจริญ,มาตรฐาน SAN,2024-09-10,หมดอายุ
เดือนฟ้า เวลาหิว,ร้านจำหน่ายอาหาร,นาหว้า,ปทุมราชวงศา,อำนาจเจริญ,มาตรฐาน SAN,2025-04-29,หมดอายุ
ชวลชิล หมูกระทะ,ร้านจำหน่ายอาหาร,นาหว้า,ปทุมราชวงศา,อำนาจเจริญ,SAN PLUS,2025-05-16,รับรอง
ร้านสมใจ เนื้อย่าง,ร้านจำหน่ายอาหาร,อำนาจ,ลืออำนาจ,อำนาจเจริญ,SAN,2024-09-10,ไม่ผ่านเกณฑ์
ร้านครัวอิ่มอร่อย,ร้านจำหน่ายอาหาร,อำนาจ,ลืออำนาจ,อำนาจเจริญ,มาตรฐาน SAN,2024-09-10,หมดอายุ
ลูกชิ้นทิพย์ BIG-C อำนาจ,ร้านจำหน่ายอาหาร,บุ่ง,เมืองอำนาจเจริญ,อำนาจเจริญ,SAN,2024-09-10,ไม่ผ่านเกณฑ์
ศูนย์อาหาร ปั๊ม.ปตท.ลืออำนาจ,ศูนย์อาหาร,อำนาจ,ลืออำนาจ,อำนาจเจริญ,SAN,2024-09-10,ไม่ผ่านเกณฑ์
ร้านก๋วยเตี๋ยวเรือโกติ่ง สาขา 9,ร้านจำหน่ายอาหาร,อำนาจ,ลืออำนาจ,อำนาจเจริญ,SAN,2024-09-10,ไม่ผ่านเกณฑ์
ร้านจุ่มโจร,ร้านจำหน่ายอาหาร,อำนาจ,ลืออำนาจ,อำนาจเจริญ,SAN,2025-05-26,ไม่ผ่านเกณฑ์
คนโคกลาบเป็ด,ร้านจำหน่ายอาหาร,โคกกลาง,ลืออำนาจ,อำนาจเจริญ,มาตรฐาน SAN,2024-09-10,หมดอายุ
โคโคนัทคาเฟ่,ร้านจำหน่ายอาหาร,บุ่ง,เมืองอำนาจเจริญ,อำนาจเจริญ,มาตรฐาน SAN,2024-09-11,หมดอายุ
เจริญโสภณ,ร้านจำหน่ายอาหาร,ชานุมาน,ชานุมาน,อำนาจเจริญ,มาตรฐาน SAN,2024-09-11,หมดอายุ
ร้านอาหารรอเธอ,ร้านจำหน่ายอาหาร,ชานุมาน,ชานุมาน,อำนาจเจริญ,SAN,2025-07-02,รับรอง
ก๋วยเตี๋ยวเรือทองเฮง,ร้านจำหน่ายอาหาร,ชานุมาน,ชานุมาน,อำนาจเจริญ,มาตรฐาน SAN,2024-09-11,หมดอายุ
ครัวลานนา,ร้านจำหน่ายอาหาร,ชานุมาน,ชานุมาน,อำนาจเจริญ,มาตรฐาน SAN,2024-09-11,หมดอายุ
อิ๋มอิ๋มคอฟฟี่,ร้านจำหน่ายอาหาร,ชานุมาน,ชานุมาน,อำนาจเจริญ,มาตรฐาน SAN,2024-09-11,หมดอายุ
เสถียรคันทรี,ร้านจำหน่ายอาหาร,บุ่ง,เมืองอำนาจเจริญ,อำนาจเจริญ,มาตรฐาน SAN,2024-09-11,หมดอายุ
Monkey Bubble Mike,ร้านจำหน่ายอาหาร,เสนางคนิคม,เสนางคนิคม,อำนาจเจริญ,มาตรฐาน SAN,2024-09-11,หมดอายุ
โฮมคาเฟ่,ร้านจำหน่ายอาหาร,เสนางคนิคม,เสนางคนิคม,อำนาจเจริญ,มาตรฐาน SAN,2025-08-04,หมดอายุ
The Black Coffee,ร้านจำหน่ายอาหาร,เสนางคนิคม,เสนางคนิคม,อำนาจเจริญ,มาตรฐาน SAN,2025-08-04,หมดอายุ
ONZON CAFÉ,ร้านจำหน่ายอาหาร,เสนางคนิคม,เสนางคนิคม,อำนาจเจริญ,SAN,2025-08-04,ไม่ผ่านเกณฑ์
ชาพะยอม,ร้านจำหน่ายอาหาร,เสนางคนิคม,เสนางคนิคม,อำนาจเจริญ,SAN,2025-08-04,รับรอง
ต้นคูณ,ร้านจำหน่ายอาหาร,เสนางคนิคม,เสนางคนิคม,อำนาจเจริญ,SAN,2024-09-11,ไม่ผ่านเกณฑ์
chill chill cafe,ร้านจำหน่ายอาหาร,พระเหลา,พนา,อำนาจเจริญ,SAN,2025-03-30,ไม่ผ่านเกณฑ์
บ้านเอ,ร้านจำหน่ายอาหาร,ห้วยไร่,เมืองอำนาจเจริญ,อำนาจเจริญ,SAN,2024-09-11,ไม่ผ่านเกณฑ์
คาเฟ่อเมซอนวัดสระเกษ,ร้านจำหน่ายอาหาร,บุ่ง,เมืองอำนาจเจริญ,อำนาจเจริญ,SAN,2024-09-11,ไม่ผ่านเกณฑ์
มะลิลา คาเฟ่ แอนด์ เรสเตอรอง,ร้านจำหน่ายอาหาร,บุ่ง,เมืองอำนาจเจริญ,อำนาจเจริญ,มาตรฐาน SAN,2024-09-11,หมดอายุ
เปลือกไม้งาม,ร้านจำหน่ายอาหาร,บุ่ง,เมืองอำนาจเจริญ,อำนาจเจริญ,มาตรฐาน SAN,2024-09-11,หมดอายุ
เจ้แดงแกงอ่อม,ร้านจำหน่ายอาหาร,บุ่ง,เมืองอำนาจเจริญ,อำนาจเจริญ,มาตรฐาน SAN,2024-09-11,หมดอายุ
Refresh café,ร้านจำหน่ายอาหาร,บุ่ง,เมืองอำนาจเจริญ,อำนาจเจริญ,มาตรฐาน SAN,2024-09-11,หมดอายุ
HOP Chafe,ร้านจำหน่ายอาหาร,บุ่ง,เมืองอำนาจเจริญ,อำนาจเจริญ,มาตรฐาน SAN,2024-09-11,หมดอายุ
ใส่นม,ร้านจำหน่ายอาหาร,บุ่ง,เมืองอำนาจเจริญ,อำนาจเจริญ,SAN,2025-05-27,รับรอง
Back up bar,ร้านจำหน่ายอาหาร,บุ่ง,เมืองอำนาจเจริญ,อำนาจเจริญ,มาตรฐาน SAN,2024-09-11,หมดอายุ
ล้านแซ่บนัวนั่งเมาส์หน้าเตา,ร้านจำหน่ายอาหาร,บุ่ง,เมืองอำนาจเจริญ,อำนาจเจริญ,มาตรฐาน SAN,2024-09-11,หมดอายุ
ก๋วยจั๊บ 999,ร้านจำหน่ายอาหาร,บุ่ง,เมืองอำนาจเจริญ,อำนาจเจริญ,SAN,2024-09-11,ไม่ผ่านเกณฑ์
ก๋วยเตี๋ยวเรือโกติ่ง,ร้านจำหน่ายอาหาร,รัตนวารี,หัวตะพาน,อำนาจเจริญ,SAN,2025-08-04,ไม่ผ่านเกณฑ์
ตาต้าเสต็ก,ร้านจำหน่ายอาหาร,รัตนวารี,หัวตะพาน,อำนาจเจริญ,SAN,2025-08-04,ไม่ผ่านเกณฑ์
บมจ. บิ๊กซี ซูเปอร์เซ็นเตอร์ ,ศูนย์อาหาร,บุ่ง,เมืองอำนาจเจริญ,อำนาจเจริญ,SAN,2024-09-12,ไม่ผ่านเกณฑ์
เด็กติดชา,ร้านจำหน่ายอาหาร,บุ่ง,เมืองอำนาจเจริญ,อำนาจเจริญ,SAN,2024-09-12,ไม่ผ่านเกณฑ์
นาล้อมคอฟฟี่,ร้านเครื่องดื่ม,ไร่ขี,ลืออำนาจ,อำนาจเจริญ,มาตรฐาน SAN,2025-08-04,หมดอายุ
NARA Coffee,ร้านจำหน่ายอาหาร,เสนางคนิคม,เสนางคนิคม,อำนาจเจริญ,SAN,2025-07-02,รับรอง
ก๋วยเตี๋ยว ก๋วยจั๊บ สุพิศ,ร้านจำหน่ายอาหาร,เสนางคนิคม,เสนางคนิคม,อำนาจเจริญ,SAN,2025-07-12,ไม่ผ่านเกณฑ์
สมจิตร & ป้ายูร ลาบขมต้มแซ่บๆ,ร้านจำหน่ายอาหาร,เสนางคนิคม,เสนางคนิคม,อำนาจเจริญ,SAN,2025-07-02,รับรอง
ส้มตำยายจรัส,ร้านจำหน่ายอาหาร,เสนางคนิคม,เสนางคนิคม,อำนาจเจริญ,มาตรฐาน SAN,2025-07-12,หมดอายุ
ส้มตำ,ร้านจำหน่ายอาหาร,เสนางคนิคม,เสนางคนิคม,อำนาจเจริญ,SAN,2025-07-02,รับรอง
อาหารตามสั่ง,ร้านจำหน่ายอาหาร,เสนางคนิคม,เสนางคนิคม,อำนาจเจริญ,SAN,2025-07-12,ไม่ผ่านเกณฑ์
อาหารตามสั่ง,ร้านจำหน่ายอาหาร,เสนางคนิคม,เสนางคนิคม,อำนาจเจริญ,SAN,2025-07-02,รับรอง
แบมแบมเบเกอรี่,ร้านจำหน่ายอาหาร,เสนางคนิคม,เสนางคนิคม,อำนาจเจริญ,SAN,2025-07-12,ไม่ผ่านเกณฑ์
ก๋วยเตี๋ยวไก่มะระ,ร้านจำหน่ายอาหาร,เสนางคนิคม,เสนางคนิคม,อำนาจเจริญ,SAN,2025-07-12,ไม่ผ่านเกณฑ์
อาหารตามสั่ง,ร้านจำหน่ายอาหาร,เสนางคนิคม,เสนางคนิคม,อำนาจเจริญ,SAN,2025-02-02,รับรอง
Smile Oil Cafe,ร้านจำหน่ายอาหาร,เสนางคนิคม,เสนางคนิคม,อำนาจเจริญ,SAN,2025-07-02,รับรอง
แจ่วฮ้อน,ร้านจำหน่ายอาหาร,เสนางคนิคม,เสนางคนิคม,อำนาจเจริญ,มาตรฐาน SAN,2025-07-12,หมดอายุ
ร้านอาหารตามสั่งลำพูน,ร้านจำหน่ายอาหาร,รัตนวารี,หัวตะพาน,อำนาจเจริญ,SAN,2025-07-02,รับรอง
ร้านยายจิต,ร้านจำหน่ายอาหาร,รัตนวารี,หัวตะพาน,อำนาจเจริญ,SAN,2024-10-11,รับรอง
ร้านลาบ,ร้านจำหน่ายอาหาร,รัตนวารี,หัวตะพาน,อำนาจเจริญ,SAN,2025-08-04,ไม่ผ่านเกณฑ์
ร้านแอนนี่คาเฟ่,ร้านจำหน่ายอาหาร,รัตนวารี,หัวตะพาน,อำนาจเจริญ,SAN,2025-08-04,ไม่ผ่านเกณฑ์
ร้านมา-นะ-U,ร้านจำหน่ายอาหาร,รัตนวารี,หัวตะพาน,อำนาจเจริญ,SAN,2025-08-04,ไม่ผ่านเกณฑ์
ร้านเลิศกาแฟสาขาหัวตะพาน,ร้านจำหน่ายอาหาร,รัตนวารี,หัวตะพาน,อำนาจเจริญ,SAN,2025-08-04,ไม่ผ่านเกณฑ์
ร้านขนมจีน,ร้านจำหน่ายอาหาร,รัตนวารี,หัวตะพาน,อำนาจเจริญ,SAN,2025-08-04,ไม่ผ่านเกณฑ์
ก๋วยเตี๋ยวปลา,ร้านจำหน่ายอาหาร,รัตนวารี,หัวตะพาน,อำนาจเจริญ,SAN,2025-08-04,ไม่ผ่านเกณฑ์
ร้านเดลี่โดนัท,ร้านจำหน่ายอาหาร,รัตนวารี,หัวตะพาน,อำนาจเจริญ,มาตรฐาน SAN,2025-08-04,หมดอายุ
ร้านบ้านสวนหมูกะทะ,ร้านจำหน่ายอาหาร,รัตนวารี,หัวตะพาน,อำนาจเจริญ,SAN,2025-08-04,ไม่ผ่านเกณฑ์
ก๋วยเตี๋ยวไก่นายเบิ้ม,ร้านจำหน่ายอาหาร,รัตนวารี,หัวตะพาน,อำนาจเจริญ,SAN,2025-08-04,ไม่ผ่านเกณฑ์
น้องเหมยอาหารตามสั่ง,ร้านจำหน่ายอาหาร,สร้างนกทา,เมืองอำนาจเจริญ,อำนาจเจริญ,SAN,2025-07-01,ไม่ผ่านเกณฑ์
แม่หวีอาหารตามสั่ง,ร้านจำหน่ายอาหาร,สร้างนกทา,เมืองอำนาจเจริญ,อำนาจเจริญ,SAN,2025-04-03,ไม่ผ่านเกณฑ์
วินิตอาหารตามสั่ง,ร้านจำหน่ายอาหาร,หนองมะแซว,เมืองอำนาจเจริญ,อำนาจเจริญ,SAN,2025-07-11,รับรอง
กนกวรรณอาหารตามสั่ง,ร้านจำหน่ายอาหาร,หนองมะแซว,เมืองอำนาจเจริญ,อำนาจเจริญ,SAN,2025-07-11,รับรอง
ศศิธรอาหารตามสั่ง,ร้านจำหน่ายอาหาร,หนองมะแซว,เมืองอำนาจเจริญ,อำนาจเจริญ,SAN,2025-07-11,รับรอง
วนิดาอาหารตามสั่ง,ร้านจำหน่ายอาหาร,หนองมะแซว,เมืองอำนาจเจริญ,อำนาจเจริญ,SAN,2025-07-11,รับรอง
อนงค์อาหารตามสั่ง,ร้านจำหน่ายอาหาร,หนองมะแซว,เมืองอำนาจเจริญ,อำนาจเจริญ,SAN,2025-07-11,รับรอง
เจตปรียาอาหารตามสั่ง,ร้านจำหน่ายอาหาร,หนองมะแซว,เมืองอำนาจเจริญ,อำนาจเจริญ,SAN,2025-07-11,รับรอง
พิกุลกาแฟ เครื่องดื่ม,ร้านจำหน่ายอาหาร,หนองมะแซว,เมืองอำนาจเจริญ,อำนาจเจริญ,SAN PLUS,2024-07-11,หมดอายุ
อรัญญาอาหารตามสั่ง,ร้านจำหน่ายอาหาร,หนองมะแซว,เมืองอำนาจเจริญ,อำนาจเจริญ,SAN,2025-07-11,รับรอง
สมควรอาหารตามสั่ง,ร้านจำหน่ายอาหาร,หนองมะแซว,เมืองอำนาจเจริญ,อำนาจเจริญ,SAN,2025-03-30,ไม่ผ่านเกณฑ์
เนื้อย่างสำราญ,ร้านจำหน่ายอาหาร,หนองมะแซว,เมืองอำนาจเจริญ,อำนาจเจริญ,SAN,2025-07-11,รับรอง
บุญศรีอาหารตามสั่ง,ร้านจำหน่ายอาหาร,หนองมะแซว,เมืองอำนาจเจริญ,อำนาจเจริญ,SAN,2025-07-11,รับรอง
ส้มตำแม่พร,ร้านจำหน่ายอาหาร,โนนโพธิ์,เมืองอำนาจเจริญ,อำนาจเจริญ,SAN,2025-07-11,รับรอง
น้องดินอาหารตามสั่ง,ร้านจำหน่ายอาหาร,โนนโพธิ์,เมืองอำนาจเจริญ,อำนาจเจริญ,SAN,2025-07-11,รับรอง
รุ่งอรุณปลาเผา,ร้านจำหน่ายอาหาร,โนนโพธิ์,เมืองอำนาจเจริญ,อำนาจเจริญ,SAN,2025-07-11,รับรอง
ก๋วยเตี๋ยวเป็ดซิตี้,ร้านจำหน่ายอาหาร,โนนโพธิ์,เมืองอำนาจเจริญ,อำนาจเจริญ,SAN,2025-07-11,รับรอง
ก๋วยเตี๋ยวป้าหวาน,ร้านจำหน่ายอาหาร,โนนโพธิ์,เมืองอำนาจเจริญ,อำนาจเจริญ,SAN,2025-07-11,รับรอง
ครัวคุณไก่ตามสั่ง,ร้านจำหน่ายอาหาร,โนนโพธิ์,เมืองอำนาจเจริญ,อำนาจเจริญ,SAN,2025-04-03,ไม่ผ่านเกณฑ์
น้องนางแจ่วฮ้อนหม่องเก่า,ร้านจำหน่ายอาหาร,โนนโพธิ์,เมืองอำนาจเจริญ,อำนาจเจริญ,SAN PLUS,2024-07-11,หมดอายุ
น้องนางแจ่วฮ้อนเจ้าเก่า,ร้านจำหน่ายอาหาร,โนนโพธิ์,เมืองอำนาจเจริญ,อำนาจเจริญ,มาตรฐาน SAN,2025-03-30,หมดอายุ
ก๋วยเตี๋ยวเรือมออีแดง,ร้านจำหน่ายอาหาร,โนนโพธิ์,เมืองอำนาจเจริญ,อำนาจเจริญ,SAN,2024-10-08,รับรอง
ร้านวีอาต,ร้านจำหน่ายอาหาร,โนนโพธิ์,เมืองอำนาจเจริญ,อำนาจเจริญ,SAN,2025-03-30,ไม่ผ่านเกณฑ์
เตี๋ยวไก่มะระ,ร้านจำหน่ายอาหาร,ไก่คำ,เมืองอำนาจเจริญ,อำนาจเจริญ,SAN,2024-10-08,รับรอง
อเมซอนไก่คำ,ร้านจำหน่ายอาหาร,ไก่คำ,เมืองอำนาจเจริญ,อำนาจเจริญ,SAN,2024-10-08,รับรอง
สมนึกหมูกะทะ,ร้านจำหน่ายอาหาร,บุ่ง,เมืองอำนาจเจริญ,อำนาจเจริญ,SAN,2025-03-30,ไม่ผ่านเกณฑ์
ร้านหับเผย by วังจั่น,ร้านจำหน่ายอาหาร,บุ่ง,เมืองอำนาจเจริญ,อำนาจเจริญ,SAN,2024-11-04,รับรอง
ลำโขงเนื้อย่าง,ร้านจำหน่ายอาหาร,เสนางคนิคม,เสนางคนิคม,อำนาจเจริญ,SAN,2025-07-08,ไม่ผ่านเกณฑ์
อาหารตามสั่งลักคณา,ร้านจำหน่ายอาหาร,เสนางคนิคม,เสนางคนิคม,อำนาจเจริญ,SAN,2025-04-08,รับรอง
ส้มตำ ไก่ย่าง,ร้านจำหน่ายอาหาร,เสนางคนิคม,เสนางคนิคม,อำนาจเจริญ,SAN,2025-07-12,ไม่ผ่านเกณฑ์
อาหารตามสั่ง,ร้านจำหน่ายอาหาร,เสนางคนิคม,เสนางคนิคม,อำนาจเจริญ,SAN,2025-07-12,ไม่ผ่านเกณฑ์
หวานหมูชาบู,ร้านจำหน่ายอาหาร,บุ่ง,เมืองอำนาจเจริญ,อำนาจเจริญ,SAN,2025-08-04,ไม่ผ่านเกณฑ์
ข้าวต้มหยก,ร้านจำหน่ายอาหาร,บุ่ง,เมืองอำนาจเจริญ,อำนาจเจริญ,SAN,2025-08-04,ไม่ผ่านเกณฑ์
Mama Chabu,ร้านจำหน่ายอาหาร,บุ่ง,เมืองอำนาจเจริญ,อำนาจเจริญ,SAN,2025-08-04,ไม่ผ่านเกณฑ์
สมนึกแจ่วฮ้อน,ร้านจำหน่ายอาหาร,บุ่ง,เมืองอำนาจเจริญ,อำนาจเจริญ,SAN,2025-08-04,ไม่ผ่านเกณฑ์
ราชาก๋วยเตี๋ยวเรือ,ร้านจำหน่ายอาหาร,บุ่ง,เมืองอำนาจเจริญ,อำนาจเจริญ,SAN,2025-08-04,ไม่ผ่านเกณฑ์
บ้านป่ากาแฟสด,ร้านจำหน่ายอาหาร,ปลาค้าว,เมืองอำนาจเจริญ,อำนาจเจริญ,SAN,2025-08-04,ไม่ผ่านเกณฑ์
สังข์ก๋วยเตี๋ยว,ร้านจำหน่ายอาหาร,ปลาค้าว,เมืองอำนาจเจริญ,อำนาจเจริญ,SAN,2025-08-04,ไม่ผ่านเกณฑ์
