name,type,subdistrict,district,province,standard,approve_date,status
กะทิครัวไทย,ร้านจำหน่ายอาหาร,เกาะช้าง,เกาะช้าง,ตราด,SAN,2024-10-15,ไม่ผ่านเกณฑ์
ครัวเข้าท่า,ร้านจำหน่ายอาหาร,ไม้รูด,คลองใหญ่,ตราด,SAN,2025-04-21,รับรอง
เซเว่นอีเลฟเว่น สาขา 13334 ปตท.ท่าพริก,ร้านจำหน่ายอาหาร,ท่าพริก,เมืองตราด,ตราด,SAN,2023-05-22,ไม่ผ่านเกณฑ์
เซเว่นอีเลฟเว่น สาขา ๕๖๐๖ ท่าพริก,อื่นๆ,ท่าพริก,เมืองตราด,ตราด,SAN,2023-05-23,ไม่ผ่านเกณฑ์
ร้านอาหารครัวเข้าท่า,ร้านจำหน่ายอาหาร,วังกระแจะ,เมืองตราด,ตราด,SAN,2024-10-03,ไม่ผ่านเกณฑ์
บ้านปูรีสอร์ท ตราด,ร้านจำหน่ายอาหาร,หนองคันทรง,เมืองตราด,ตราด,SAN,2025-07-21,ไม่ผ่านเกณฑ์
ร้านขนมจีนลุงทม,ร้านจำหน่ายอาหาร,คลองใหญ่,คลองใหญ่,ตราด,SAN,2025-07-21,ไม่ผ่านเกณฑ์
ร้านกาแฟภูเขา,ร้านจำหน่ายอาหาร,คลองใหญ่,คลองใหญ่,ตราด,มาตรฐาน SAN,2024-01-29,หมดอายุ
Chill Out Cafe,ร้านจำหน่ายอาหาร,เกาะช้าง,เกาะช้าง,ตราด,SAN,2024-01-31,ไม่ผ่านเกณฑ์
ร้านฟองกาแฟ,ร้านจำหน่ายอาหาร,วังกระแจะ,เมืองตราด,ตราด,SAN,2024-01-23,ไม่ผ่านเกณฑ์
ร้านเจ๊นิด ทุ่งนา,ร้านจำหน่ายอาหาร,ไม้รูด,คลองใหญ่,ตราด,SAN,2024-02-01,ไม่ผ่านเกณฑ์
ร้านต้นสะพาน,ร้านจำหน่ายอาหาร,คลองใหญ่,คลองใหญ่,ตราด,SAN,2025-07-07,รับรอง
ร้านบ้านไร่เขียวขจี ภาสกรฟาร์ม,ร้านจำหน่ายอาหาร,หนองคันทรง,เมืองตราด,ตราด,SAN,2024-02-05,ไม่ผ่านเกณฑ์
The Ocean Terrace,ร้านจำหน่ายอาหาร,เกาะช้าง,เกาะช้าง,ตราด,SAN,2024-02-13,ไม่ผ่านเกณฑ์
โซเนวา คีรี,ร้านจำหน่ายอาหาร,เกาะกูด,เกาะกูด,ตราด,SAN,2024-02-13,ไม่ผ่านเกณฑ์
ครัวสีฟ้า,ร้านจำหน่ายอาหาร,เกาะกูด,เกาะกูด,ตราด,SAN,2024-02-13,ไม่ผ่านเกณฑ์
ข้าวขวัญ,ร้านจำหน่ายอาหาร,เกาะช้าง,เกาะช้าง,ตราด,SAN,2024-02-13,ไม่ผ่านเกณฑ์
Sea Breeze Restaurant,ร้านจำหน่ายอาหาร,เกาะช้าง,เกาะช้าง,ตราด,SAN,2024-02-13,ไม่ผ่านเกณฑ์
กจาปุรี รีสอร์ท เกาะช้าง,ร้านจำหน่ายอาหาร,เกาะช้าง,เกาะช้าง,ตราด,SAN,2024-02-13,ไม่ผ่านเกณฑ์
Zong Zi Pad Pad Rustic Cuisine • Lounge,ร้านจำหน่ายอาหาร,เกาะช้าง,เกาะช้าง,ตราด,SAN,2024-02-13,ไม่ผ่านเกณฑ์
Coco Chacha Bar & Restaurant Kohchang ,ร้านจำหน่ายอาหาร,เกาะช้างใต้,เกาะช้าง,ตราด,SAN,2024-02-13,ไม่ผ่านเกณฑ์
Sea View Koh Chang,ร้านจำหน่ายอาหาร,เกาะช้าง,เกาะช้าง,ตราด,SAN,2024-02-13,ไม่ผ่านเกณฑ์
ระเบียง ไชยเชษฐ์,ร้านจำหน่ายอาหาร,เกาะช้าง,เกาะช้าง,ตราด,SAN,2024-02-13,ไม่ผ่านเกณฑ์
เดอะสปา คาเฟ่,ร้านจำหน่ายอาหาร,เกาะช้างใต้,เกาะช้าง,ตราด,SAN,2024-02-13,ไม่ผ่านเกณฑ์
บ้านปูรีสอร์ท,ร้านจำหน่ายอาหาร,หนองคันทรง,เมืองตราด,ตราด,SAN,2024-02-13,ไม่ผ่านเกณฑ์
Hapa Bar & Resturant,ร้านจำหน่ายอาหาร,วังกระแจะ,เมืองตราด,ตราด,SAN,2024-02-13,ไม่ผ่านเกณฑ์
ร้านไผ่โอชะ,ร้านจำหน่ายอาหาร,วังกระแจะ,เมืองตราด,ตราด,SAN,2024-02-13,ไม่ผ่านเกณฑ์
ร้านอาหารถ่าน,ร้านจำหน่ายอาหาร,วังกระแจะ,เมืองตราด,ตราด,SAN,2024-02-13,ไม่ผ่านเกณฑ์
ร้านจันทร์ห่าม,ร้านจำหน่ายอาหาร,แสนตุ้ง,เขาสมิง,ตราด,SAN,2024-08-20,ไม่ผ่านเกณฑ์
ข้าวแกง สจ.,ร้านจำหน่ายอาหาร,แสนตุ้ง,เขาสมิง,ตราด,SAN,2024-08-20,ไม่ผ่านเกณฑ์
ก๋วยเตี๋ยวปากแดง,ร้านจำหน่ายอาหาร,วังกระแจะ,เมืองตราด,ตราด,SAN,2025-03-06,ไม่ผ่านเกณฑ์
ก๋วยเตี๋ยวป๊อก ป๊อก สาขาด้านยาว,ร้านจำหน่ายอาหาร,เนินทราย,เมืองตราด,ตราด,SAN,2025-07-04,รับรอง
ร้านเจ๊อ้วน,ร้านจำหน่ายอาหาร,แสนตุ้ง,เขาสมิง,ตราด,SAN,2025-07-04,รับรอง
เจ๊ป๋อยอาหารตามสั่ง,อื่นๆ,ตะกาง,เมืองตราด,ตราด,SAN,2024-03-01,ไม่ผ่านเกณฑ์
ร้านสุวรรณี,ร้านจำหน่ายอาหาร,แหลมกลัด,เมืองตราด,ตราด,SAN,2024-03-01,ไม่ผ่านเกณฑ์
ร้านเปรมขายอาหารตามสั่ง,ร้านจำหน่ายอาหาร,แหลมกลัด,เมืองตราด,ตราด,SAN,2024-03-01,ไม่ผ่านเกณฑ์
ร้านอาหารหาดพลอยแดง,ร้านจำหน่ายอาหาร,แหลมกลัด,เมืองตราด,ตราด,SAN,2024-02-22,ไม่ผ่านเกณฑ์
ร้านใบบัว คาเฟ่,ร้านจำหน่ายอาหาร,หนองคันทรง,เมืองตราด,ตราด,SAN,2024-10-03,ไม่ผ่านเกณฑ์
ครัวบ้าน ต.ศิลาอาศน์ ,ร้านจำหน่ายอาหาร,หนองคันทรง,เมืองตราด,ตราด,SAN,2024-10-03,ไม่ผ่านเกณฑ์
ทำในนามวิสาหกิจชุมชนท่องเที่ยวบ้านธรรมชาติล่าง,อื่นๆ,คลองใหญ่,แหลมงอบ,ตราด,SAN,2024-02-16,ไม่ผ่านเกณฑ์
To The sea,ร้านจำหน่ายอาหาร,เกาะกูด,เกาะกูด,ตราด,SAN,2024-02-16,ไม่ผ่านเกณฑ์
ก๋วยเตี๋ยวตายาย,ร้านจำหน่ายอาหาร,เกาะกูด,เกาะกูด,ตราด,SAN,2024-02-16,ไม่ผ่านเกณฑ์
ลีโอ สเตชั่น ฟู๊ด,ร้านจำหน่ายอาหาร,เกาะกูด,เกาะกูด,ตราด,SAN,2024-02-16,ไม่ผ่านเกณฑ์
ปีเตอร์แพน รีสอร์ท,ร้านจำหน่ายอาหาร,เกาะกูด,เกาะกูด,ตราด,SAN,2024-02-16,ไม่ผ่านเกณฑ์
บ้านมะกอก,ร้านจำหน่ายอาหาร,เกาะกูด,เกาะกูด,ตราด,SAN,2024-02-19,ไม่ผ่านเกณฑ์
นุชเหลือง ซีฟู๊ด,ร้านจำหน่ายอาหาร,เกาะกูด,เกาะกูด,ตราด,SAN,2024-02-19,ไม่ผ่านเกณฑ์
เดอะฟิชเชอร์แมนฮัท เกะากูด,ร้านจำหน่ายอาหาร,เกาะกูด,เกาะกูด,ตราด,SAN,2024-02-19,ไม่ผ่านเกณฑ์
บ้านบัว รีสอร์ท,ร้านจำหน่ายอาหาร,เกาะกูด,เกาะกูด,ตราด,SAN,2024-10-18,รับรอง
มาร์คเฮ้า,ร้านจำหน่ายอาหาร,เกาะกูด,เกาะกูด,ตราด,SAN,2024-02-19,ไม่ผ่านเกณฑ์
มีดี รีสอร์ท,ร้านจำหน่ายอาหาร,เกาะกูด,เกาะกูด,ตราด,SAN,2024-02-19,ไม่ผ่านเกณฑ์
เกาะกูดเมอเมด,ร้านจำหน่ายอาหาร,เกาะกูด,เกาะกูด,ตราด,มาตรฐาน SAN,2024-02-19,หมดอายุ
ส้มตำโคราช,ร้านจำหน่ายอาหาร,เกาะกูด,เกาะกูด,ตราด,SAN,2024-02-19,ไม่ผ่านเกณฑ์
วิสาหกิจชุมชนท่องเที่ยวบ้านน้ำเชี่ยว,อื่นๆ,น้ำเชี่ยว,แหลมงอบ,ตราด,SAN,2024-02-19,ไม่ผ่านเกณฑ์
กลุ่มท่องเที่ยวบ้านน้ำเชี่ยว,อื่นๆ,น้ำเชี่ยว,แหลมงอบ,ตราด,SAN,2024-02-19,ไม่ผ่านเกณฑ์
ฅนพลัดถิ่น,ร้านจำหน่ายอาหาร,หนองคันทรง,เมืองตราด,ตราด,มาตรฐาน SAN,2024-10-03,หมดอายุ
กุ้งหลวง,ร้านจำหน่ายอาหาร,หนองคันทรง,เมืองตราด,ตราด,SAN,2024-02-19,ไม่ผ่านเกณฑ์
Shantaa Kitchen,ร้านจำหน่ายอาหาร,เกาะกูด,เกาะกูด,ตราด,มาตรฐาน SAN,2024-02-19,หมดอายุ
เกาะกูดอร๊อย อร่อย,ร้านจำหน่ายอาหาร,เกาะกูด,เกาะกูด,ตราด,มาตรฐาน SAN,2024-02-19,หมดอายุ
อิสานโภชนา,ร้านจำหน่ายอาหาร,บางปิด,แหลมงอบ,ตราด,มาตรฐาน SAN,2024-02-21,หมดอายุ
แบล็คบานาน่า,อื่นๆ,เกาะกูด,เกาะกูด,ตราด,SAN,2024-02-19,ไม่ผ่านเกณฑ์
ลิตเติ้ลเบิร์ด,ร้านจำหน่ายอาหาร,เกาะกูด,เกาะกูด,ตราด,มาตรฐาน SAN,2024-02-19,หมดอายุ
สวนย่า,ร้านจำหน่ายอาหาร,เกาะกูด,เกาะกูด,ตราด,มาตรฐาน SAN,2024-02-19,หมดอายุ
Fangkaow Cake House,ร้านจำหน่ายอาหาร,หนองคันทรง,เมืองตราด,ตราด,SAN,2024-02-19,ไม่ผ่านเกณฑ์
แซ่บอลัง#ตังค์กรู,ร้านจำหน่ายอาหาร,หนองคันทรง,เมืองตราด,ตราด,มาตรฐาน SAN,2024-02-19,หมดอายุ
ครัวร้อยหนึ่งล้าน,ร้านจำหน่ายอาหาร,หนองคันทรง,เมืองตราด,ตราด,มาตรฐาน SAN,2024-02-19,หมดอายุ
ร้านอาหารตามสั่งสกุณา,ร้านจำหน่ายอาหาร,ห้วยแร้ง,เมืองตราด,ตราด,มาตรฐาน SAN,2024-03-01,หมดอายุ
ร้านอาหารตามสั่งมณีรัตน์,ร้านจำหน่ายอาหาร,ห้วยแร้ง,เมืองตราด,ตราด,SAN,2024-03-01,ไม่ผ่านเกณฑ์
ร้านอหารตามสั่งศรีนวล,ร้านจำหน่ายอาหาร,ห้วยแร้ง,เมืองตราด,ตราด,SAN PLUS,2025-06-06,รับรอง
ร้านอาหารตามสั่งนิตยา,ร้านจำหน่ายอาหาร,ห้วยแร้ง,เมืองตราด,ตราด,SAN,2024-03-01,ไม่ผ่านเกณฑ์
ร่านอาหารตามสั่งบุหงา,ร้านจำหน่ายอาหาร,ห้วยแร้ง,เมืองตราด,ตราด,SAN,2024-03-01,ไม่ผ่านเกณฑ์
ร้านอาหารตามสั่งรัชนี,ร้านจำหน่ายอาหาร,ห้วยแร้ง,เมืองตราด,ตราด,SAN,2024-03-01,ไม่ผ่านเกณฑ์
ร้านอาหารตามสั่งอำพร,อื่นๆ,ห้วยแร้ง,เมืองตราด,ตราด,SAN,2025-07-07,รับรอง
ร้านอาหารตามสั่งนิลรัตน์,ร้านจำหน่ายอาหาร,ห้วยแร้ง,เมืองตราด,ตราด,SAN,2024-03-01,ไม่ผ่านเกณฑ์
ร้านเชอรี่แอนซีฟู๊ด,ร้านจำหน่ายอาหาร,ห้วงน้ำขาว,เมืองตราด,ตราด,SAN,2024-03-01,ไม่ผ่านเกณฑ์
ก๋วยเตี๋ยวผอ.,ร้านจำหน่ายอาหาร,หาดเล็ก,คลองใหญ่,ตราด,SAN,2024-10-22,รับรอง
ร้านชิกะชา,ร้านจำหน่ายอาหาร,หาดเล็ก,คลองใหญ่,ตราด,SAN,2024-10-22,รับรอง
ครัวลุงเอก,ร้านจำหน่ายอาหาร,หาดเล็ก,คลองใหญ่,ตราด,SAN,2024-10-22,รับรอง
แสงจันทร์ หมูกะทะ,ร้านจำหน่ายอาหาร,เกาะกูด,เกาะกูด,ตราด,SAN,2024-10-22,รับรอง
จิงโจ้ สีชมพู,ร้านจำหน่ายอาหาร,เกาะกูด,เกาะกูด,ตราด,SAN,2024-02-22,ไม่ผ่านเกณฑ์
ห้วงน้ำเขียวโฮมสเตย์,ร้านจำหน่ายอาหาร,เกาะกูด,เกาะกูด,ตราด,SAN,2024-10-22,รับรอง
เกาะกูดบีช,ร้านจำหน่ายอาหาร,เกาะกูด,เกาะกูด,ตราด,SAN,2024-10-22,รับรอง
ไฮซีซั่น,ร้านจำหน่ายอาหาร,เกาะกูด,เกาะกูด,ตราด,SAN,2024-10-10,รับรอง
Easternlab,ร้านเครื่องดื่ม,แหลมงอบ,แหลมงอบ,ตราด,SAN,2024-10-10,รับรอง
ร้านข้าวมันไก่,ร้านจำหน่ายอาหาร,แหลมงอบ,แหลมงอบ,ตราด,SAN,2024-10-10,รับรอง
ป้านาลุงปาน,ร้านจำหน่ายอาหาร,ไม้รูด,คลองใหญ่,ตราด,SAN,2024-10-18,รับรอง
ห้องอาหารเซนทารา ชานทะเล รีสอร์ทแอนด์วิลล่า ตราด,ร้านจำหน่ายอาหาร,แหลมกลัด,เมืองตราด,ตราด,SAN,2024-10-22,รับรอง
ร้านกาแฟอินทนิล,ร้านจำหน่ายอาหาร,แหลมกลัด,เมืองตราด,ตราด,มาตรฐาน SAN,2024-02-22,หมดอายุ
เดอะคลิฟคาเฟ่,ร้านจำหน่ายอาหาร,แหลมกลัด,เมืองตราด,ตราด,มาตรฐาน SAN,2024-02-22,หมดอายุ
ร้านลุงดำ,ร้านจำหน่ายอาหาร,ไม้รูด,คลองใหญ่,ตราด,มาตรฐาน SAN,2025-03-06,หมดอายุ
บริษัท พารุ่งอินเตอร์เนชั่นแนล จำกัด (หาดมุกแก้ว),ร้านจำหน่ายอาหาร,แหลมกลัด,เมืองตราด,ตราด,SAN,2025-06-27,รับรอง
ร้านข้าวแกง,ร้านจำหน่ายอาหาร,แหลมงอบ,แหลมงอบ,ตราด,มาตรฐาน SAN,2024-04-19,หมดอายุ
ร้านอาหารเครื่องดื่ม ,ร้านเครื่องดื่ม,แหลมงอบ,แหลมงอบ,ตราด,SAN,2024-04-19,ไม่ผ่านเกณฑ์
ร้านอาหาร(ก๋วยเตี๋ยว),ร้านจำหน่ายอาหาร,แหลมงอบ,แหลมงอบ,ตราด,มาตรฐาน SAN,2024-04-19,หมดอายุ
ร้านอาหารริมทะเลซีฟู้ด,ร้านจำหน่ายอาหาร,แหลมงอบ,แหลมงอบ,ตราด,มาตรฐาน SAN,2024-04-19,หมดอายุ
สุดตะวันออกซีฟู้ด,ร้านจำหน่ายอาหาร,แหลมงอบ,แหลมงอบ,ตราด,SAN,2024-09-27,รับรอง
ร้านอาหารเจ,ร้านจำหน่ายอาหาร,แหลมงอบ,แหลมงอบ,ตราด,มาตรฐาน SAN,2024-04-19,หมดอายุ
D-coff,ร้านเครื่องดื่ม,แหลมงอบ,แหลมงอบ,ตราด,SAN,2024-04-19,ไม่ผ่านเกณฑ์
ร้านอาหารตามสั่งเจ๊นิด,ร้านจำหน่ายอาหาร,แหลมงอบ,แหลมงอบ,ตราด,มาตรฐาน SAN,2024-04-19,หมดอายุ
ร้านป้าสาว,ร้านจำหน่ายอาหาร,แหลมงอบ,แหลมงอบ,ตราด,มาตรฐาน SAN,2024-04-19,หมดอายุ
ร้านอาหารอนารีน,ร้านจำหน่ายอาหาร,แหลมงอบ,แหลมงอบ,ตราด,SAN,2024-04-19,ไม่ผ่านเกณฑ์
ร้านก๋วยเตี๋ยวโบราณ,ร้านจำหน่ายอาหาร,แหลมงอบ,แหลมงอบ,ตราด,SAN,2024-11-19,รับรอง
อาหาร(โจ๊ก),ร้านจำหน่ายอาหาร,แหลมงอบ,แหลมงอบ,ตราด,SAN,2024-04-19,ไม่ผ่านเกณฑ์
อาหารตามสั่ง,ร้านจำหน่ายอาหาร,แหลมงอบ,แหลมงอบ,ตราด,SAN,2024-04-19,ไม่ผ่านเกณฑ์
อาหารตามสั่ง,ร้านจำหน่ายอาหาร,แหลมงอบ,แหลมงอบ,ตราด,SAN,2024-09-23,รับรอง
อาหาร(เครื่องดื่ม),ร้านเครื่องดื่ม,แหลมงอบ,แหลมงอบ,ตราด,SAN,2024-04-19,ไม่ผ่านเกณฑ์
ร้านก๋วยเตี๋ยวจันทรา,ร้านจำหน่ายอาหาร,แหลมงอบ,แหลมงอบ,ตราด,SAN,2024-10-08,รับรอง
อาหารตามสั่ง,ร้านจำหน่ายอาหาร,แหลมงอบ,แหลมงอบ,ตราด,SAN,2024-10-08,รับรอง
ร้านอาหาร(ก๋วยเตี๋ยว),ร้านจำหน่ายอาหาร,แหลมงอบ,แหลมงอบ,ตราด,SAN,2024-04-22,ไม่ผ่านเกณฑ์
ร้านป้าสุข,ร้านจำหน่ายอาหาร,ชำราก,เมืองตราด,ตราด,SAN,2025-05-21,รับรอง
เจ๊แมว ข้าวแกงปักษ์ใต้,ร้านจำหน่ายอาหาร,แสนตุ้ง,เขาสมิง,ตราด,SAN,2024-10-21,รับรอง
ครัวบ้านเบญ,ร้านจำหน่ายอาหาร,อ่าวใหญ่,เมืองตราด,ตราด,SAN,2024-03-01,ไม่ผ่านเกณฑ์
ธัญรัตน์ซีฟู้ด,ร้านจำหน่ายอาหาร,อ่าวใหญ่,เมืองตราด,ตราด,SAN,2024-03-01,ไม่ผ่านเกณฑ์
ร้านต้น,ร้านจำหน่ายอาหาร,ห้วยแร้ง,เมืองตราด,ตราด,SAN,2024-03-01,ไม่ผ่านเกณฑ์
ร้านยายจุ๋ม,ร้านจำหน่ายอาหาร,ห้วยแร้ง,เมืองตราด,ตราด,SAN,2024-09-12,รับรอง
ร้านเจ้เล็ก,ร้านจำหน่ายอาหาร,ห้วยแร้ง,เมืองตราด,ตราด,SAN,2024-03-01,ไม่ผ่านเกณฑ์
อเมซอน ปตท.หนองเสม็ด,ร้านเครื่องดื่ม,หนองเสม็ด,เมืองตราด,ตราด,SAN,2025-01-21,รับรอง
ข้าวต้มคูณอร่อย,ร้านจำหน่ายอาหาร,หนองเสม็ด,เมืองตราด,ตราด,SAN,2025-01-22,รับรอง
แอ๊ดหมูย่างเกาหลี,ร้านจำหน่ายอาหาร,หนองเสม็ด,เมืองตราด,ตราด,SAN,2025-07-31,รับรอง
ใบบัวหมูย่างเกาหลี,ร้านจำหน่ายอาหาร,หนองเสม็ด,เมืองตราด,ตราด,SAN,2025-01-22,รับรอง
ปานศรี รีสอร์ท,ร้านจำหน่ายอาหาร,หนองเสม็ด,เมืองตราด,ตราด,SAN,2024-10-08,รับรอง
Trat my Home,ร้านเครื่องดื่ม,หนองเสม็ด,เมืองตราด,ตราด,SAN,2024-10-08,รับรอง
ก๋งเลี้ยง รัสต้า คาเฟ่,ร้านเครื่องดื่ม,หนองเสม็ด,เมืองตราด,ตราด,SAN,2025-01-13,รับรอง
เจ๊ปลาปากจัด หมูกระทะ,ร้านจำหน่ายอาหาร,หนองเสม็ด,เมืองตราด,ตราด,SAN,2024-10-08,รับรอง
ครัวสามยาย,ร้านจำหน่ายอาหาร,หนองเสม็ด,เมืองตราด,ตราด,SAN,2024-10-08,รับรอง
Canvas family home,ร้านเครื่องดื่ม,หนองเสม็ด,เมืองตราด,ตราด,SAN,2024-03-04,ไม่ผ่านเกณฑ์
ฃ.ของเรา,ร้านจำหน่ายอาหาร,หนองเสม็ด,เมืองตราด,ตราด,SAN,2024-10-08,รับรอง
สวนกลิ่นสุคนธ์,ร้านจำหน่ายอาหาร,หนองเสม็ด,เมืองตราด,ตราด,SAN,2024-10-08,รับรอง
ลาบอุดร,ร้านจำหน่ายอาหาร,หนองเสม็ด,เมืองตราด,ตราด,SAN,2024-10-08,รับรอง
ข้าวแกงทะเลตราด,ร้านจำหน่ายอาหาร,หนองเสม็ด,เมืองตราด,ตราด,SAN,2024-10-08,รับรอง
เจ๊พร อาหารตามสั่ง ก๋วยเตี๋ยวหมู,ร้านจำหน่ายอาหาร,หนองเสม็ด,เมืองตราด,ตราด,SAN PLUS,2025-05-08,รับรอง
ร้านเจ๊มา ต้มเลือดหมู อาหารตามสั่ง,ร้านจำหน่ายอาหาร,หนองเสม็ด,เมืองตราด,ตราด,SAN,2024-10-08,รับรอง
แม่สั่งยำ,ร้านจำหน่ายอาหาร,หนองเสม็ด,เมืองตราด,ตราด,SAN,2024-10-08,รับรอง
เรจคอฟ,ร้านจำหน่ายอาหาร,หนองเสม็ด,เมืองตราด,ตราด,SAN,2024-10-08,รับรอง
กาแฟเย็น,ร้านจำหน่ายอาหาร,หนองเสม็ด,เมืองตราด,ตราด,SAN,2024-09-26,รับรอง
ข้าวต้มสิบหมื่น,ร้านจำหน่ายอาหาร,หนองเสม็ด,เมืองตราด,ตราด,SAN,2024-10-08,รับรอง
Keen Coffee,ร้านจำหน่ายอาหาร,หนองเสม็ด,เมืองตราด,ตราด,SAN,2024-10-08,รับรอง
ครัวบ้านสวน,ร้านจำหน่ายอาหาร,หนองเสม็ด,เมืองตราด,ตราด,SAN,2024-10-08,รับรอง
น้องเล็กหมูย่างเกาหลี,ร้านจำหน่ายอาหาร,หนองเสม็ด,เมืองตราด,ตราด,SAN,2025-04-02,รับรอง
ร้านก๋วยเตี๋ยวไก่มะระห้วงน้ำขาว,ร้านจำหน่ายอาหาร,ห้วงน้ำขาว,เมืองตราด,ตราด,SAN,2024-10-08,รับรอง
ร้านชุ่มคาเฟ่,ร้านเครื่องดื่ม,ห้วงน้ำขาว,เมืองตราด,ตราด,SAN,2024-10-01,รับรอง
ร้านวิไล ปูนิ่ม,ร้านจำหน่ายอาหาร,หาดเล็ก,คลองใหญ่,ตราด,SAN,2025-03-06,ไม่ผ่านเกณฑ์
ร้านลุงป้า บ้านล่าง,ร้านจำหน่ายอาหาร,หนองเสม็ด,เมืองตราด,ตราด,SAN,2024-04-29,ไม่ผ่านเกณฑ์
ร้านโกลคอฟฟี่ By Joy,ร้านจำหน่ายอาหาร,ท่าพริก,เมืองตราด,ตราด,SAN,2024-10-08,รับรอง
คุณไก่ 64 เอี่ยว,ร้านจำหน่ายอาหาร,ท่าพริก,เมืองตราด,ตราด,SAN,2025-07-07,รับรอง
ข้าวมันไก่ทุ่งกุลา,ร้านจำหน่ายอาหาร,ท่าพริก,เมืองตราด,ตราด,SAN,2025-07-07,รับรอง
ร้านก๋วยเตียวนำชัย,ร้านจำหน่ายอาหาร,ท่าพริก,เมืองตราด,ตราด,มาตรฐาน SAN,2024-04-29,หมดอายุ
ร้าน ต.ข้าวมันไก่,ร้านจำหน่ายอาหาร,ท่าพริก,เมืองตราด,ตราด,มาตรฐาน SAN,2024-04-29,หมดอายุ
ร้านป้าสวาท,ร้านจำหน่ายอาหาร,ท่าพริก,เมืองตราด,ตราด,มาตรฐาน SAN,2024-04-29,หมดอายุ
ร้านส้มตำเจ้สาว,ร้านจำหน่ายอาหาร,ท่าพริก,เมืองตราด,ตราด,มาตรฐาน SAN,2024-04-29,หมดอายุ
ร้านก๋วยเตียวเจ้ต๋อง,ร้านจำหน่ายอาหาร,ท่าพริก,เมืองตราด,ตราด,มาตรฐาน SAN,2024-04-29,หมดอายุ
ล้านตำถุงทอง,ร้านจำหน่ายอาหาร,ท่าพริก,เมืองตราด,ตราด,มาตรฐาน SAN,2024-04-29,หมดอายุ
ร้านก๋วยเตียวแม่เพ็ญ,ร้านจำหน่ายอาหาร,ท่าพริก,เมืองตราด,ตราด,SAN,2025-07-07,รับรอง
ร้านแม่สาลี่,ร้านจำหน่ายอาหาร,ท่าพริก,เมืองตราด,ตราด,มาตรฐาน SAN,2024-04-29,หมดอายุ
ร้านคุณวิทยา,ร้านจำหน่ายอาหาร,ท่าพริก,เมืองตราด,ตราด,มาตรฐาน SAN,2024-04-29,หมดอายุ
ร้านแม่น้องจอย,ร้านจำหน่ายอาหาร,ท่าพริก,เมืองตราด,ตราด,มาตรฐาน SAN,2024-04-29,หมดอายุ
ร้านก๋วยเตียวหมูโบราณ,ร้านจำหน่ายอาหาร,ท่าพริก,เมืองตราด,ตราด,มาตรฐาน SAN,2024-04-29,หมดอายุ
After of rain,ร้านจำหน่ายอาหาร,ท่าพริก,เมืองตราด,ตราด,มาตรฐาน SAN,2024-04-29,หมดอายุ
ร้านคุณพัชรี,ร้านจำหน่ายอาหาร,ท่าพริก,เมืองตราด,ตราด,มาตรฐาน SAN,2024-04-29,หมดอายุ
ร้านเจ้พร,ร้านจำหน่ายอาหาร,หาดเล็ก,คลองใหญ่,ตราด,SAN,2025-03-06,ไม่ผ่านเกณฑ์
ตราดมาร์เช่,ร้านจำหน่ายอาหาร,วังกระแจะ,เมืองตราด,ตราด,SAN,2024-10-02,ไม่ผ่านเกณฑ์
นางสาวธนภรณ์  อภิบาลศรี,ร้านจำหน่ายอาหาร,ท่าพริก,เมืองตราด,ตราด,SAN,2024-04-29,ไม่ผ่านเกณฑ์
ร้านเจ๊อี๊ด,ร้านจำหน่ายอาหาร,บางปิด,แหลมงอบ,ตราด,SAN,2024-04-30,ไม่ผ่านเกณฑ์
มิตรเสมอ,ร้านจำหน่ายอาหาร,วังกระแจะ,เมืองตราด,ตราด,SAN,2024-10-02,ไม่ผ่านเกณฑ์
สวนขวัญปันสุข,ร้านจำหน่ายอาหาร,วังกระแจะ,เมืองตราด,ตราด,SAN,2024-10-02,ไม่ผ่านเกณฑ์
ครัวแสงอรุณ,ร้านจำหน่ายอาหาร,เกาะช้างใต้,เกาะช้าง,ตราด,มาตรฐาน SAN,2024-07-09,หมดอายุ
ร่มไม้ชายเล รีสอร์ท,สวนอาหาร,เกาะช้างใต้,เกาะช้าง,ตราด,SAN,2024-05-29,ไม่ผ่านเกณฑ์
ร้านสามแยกสลักคอก,ร้านจำหน่ายอาหาร,เกาะช้างใต้,เกาะช้าง,ตราด,SAN,2024-05-29,ไม่ผ่านเกณฑ์
สลักคอกซีฟู๊ด,สวนอาหาร,เกาะช้างใต้,เกาะช้าง,ตราด,SAN,2025-07-23,รับรอง
ร้านเปิ้ล แหม่ม ปั๊มน้ำมันสลักคอก,ร้านจำหน่ายอาหาร,เกาะช้างใต้,เกาะช้าง,ตราด,SAN,2025-07-31,รับรอง
ร้านเจ๊สวน ส้มตำอุดร,ร้านจำหน่ายอาหาร,เกาะช้าง,เกาะช้าง,ตราด,มาตรฐาน SAN,2024-07-19,หมดอายุ
อัยยะ ปุระ รีสอร์ท,สวนอาหาร,เกาะช้าง,เกาะช้าง,ตราด,มาตรฐาน SAN,2024-05-29,หมดอายุ
ครัวคุณตี๋,ร้านจำหน่ายอาหาร,เกาะช้าง,เกาะช้าง,ตราด,มาตรฐาน SAN,2024-05-29,หมดอายุ
ครัวบ้านแม่ ,ร้านจำหน่ายอาหาร,เกาะช้างใต้,เกาะช้าง,ตราด,SAN,2024-05-29,ไม่ผ่านเกณฑ์
สลักเพชร ซีฟู๊ด,สวนอาหาร,เกาะช้างใต้,เกาะช้าง,ตราด,มาตรฐาน SAN,2024-05-29,หมดอายุ
ร้านป้าสาวสลักคอก,ร้านจำหน่ายอาหาร,เกาะช้างใต้,เกาะช้าง,ตราด,SAN,2024-05-29,ไม่ผ่านเกณฑ์
ข้าวแกงแสนตุ้ง (เจ๊มล),ร้านจำหน่ายอาหาร,แสนตุ้ง,เขาสมิง,ตราด,SAN,2024-08-20,ไม่ผ่านเกณฑ์
ครัวเจ๊หน่อย,ร้านจำหน่ายอาหาร,แสนตุ้ง,เขาสมิง,ตราด,SAN,2024-08-20,ไม่ผ่านเกณฑ์
ข้าวเลือดหมูตราด สาขาแสนตุ้ง,ร้านจำหน่ายอาหาร,แสนตุ้ง,เขาสมิง,ตราด,SAN,2024-08-20,ไม่ผ่านเกณฑ์
พฤกษา กาแฟสด,ร้านจำหน่ายอาหาร,แสนตุ้ง,เขาสมิง,ตราด,SAN,2024-08-20,ไม่ผ่านเกณฑ์
ไทเกอร์พิซซ่าเตาถ่านบ้านสวนมะนาว,ร้านจำหน่ายอาหาร,บ่อพลอย,บ่อไร่,ตราด,มาตรฐาน SAN,2024-07-04,หมดอายุ
เกี้ยวหนองบัว,ร้านจำหน่ายอาหาร,วังกระแจะ,เมืองตราด,ตราด,SAN PLUS,2024-11-22,รับรอง
ภัตคารแสงฟ้า,ภัตาคาร,วังกระแจะ,เมืองตราด,ตราด,SAN,2025-07-17,รับรอง
เบโรโตะ,ร้านจำหน่ายอาหาร,วังกระแจะ,เมืองตราด,ตราด,SAN,2025-06-30,รับรอง
โรงแรมเอวาด้า,ร้านจำหน่ายอาหาร,วังกระแจะ,เมืองตราด,ตราด,มาตรฐาน SAN,2024-07-03,หมดอายุ
ชาบูน่าโดน,ร้านจำหน่ายอาหาร,วังกระแจะ,เมืองตราด,ตราด,SAN,2024-07-03,ไม่ผ่านเกณฑ์
My Name,ร้านจำหน่ายอาหาร,วังกระแจะ,เมืองตราด,ตราด,SAN,2025-07-31,รับรอง
อบอุ่น,ร้านจำหน่ายอาหาร,วังกระแจะ,เมืองตราด,ตราด,SAN,2024-07-03,ไม่ผ่านเกณฑ์
ชาบูอินดี้,ร้านบุฟเฟ่ต์ (ปิ้งย่าง/ชาบู/สุกี้),วังกระแจะ,เมืองตราด,ตราด,มาตรฐาน SAN,2024-07-03,หมดอายุ
บ้านเต้งอาหารเวียดนาม,ร้านจำหน่ายอาหาร,วังกระแจะ,เมืองตราด,ตราด,SAN,2025-08-14,รับรอง
ชีวาปุรี,ร้านจำหน่ายอาหาร,วังกระแจะ,เมืองตราด,ตราด,SAN,2025-07-17,รับรอง
Joy Pizza,ร้านจำหน่ายอาหาร,บางพระ,เมืองตราด,ตราด,SAN,2025-07-17,รับรอง
ดูโอ้,ร้านเครื่องดื่ม,วังกระแจะ,เมืองตราด,ตราด,มาตรฐาน SAN,2024-07-03,หมดอายุ
หอมแฟ,ร้านเครื่องดื่ม,บางพระ,เมืองตราด,ตราด,SAN,2024-07-03,ไม่ผ่านเกณฑ์
พันธ์ไทย,ร้านเครื่องดื่ม,วังกระแจะ,เมืองตราด,ตราด,SAN,2024-07-03,ไม่ผ่านเกณฑ์
ญวนญี่สุ่น,ร้านจำหน่ายอาหาร,วังกระแจะ,เมืองตราด,ตราด,SAN,2024-07-03,ไม่ผ่านเกณฑ์
บะหมี่โหวกแวก,ร้านจำหน่ายอาหาร,บางพระ,เมืองตราด,ตราด,SAN,2024-07-03,ไม่ผ่านเกณฑ์
ครัวคุณเก๋,ร้านจำหน่ายอาหาร,บางพระ,เมืองตราด,ตราด,SAN,2024-07-03,ไม่ผ่านเกณฑ์
The Fire Bear,ร้านเครื่องดื่ม,บางพระ,เมืองตราด,ตราด,SAN,2024-07-03,ไม่ผ่านเกณฑ์
สุขนิยม,ร้านจำหน่ายอาหาร,บางพระ,เมืองตราด,ตราด,SAN,2025-06-16,รับรอง
Punsuk(ปั้นสุข),ร้านจำหน่ายอาหาร,บางพระ,เมืองตราด,ตราด,SAN,2025-06-13,รับรอง
ก๊ะเตี๋ยวกะเกี๊ยวปลา,ร้านจำหน่ายอาหาร,บางพระ,เมืองตราด,ตราด,SAN,2024-07-03,ไม่ผ่านเกณฑ์
ร้านกาแฟนะ,ร้านเครื่องดื่ม,บ่อพลอย,บ่อไร่,ตราด,SAN,2025-07-17,รับรอง
ร้านบีข้าวราดแกง,ร้านจำหน่ายอาหาร,บ่อพลอย,บ่อไร่,ตราด,SAN,2024-07-03,ไม่ผ่านเกณฑ์
ครัวถนัดทำ,ร้านจำหน่ายอาหาร,บ่อพลอย,บ่อไร่,ตราด,SAN,2025-07-17,รับรอง
บิงซูเฮ้าส์,ร้านจำหน่ายอาหาร,บ่อพลอย,บ่อไร่,ตราด,SAN,2024-07-03,ไม่ผ่านเกณฑ์
ทาเบรุ,ร้านจำหน่ายอาหาร,บางพระ,เมืองตราด,ตราด,SAN,2024-07-04,ไม่ผ่านเกณฑ์
กินดี มีสุข,ร้านจำหน่ายอาหาร,บางพระ,เมืองตราด,ตราด,SAN,2024-07-04,ไม่ผ่านเกณฑ์
บังข้าวมันไก่,ร้านจำหน่ายอาหาร,วังกระแจะ,เมืองตราด,ตราด,มาตรฐาน SAN,2024-07-04,หมดอายุ
ครัวสามพี่น้อง,ร้านจำหน่ายอาหาร,คลองใหญ่,คลองใหญ่,ตราด,SAN,2024-07-04,ไม่ผ่านเกณฑ์
ร้านอาหารเฟื่องฟ้า,ร้านจำหน่ายอาหาร,วังกระแจะ,เมืองตราด,ตราด,SAN,2024-07-04,ไม่ผ่านเกณฑ์
ร้านอาหารเจเทียนซิน,ร้านจำหน่ายอาหาร,วังกระแจะ,เมืองตราด,ตราด,SAN,2024-07-04,ไม่ผ่านเกณฑ์
ร้านราตรี,ร้านจำหน่ายอาหาร,วังกระแจะ,เมืองตราด,ตราด,SAN,2024-07-04,ไม่ผ่านเกณฑ์
ไพลิน ก๋วยเตี๋ยวเป็ด,ร้านจำหน่ายอาหาร,วังกระแจะ,เมืองตราด,ตราด,มาตรฐาน SAN,2024-07-04,หมดอายุ
ท่าเรือเนื้อสไลด์,ร้านจำหน่ายอาหาร,วังกระแจะ,เมืองตราด,ตราด,SAN,2024-07-04,ไม่ผ่านเกณฑ์
Amazon อาคารพาณิชย์,ร้านเครื่องดื่ม,วังกระแจะ,เมืองตราด,ตราด,มาตรฐาน SAN,2024-07-04,หมดอายุ
ตราดเตี๋ยวเรือท่าเลื่อน,ร้านจำหน่ายอาหาร,วังกระแจะ,เมืองตราด,ตราด,SAN,2024-07-04,ไม่ผ่านเกณฑ์
เรือนคุณนาย,ร้านจำหน่ายอาหาร,วังกระแจะ,เมืองตราด,ตราด,SAN,2024-07-04,ไม่ผ่านเกณฑ์
ชมปูฟาร์ม แอนด์ คาเฟ่,ร้านจำหน่ายอาหาร,หนองคันทรง,เมืองตราด,ตราด,มาตรฐาน SAN,2024-07-04,หมดอายุ
ก๋วยเตี๋ยวหมูนุ่ม-น้ำตกวารีสินธุ์,ร้านจำหน่ายอาหาร,วังกระแจะ,เมืองตราด,ตราด,มาตรฐาน SAN,2024-07-04,หมดอายุ
เจ้ไหว ข้าวเหนียวมะม่วง,ร้านจำหน่ายอาหาร,วังกระแจะ,เมืองตราด,ตราด,SAN PLUS,2024-03-15,หมดอายุ
ก๋วยจั้บเจ้ตุ่ม ท่าเรือ,ร้านจำหน่ายอาหาร,วังกระแจะ,เมืองตราด,ตราด,SAN PLUS,2025-07-30,รับรอง
ป้าปอง ขนมหวาน,ร้านจำหน่ายอาหาร,วังกระแจะ,เมืองตราด,ตราด,SAN,2024-07-04,ไม่ผ่านเกณฑ์
นมป่ะ แฟมั้ย,ร้านเครื่องดื่ม,วังกระแจะ,เมืองตราด,ตราด,SAN,2025-07-04,รับรอง
คุณอร่อย,ร้านจำหน่ายอาหาร,บางพระ,เมืองตราด,ตราด,SAN,2024-07-04,ไม่ผ่านเกณฑ์
ครัวใต้ตรัง,ร้านจำหน่ายอาหาร,บางพระ,เมืองตราด,ตราด,มาตรฐาน SAN,2024-07-04,หมดอายุ
นำโชค,ร้านจำหน่ายอาหาร,บางพระ,เมืองตราด,ตราด,มาตรฐาน SAN,2024-07-04,หมดอายุ
ชาบูไทเกอร์,ร้านบุฟเฟ่ต์ (ปิ้งย่าง/ชาบู/สุกี้),บางพระ,เมืองตราด,ตราด,มาตรฐาน SAN,2024-07-04,หมดอายุ
ข้าวแกงโจ้,ร้านจำหน่ายอาหาร,บางพระ,เมืองตราด,ตราด,มาตรฐาน SAN,2024-07-04,หมดอายุ
ผัดไทยประตูหมี,ร้านจำหน่ายอาหาร,บางพระ,เมืองตราด,ตราด,SAN,2024-07-04,ไม่ผ่านเกณฑ์
โตเกียวแป้งนุ่มดูโอ้,ร้านจำหน่ายอาหาร,บางพระ,เมืองตราด,ตราด,SAN,2024-09-04,รับรอง
เจ๊น้อย ขนมจีน,ร้านจำหน่ายอาหาร,บางพระ,เมืองตราด,ตราด,มาตรฐาน SAN,2024-07-04,หมดอายุ
ร้านป้าติ๋ว,ร้านจำหน่ายอาหาร,วังกระแจะ,เมืองตราด,ตราด,SAN,2024-07-04,ไม่ผ่านเกณฑ์
พบทะเล รีสอร์ท,ร้านจำหน่ายอาหาร,คลองใหญ่,คลองใหญ่,ตราด,SAN PLUS,2025-07-02,รับรอง
The Beach Club,ร้านจำหน่ายอาหาร,เกาะช้าง,เกาะช้าง,ตราด,มาตรฐาน SAN,2024-07-09,หมดอายุ
ร้านอาหารเดอะบีช KC,ร้านจำหน่ายอาหาร,เกาะช้าง,เกาะช้าง,ตราด,มาตรฐาน SAN,2024-07-10,หมดอายุ
The Fil Restaurant,ร้านจำหน่ายอาหาร,เกาะช้าง,เกาะช้าง,ตราด,มาตรฐาน SAN,2024-07-10,หมดอายุ
The Bay Restaurant,ร้านจำหน่ายอาหาร,เกาะช้างใต้,เกาะช้าง,ตราด,SAN,2025-06-10,รับรอง
เกาะช้าง พาราไดซ์,ร้านจำหน่ายอาหาร,เกาะช้าง,เกาะช้าง,ตราด,SAN,2024-09-23,รับรอง
เกาะช้างพาราไดซ์ ฮิล,ร้านจำหน่ายอาหาร,เกาะช้าง,เกาะช้าง,ตราด,SAN,2024-07-11,ไม่ผ่านเกณฑ์
สงาดคาเฟ่,ร้านจำหน่ายอาหาร,เกาะช้าง,เกาะช้าง,ตราด,SAN,2025-05-19,รับรอง
Tastory,ร้านจำหน่ายอาหาร,เกาะช้าง,เกาะช้าง,ตราด,SAN,2025-05-20,รับรอง
เลอ เจ้าจอม คาเฟ่,ร้านจำหน่ายอาหาร,เกาะช้าง,เกาะช้าง,ตราด,มาตรฐาน SAN,2024-07-17,หมดอายุ
นภาลัย ไทย คุยซีน,ร้านจำหน่ายอาหาร,เกาะช้าง,เกาะช้าง,ตราด,SAN PLUS,2025-02-06,รับรอง
ครัวคุณเร,ร้านจำหน่ายอาหาร,บ่อพลอย,บ่อไร่,ตราด,SAN,2025-07-02,รับรอง
ลาบเวียงจันทร์,ร้านจำหน่ายอาหาร,แสนตุ้ง,เขาสมิง,ตราด,มาตรฐาน SAN,2024-10-02,หมดอายุ
บ้านเพื่อนคาเฟ่ตราด,ร้านจำหน่ายอาหาร,วังกระแจะ,เมืองตราด,ตราด,มาตรฐาน SAN,2024-10-03,หมดอายุ
ถ้าจอดซีฟู๊ด,ร้านจำหน่ายอาหาร,แสนตุ้ง,เขาสมิง,ตราด,มาตรฐาน SAN,2025-03-06,หมดอายุ
Half a hundred coffee cafe,ร้านเครื่องดื่ม,แสนตุ้ง,เขาสมิง,ตราด,SAN,2024-10-29,ไม่ผ่านเกณฑ์
โรงอาหาร CPF JR,โรงอาหาร,คลองใหญ่,แหลมงอบ,ตราด,SAN,2025-03-06,ไม่ผ่านเกณฑ์
คลองพร้าว รีสอร์ท (ริมหาด restaurant),ร้านจำหน่ายอาหาร,เกาะช้าง,เกาะช้าง,ตราด,มาตรฐาน SAN,2025-01-07,หมดอายุ
บริษัท ฟู้ดเฮ้าส์ เคเทอร์ริ่ง เซอร์วิสเซส จำกัด หน่วยงานรพ.กรุงเทพตราด,ร้านจำหน่ายอาหาร,วังกระแจะ,เมืองตราด,ตราด,SAN,2025-02-04,ไม่ผ่านเกณฑ์
ก๋วยเตี๋ยว นาย ก สาขา 22 ตราด,ร้านจำหน่ายอาหาร,แสนตุ้ง,เขาสมิง,ตราด,SAN,2025-03-06,ไม่ผ่านเกณฑ์
โรงแรมตราด ซิตี้,ร้านจำหน่ายอาหาร,วังกระแจะ,เมืองตราด,ตราด,SAN,2025-06-16,รับรอง
ล้านโบราณยกซด,ร้านจำหน่ายอาหาร,วังกระแจะ,เมืองตราด,ตราด,มาตรฐาน SAN,2025-03-06,หมดอายุ
6 o' clock,ร้านจำหน่ายอาหาร,คลองใหญ่,คลองใหญ่,ตราด,มาตรฐาน SAN,2025-03-06,หมดอายุ
ไฮซีซั่น,ร้านจำหน่ายอาหาร,เกาะกูด,เกาะกูด,ตราด,SAN,2025-05-06,รับรอง
เกาะกูดบีช,ร้านจำหน่ายอาหาร,เกาะกูด,เกาะกูด,ตราด,SAN,2025-03-20,ไม่ผ่านเกณฑ์
ห้วงน้ำเขียวโฮมสเตย์,ร้านจำหน่ายอาหาร,เกาะกูด,เกาะกูด,ตราด,SAN,2025-03-20,ไม่ผ่านเกณฑ์
จิงโจ้ สีชมพู,ร้านจำหน่ายอาหาร,เกาะกูด,เกาะกูด,ตราด,SAN,2025-03-20,ไม่ผ่านเกณฑ์
แสงจันทร์ หมูกะทะ,ร้านจำหน่ายอาหาร,เกาะกูด,เกาะกูด,ตราด,SAN,2025-03-20,ไม่ผ่านเกณฑ์
สวนย่า,ร้านจำหน่ายอาหาร,เกาะกูด,เกาะกูด,ตราด,SAN,2025-03-20,ไม่ผ่านเกณฑ์
ลิตเติ้ลเบิร์ด,ร้านจำหน่ายอาหาร,เกาะกูด,เกาะกูด,ตราด,SAN,2025-03-20,ไม่ผ่านเกณฑ์
เกาะกูดอร๊อย อร่อย,ร้านจำหน่ายอาหาร,เกาะกูด,เกาะกูด,ตราด,มาตรฐาน SAN,2025-03-20,หมดอายุ
Shantaa Kitchen,ร้านจำหน่ายอาหาร,เกาะกูด,เกาะกูด,ตราด,SAN,2025-03-20,ไม่ผ่านเกณฑ์
เกาะกูดเมอเมด,ร้านจำหน่ายอาหาร,เกาะกูด,เกาะกูด,ตราด,SAN,2025-03-20,ไม่ผ่านเกณฑ์
มาร์คเฮ้า,ร้านจำหน่ายอาหาร,เกาะกูด,เกาะกูด,ตราด,SAN,2025-03-20,ไม่ผ่านเกณฑ์
มีดี รีสอร์ท,ร้านจำหน่ายอาหาร,เกาะกูด,เกาะกูด,ตราด,SAN,2025-03-20,ไม่ผ่านเกณฑ์
บ้านบัว รีสอร์ท,ร้านจำหน่ายอาหาร,เกาะกูด,เกาะกูด,ตราด,SAN,2025-03-20,ไม่ผ่านเกณฑ์
เดอะฟิชเชอร์แมนฮัท เกะากูด,ร้านจำหน่ายอาหาร,เกาะกูด,เกาะกูด,ตราด,SAN,2025-03-20,ไม่ผ่านเกณฑ์
นุชเหลือง ซีฟู๊ด,ร้านจำหน่ายอาหาร,เกาะกูด,เกาะกูด,ตราด,SAN,2025-03-20,ไม่ผ่านเกณฑ์
บ้านมะกอก,ร้านจำหน่ายอาหาร,เกาะกูด,เกาะกูด,ตราด,SAN,2025-03-20,ไม่ผ่านเกณฑ์
ปีเตอร์แพน รีสอร์ท,ร้านจำหน่ายอาหาร,เกาะกูด,เกาะกูด,ตราด,SAN,2025-03-20,ไม่ผ่านเกณฑ์
ลีโอ สเตชั่น ฟู๊ด,ร้านจำหน่ายอาหาร,เกาะกูด,เกาะกูด,ตราด,SAN PLUS,2024-08-09,หมดอายุ
ก๋วยเตี๋ยวตายาย,ร้านจำหน่ายอาหาร,เกาะกูด,เกาะกูด,ตราด,มาตรฐาน SAN,2025-03-20,หมดอายุ
To The sea,ร้านจำหน่ายอาหาร,เกาะกูด,เกาะกูด,ตราด,SAN,2025-03-20,ไม่ผ่านเกณฑ์
โซเนวา คีรี,ร้านจำหน่ายอาหาร,เกาะกูด,เกาะกูด,ตราด,SAN,2025-03-20,ไม่ผ่านเกณฑ์
ครัวสีฟ้า,ร้านจำหน่ายอาหาร,เกาะกูด,เกาะกูด,ตราด,มาตรฐาน SAN,2025-03-20,หมดอายุ
ไฮเอ้าท์ เกาะกูด,ร้านจำหน่ายอาหาร,เกาะกูด,เกาะกูด,ตราด,มาตรฐาน SAN,2025-05-02,หมดอายุ
เกาะกูดการ์เด้น,ร้านจำหน่ายอาหาร,เกาะกูด,เกาะกูด,ตราด,SAN,2025-05-02,ไม่ผ่านเกณฑ์
ซีเคร็ท รีสอร์ท,ร้านจำหน่ายอาหาร,เกาะกูด,เกาะกูด,ตราด,มาตรฐาน SAN,2025-05-02,หมดอายุ
ร้านขนมจีนลุงทม,ร้านจำหน่ายอาหาร,คลองใหญ่,คลองใหญ่,ตราด,SAN PLUS,2025-03-24,รับรอง
ครัวแสงอรุณ,ร้านจำหน่ายอาหาร,เกาะช้างใต้,เกาะช้าง,ตราด,SAN,2025-07-21,ไม่ผ่านเกณฑ์
โรงแรมเมอร์เคียวเกาะช้างไฮด์อเวย์ ( ห้องอาหารเดอะเบย์ เรสเทอร์รอง),ร้านจำหน่ายอาหาร,เกาะช้างใต้,เกาะช้าง,ตราด,SAN,2025-03-25,รับรอง
ไชยเชษฐ์ รีสอร์ท,ร้านจำหน่ายอาหาร,เกาะช้าง,เกาะช้าง,ตราด,SAN,2025-03-25,รับรอง
ร้านอาหารพื้นบ้านสองสี่แปดแปด,ร้านจำหน่ายอาหาร,เกาะช้าง,เกาะช้าง,ตราด,SAN,2025-03-25,รับรอง
The Spa Koh Chang Resort (เดอะสปาเกาะช้างรีสอร์ท),ร้านจำหน่ายอาหาร,เกาะช้างใต้,เกาะช้าง,ตราด,SAN,2025-04-03,รับรอง
บ้านตาเกลือ,ร้านจำหน่ายอาหาร,เกาะช้าง,เกาะช้าง,ตราด,SAN,2025-07-22,ไม่ผ่านเกณฑ์
Tastory,ร้านจำหน่ายอาหาร,เกาะช้าง,เกาะช้าง,ตราด,SAN,2025-04-02,รับรอง
