name,type,subdistrict,district,province,standard,approve_date,status
ร้าน 2019 สองพันสิบเก้า,ร้านจำหน่ายอาหาร,สุไหงโก-ลก,สุไหงโก-ลก,นราธิวาส,SAN,2023-10-02,ไม่ผ่านเกณฑ์
ร้านสายังปลาเผา,ร้านจำหน่ายอาหาร,สุไหงโก-ลก,สุไหงโก-ลก,นราธิวาส,SAN,2023-10-02,ไม่ผ่านเกณฑ์
Hatyai sashimi ,ภัตาคาร,บางนาค,เมืองนราธิวาส,นราธิวาส,SAN,2023-10-02,ไม่ผ่านเกณฑ์
Akhoo,ร้านจำหน่ายอาหาร,บางนาค,เมืองนราธิวาส,นราธิวาส,SAN,2025-04-08,ไม่ผ่านเกณฑ์
ห้องอาหารมากแดง,ร้านจำหน่ายอาหาร,สุไหงโก-ลก,สุไหงโก-ลก,นราธิวาส,SAN,2023-10-02,ไม่ผ่านเกณฑ์
ร้านSummer Thon,ร้านจำหน่ายอาหาร,โคกเคียน,เมืองนราธิวาส,นราธิวาส,SAN,2023-10-05,ไม่ผ่านเกณฑ์
ร้านมุมกาแฟ,ร้านจำหน่ายอาหาร,บางนาค,เมืองนราธิวาส,นราธิวาส,SAN,2023-10-10,ไม่ผ่านเกณฑ์
CUBA RASA Restaurant,ร้านจำหน่ายอาหาร,บาเระเหนือ,บาเจาะ,นราธิวาส,SAN,2023-10-10,ไม่ผ่านเกณฑ์
ร้านDa Mai,ร้านจำหน่ายอาหาร,แว้ง,แว้ง,นราธิวาส,SAN,2025-01-31,รับรอง
ร้านอะยัมบอย,ร้านจำหน่ายอาหาร,ผดุงมาตร,จะแนะ,นราธิวาส,SAN,2023-10-10,ไม่ผ่านเกณฑ์
ร้านก๋วยเตี๋ยวเรืออยุธยา เจาะไอร้อง,ร้านจำหน่ายอาหาร,จวบ,เจาะไอร้อง,นราธิวาส,SAN,2025-01-31,รับรอง
ร้านPickpockets,ร้านจำหน่ายอาหาร,สุไหงโก-ลก,สุไหงโก-ลก,นราธิวาส,SAN,2025-01-31,รับรอง
ร้านKitty Chic & FoodDrink,ร้านจำหน่ายอาหาร,เจ๊ะเห,ตากใบ,นราธิวาส,SAN,2025-01-31,รับรอง
Abas Restaurant ,ร้านจำหน่ายอาหาร,ปะลุรู,สุไหงปาดี,นราธิวาส,SAN,2025-01-31,รับรอง
ร้านลังกาสุกะ,ร้านจำหน่ายอาหาร,ยี่งอ,ยี่งอ,นราธิวาส,SAN,2023-10-10,ไม่ผ่านเกณฑ์
ร้านอาดัม โภชนา,ร้านจำหน่ายอาหาร,ยี่งอ,ยี่งอ,นราธิวาส,SAN,2025-01-31,รับรอง
ร้านแซ่บผ่านหมอก,ร้านจำหน่ายอาหาร,มาโมง,สุคิริน,นราธิวาส,SAN,2023-10-25,ไม่ผ่านเกณฑ์
ร้านบิสมิลละฮฺ,ร้านจำหน่ายอาหาร,ซากอ,ศรีสาคร,นราธิวาส,SAN,2023-10-25,ไม่ผ่านเกณฑ์
ร้านCkCoffee,ร้านจำหน่ายอาหาร,ตันหยงมัส,ระแงะ,นราธิวาส,SAN,2023-10-25,ไม่ผ่านเกณฑ์
ร้านEnjoyCoffee,ร้านจำหน่ายอาหาร,ตันหยงมัส,ระแงะ,นราธิวาส,SAN,2023-10-25,ไม่ผ่านเกณฑ์
ร้านBlackMango,ร้านจำหน่ายอาหาร,รือเสาะ,รือเสาะ,นราธิวาส,SAN,2024-09-23,ไม่ผ่านเกณฑ์
หลิว หลิว ติ่มซำ,ร้านจำหน่ายอาหาร,สุไหงโก-ลก,สุไหงโก-ลก,นราธิวาส,SAN,2024-06-14,ไม่ผ่านเกณฑ์
ข้าวต้มเลือดหมู,ร้านจำหน่ายอาหาร,สุไหงโก-ลก,สุไหงโก-ลก,นราธิวาส,มาตรฐาน SAN,2024-06-14,หมดอายุ
ห้องอาหารหมากแดง,ร้านจำหน่ายอาหาร,สุไหงโก-ลก,สุไหงโก-ลก,นราธิวาส,มาตรฐาน SAN,2024-06-14,หมดอายุ
ชาบูหน้าหม้อ,ร้านจำหน่ายอาหาร,สุไหงโก-ลก,สุไหงโก-ลก,นราธิวาส,มาตรฐาน SAN,2024-06-14,หมดอายุ
หลิว หลิว ติ่มซำ,ร้านจำหน่ายอาหาร,สุไหงโก-ลก,สุไหงโก-ลก,นราธิวาส,มาตรฐาน SAN,2024-09-19,หมดอายุ
ชาบูหน้าหม้อ,ร้านจำหน่ายอาหาร,สุไหงโก-ลก,สุไหงโก-ลก,นราธิวาส,SAN,2025-07-12,รับรอง
BAANCAKE AYU RAYU,ร้านจำหน่ายอาหาร,สุไหงโก-ลก,สุไหงโก-ลก,นราธิวาส,SAN,2025-07-15,รับรอง
Marblings,ร้านจำหน่ายอาหาร,สุไหงโก-ลก,สุไหงโก-ลก,นราธิวาส,มาตรฐาน SAN,2024-10-22,หมดอายุ
ร้านบ้านป้าผัน,ร้านจำหน่ายอาหาร,สุไหงโก-ลก,สุไหงโก-ลก,นราธิวาส,SAN,2024-10-22,ไม่ผ่านเกณฑ์
ฮงฮวด,ร้านจำหน่ายอาหาร,สุไหงโก-ลก,สุไหงโก-ลก,นราธิวาส,SAN PLUS,2025-06-30,รับรอง
๋Jaychon,ร้านจำหน่ายอาหาร,สุไหงโก-ลก,สุไหงโก-ลก,นราธิวาส,SAN,2024-10-22,ไม่ผ่านเกณฑ์
เฮฮา สุไหงโก-ลก,ร้านจำหน่ายอาหาร,สุไหงโก-ลก,สุไหงโก-ลก,นราธิวาส,SAN,2024-10-22,ไม่ผ่านเกณฑ์
Steak Indy ,ร้านจำหน่ายอาหาร,สุไหงโก-ลก,สุไหงโก-ลก,นราธิวาส,SAN,2024-10-22,ไม่ผ่านเกณฑ์
ชาละวัล,ร้านจำหน่ายอาหาร,สุไหงโก-ลก,สุไหงโก-ลก,นราธิวาส,SAN,2024-10-22,ไม่ผ่านเกณฑ์
ข้าวแกงมัดดาห์,ร้านจำหน่ายอาหาร,สุไหงโก-ลก,สุไหงโก-ลก,นราธิวาส,SAN,2024-10-22,ไม่ผ่านเกณฑ์
ข้าวมันไก่พัทลุง,ร้านจำหน่ายอาหาร,สุไหงโก-ลก,สุไหงโก-ลก,นราธิวาส,SAN,2024-10-22,ไม่ผ่านเกณฑ์
ข้าวมันไก่พัทลุง,ร้านจำหน่ายอาหาร,สุไหงโก-ลก,สุไหงโก-ลก,นราธิวาส,SAN,2024-10-22,ไม่ผ่านเกณฑ์
ราชาบะหมี่,ร้านจำหน่ายอาหาร,สุไหงโก-ลก,สุไหงโก-ลก,นราธิวาส,SAN,2024-11-04,รับรอง
นูรีดาโภชนา,ร้านจำหน่ายอาหาร,สุไหงโก-ลก,สุไหงโก-ลก,นราธิวาส,SAN,2024-10-24,ไม่ผ่านเกณฑ์
ก๋วยเตี๋ยวเรือบินByบังฮาซัน,ร้านจำหน่ายอาหาร,สุไหงโก-ลก,สุไหงโก-ลก,นราธิวาส,มาตรฐาน SAN,2024-10-24,หมดอายุ
timeless,ร้านเครื่องดื่ม,สุไหงโก-ลก,สุไหงโก-ลก,นราธิวาส,SAN,2024-10-24,ไม่ผ่านเกณฑ์
ข้าวห่อ 10 บาท,ร้านจำหน่ายอาหาร,สุไหงโก-ลก,สุไหงโก-ลก,นราธิวาส,SAN,2024-10-24,ไม่ผ่านเกณฑ์
ข้าวแกงกะแย,ร้านจำหน่ายอาหาร,สุไหงโก-ลก,สุไหงโก-ลก,นราธิวาส,SAN,2024-10-24,ไม่ผ่านเกณฑ์
กะยะนราธิวาส,ร้านจำหน่ายอาหาร,สุไหงโก-ลก,สุไหงโก-ลก,นราธิวาส,SAN,2024-10-24,ไม่ผ่านเกณฑ์
อาหารเหนือ,ร้านจำหน่ายอาหาร,สุไหงโก-ลก,สุไหงโก-ลก,นราธิวาส,SAN,2024-10-24,ไม่ผ่านเกณฑ์
ร้านกีตอ,ร้านจำหน่ายอาหาร,สุไหงโก-ลก,สุไหงโก-ลก,นราธิวาส,SAN,2024-10-24,ไม่ผ่านเกณฑ์
มีนัด,ร้านจำหน่ายอาหาร,สุไหงโก-ลก,สุไหงโก-ลก,นราธิวาส,SAN,2025-07-14,รับรอง
I-SUKI,ร้านจำหน่ายอาหาร,สุไหงโก-ลก,สุไหงโก-ลก,นราธิวาส,SAN,2024-10-24,ไม่ผ่านเกณฑ์
ร้านอิสลามกรุงเทพ,ร้านจำหน่ายอาหาร,สุไหงโก-ลก,สุไหงโก-ลก,นราธิวาส,SAN,2025-07-15,รับรอง
ครัวนพเก้า,ร้านจำหน่ายอาหาร,สุไหงโก-ลก,สุไหงโก-ลก,นราธิวาส,SAN,2024-10-24,ไม่ผ่านเกณฑ์
KFC บิ๊กซีสุไหงโก-ลก,ร้านจำหน่ายอาหาร,สุไหงโก-ลก,สุไหงโก-ลก,นราธิวาส,SAN,2024-10-24,ไม่ผ่านเกณฑ์
The Pizzacompany บิ๊กซีสุไหงโก-ลก,ร้านจำหน่ายอาหาร,สุไหงโก-ลก,สุไหงโก-ลก,นราธิวาส,SAN,2024-10-24,ไม่ผ่านเกณฑ์
SHABUSHI บิ๊กซีสุไหงโก-ลก,ร้านจำหน่ายอาหาร,สุไหงโก-ลก,สุไหงโก-ลก,นราธิวาส,SAN,2024-10-25,ไม่ผ่านเกณฑ์
พัฒน์เนื้อย่าง,ร้านจำหน่ายอาหาร,สุไหงโก-ลก,สุไหงโก-ลก,นราธิวาส,SAN,2024-10-25,ไม่ผ่านเกณฑ์
กะซ๊ะข้าวแกงนคร,ร้านจำหน่ายอาหาร,สุไหงโก-ลก,สุไหงโก-ลก,นราธิวาส,SAN,2025-02-05,รับรอง
ส้มตำแม่นก,ร้านจำหน่ายอาหาร,สุไหงโก-ลก,สุไหงโก-ลก,นราธิวาส,SAN,2024-08-27,รับรอง
SWENSENS บิ๊กซีสุไหงโก-กล,ร้านจำหน่ายอาหาร,สุไหงโก-ลก,สุไหงโก-ลก,นราธิวาส,มาตรฐาน SAN,2024-10-25,หมดอายุ
บ้านก๋วยจั๊บ,ร้านจำหน่ายอาหาร,สุไหงโก-ลก,สุไหงโก-ลก,นราธิวาส,SAN,2024-10-25,ไม่ผ่านเกณฑ์
กะมารีหย๊ะ,ร้านจำหน่ายอาหาร,สุไหงโก-ลก,สุไหงโก-ลก,นราธิวาส,SAN,2024-10-25,ไม่ผ่านเกณฑ์
นัดพบ,ร้านจำหน่ายอาหาร,สุไหงโก-ลก,สุไหงโก-ลก,นราธิวาส,มาตรฐาน SAN,2024-10-25,หมดอายุ
เปิดไฟ,ร้านจำหน่ายอาหาร,สุไหงโก-ลก,สุไหงโก-ลก,นราธิวาส,มาตรฐาน SAN,2024-10-25,หมดอายุ
ร้านนายโก๊ะ,ร้านจำหน่ายอาหาร,สุไหงโก-ลก,สุไหงโก-ลก,นราธิวาส,SAN,2025-05-22,รับรอง
ร้านหะยีอุเซ็งคิงส์(สาขา2),ร้านจำหน่ายอาหาร,สุไหงโก-ลก,สุไหงโก-ลก,นราธิวาส,SAN,2025-05-22,รับรอง
ร้านตำแหลก,ร้านจำหน่ายอาหาร,สุไหงโก-ลก,สุไหงโก-ลก,นราธิวาส,มาตรฐาน SAN,2024-10-25,หมดอายุ
โต้รุ่งพี่เด๊ะ,ร้านจำหน่ายอาหาร,สุไหงโก-ลก,สุไหงโก-ลก,นราธิวาส,มาตรฐาน SAN,2024-10-25,หมดอายุ
Malay@thai,ร้านจำหน่ายอาหาร,สุไหงโก-ลก,สุไหงโก-ลก,นราธิวาส,มาตรฐาน SAN,2024-10-25,หมดอายุ
ร้านแบยิขนมจีน,ร้านจำหน่ายอาหาร,สุไหงโก-ลก,สุไหงโก-ลก,นราธิวาส,มาตรฐาน SAN,2024-10-25,หมดอายุ
กอล์ฟวิว,ร้านจำหน่ายอาหาร,สุไหงโก-ลก,สุไหงโก-ลก,นราธิวาส,มาตรฐาน SAN,2024-10-25,หมดอายุ
Shabu Buffet Halal,ร้านจำหน่ายอาหาร,สุไหงโก-ลก,สุไหงโก-ลก,นราธิวาส,SAN,2025-07-15,รับรอง
ABANG SHABU,ร้านจำหน่ายอาหาร,สุไหงโก-ลก,สุไหงโก-ลก,นราธิวาส,SAN,2025-07-15,รับรอง
บังยา บุฟเฟ่ต์ ,ร้านจำหน่ายอาหาร,สุไหงโก-ลก,สุไหงโก-ลก,นราธิวาส,SAN,2025-07-14,รับรอง
เด๊ะดา ข้าวต้มกุ้ย,ร้านจำหน่ายอาหาร,สุไหงโก-ลก,สุไหงโก-ลก,นราธิวาส,SAN,2024-10-25,ไม่ผ่านเกณฑ์
Mr.Cook ,ร้านจำหน่ายอาหาร,สุไหงโก-ลก,สุไหงโก-ลก,นราธิวาส,SAN,2025-07-15,รับรอง
ซายังปลาเผา,ร้านจำหน่ายอาหาร,สุไหงโก-ลก,สุไหงโก-ลก,นราธิวาส,SAN,2025-07-14,รับรอง
ร้านเจ๊จุ๋มส้มตำ,ร้านจำหน่ายอาหาร,สุไหงโก-ลก,สุไหงโก-ลก,นราธิวาส,SAN,2025-07-15,รับรอง
Dr Muna healthy and delicious food,ร้านจำหน่ายอาหาร,กะลุวอเหนือ,เมืองนราธิวาส,นราธิวาส,มาตรฐาน SAN,2024-11-19,หมดอายุ
ร้านสวัสดิการ(โรงเรียนนราสิกขาลัย),โรงอาหาร,บางนาค,เมืองนราธิวาส,นราธิวาส,มาตรฐาน SAN,2025-05-02,หมดอายุ
Dr Muna healthy and delicious food,ร้านจำหน่ายอาหาร,กะลุวอเหนือ,เมืองนราธิวาส,นราธิวาส,มาตรฐาน SAN,2025-06-06,หมดอายุ
Dr.Muna healthy and delicious food,ร้านจำหน่ายอาหาร,กะลุวอเหนือ,เมืองนราธิวาส,นราธิวาส,SAN,2025-06-06,ไม่ผ่านเกณฑ์
ร้านมาอะห์,ร้านจำหน่ายอาหาร,ศาลาใหม่,ตากใบ,นราธิวาส,SAN,2025-05-01,รับรอง
ร้านมานิง ศาลาใหม่,ร้านจำหน่ายอาหาร,ศาลาใหม่,ตากใบ,นราธิวาส,SAN,2025-05-01,รับรอง
ร้านกะดะห์ตามสั่ง,ร้านจำหน่ายอาหาร,ศาลาใหม่,ตากใบ,นราธิวาส,SAN,2025-05-06,รับรอง
ร้าน U-TURN ,ร้านจำหน่ายอาหาร,ศาลาใหม่,ตากใบ,นราธิวาส,SAN,2025-05-01,รับรอง
ร้านกะละห์โภชนา,ร้านจำหน่ายอาหาร,ศาลาใหม่,ตากใบ,นราธิวาส,SAN,2025-05-01,รับรอง
ร้านกะด๊ะ,ร้านจำหน่ายอาหาร,ศาลาใหม่,ตากใบ,นราธิวาส,SAN,2025-08-25,ไม่ผ่านเกณฑ์
ร้านกะฮัน - แบลี,ร้านจำหน่ายอาหาร,ศาลาใหม่,ตากใบ,นราธิวาส,SAN,2025-08-20,ไม่ผ่านเกณฑ์
ร้านเตี๋ยวเรือฮาฟีญา,ร้านจำหน่ายอาหาร,ศาลาใหม่,ตากใบ,นราธิวาส,SAN,2025-08-21,ไม่ผ่านเกณฑ์
ร้าน Fitree tomyam,ร้านจำหน่ายอาหาร,ศาลาใหม่,ตากใบ,นราธิวาส,SAN,2025-08-25,ไม่ผ่านเกณฑ์
ร้านข้าวแกงศาลาเชือก,ร้านจำหน่ายอาหาร,ศาลาใหม่,ตากใบ,นราธิวาส,SAN,2025-08-25,ไม่ผ่านเกณฑ์
ร้านโรตี & ชา,ร้านจำหน่ายอาหาร,ศาลาใหม่,ตากใบ,นราธิวาส,SAN,2025-08-25,ไม่ผ่านเกณฑ์
ร้านก๋วยเตียวฮุสณา,ร้านจำหน่ายอาหาร,ศาลาใหม่,ตากใบ,นราธิวาส,SAN,2025-05-02,รับรอง
ร้านกะดะห์ตามสั่ง,ร้านจำหน่ายอาหาร,ศาลาใหม่,ตากใบ,นราธิวาส,SAN,2025-05-02,รับรอง
ร้านม่วงใหญ่ โคกมะเฟือง,สวนอาหาร,ศาลาใหม่,ตากใบ,นราธิวาส,SAN,2025-06-04,รับรอง
ร้านราโคกมะเฟือง,สวนอาหาร,ศาลาใหม่,ตากใบ,นราธิวาส,SAN,2025-08-25,ไม่ผ่านเกณฑ์
ร้านกะปะห์ปูลาเจ๊ะมูดอ,ร้านจำหน่ายอาหาร,ศาลาใหม่,ตากใบ,นราธิวาส,SAN,2025-08-25,ไม่ผ่านเกณฑ์
ร้านมาอะห์,ร้านจำหน่ายอาหาร,ศาลาใหม่,ตากใบ,นราธิวาส,SAN,2025-08-25,ไม่ผ่านเกณฑ์
ร้านก๋วยเตียวสูตรโบราณ,ร้านจำหน่ายอาหาร,ศาลาใหม่,ตากใบ,นราธิวาส,SAN,2025-08-25,ไม่ผ่านเกณฑ์
