name,type,subdistrict,district,province,standard,approve_date,status
BLueBird Brasserie,ร้านจำหน่ายอาหาร,อาเนาะรู,เมืองปัตตานี,ปัตตานี,SAN,2025-07-30,รับรอง
ร้านเมาะซูซุปช่อมาลี,ร้านจำหน่ายอาหาร,จะบังติกอ,เมืองปัตตานี,ปัตตานี,SAN PLUS,2025-06-11,รับรอง
ร้านมาอัฟ,ร้านจำหน่ายอาหาร,จะบังติกอ,เมืองปัตตานี,ปัตตานี,SAN PLUS,2024-12-06,รับรอง
ร้านระฟ้า ฮาลาล ปัตตานี,ร้านจำหน่ายอาหาร,จะบังติกอ,เมืองปัตตานี,ปัตตานี,SAN PLUS,2025-06-16,รับรอง
กะเยาะห์ ก๋วยเตี๋ยว,ร้านจำหน่ายอาหาร,จะบังติกอ,เมืองปัตตานี,ปัตตานี,SAN PLUS,2025-04-17,รับรอง
ภาเจริญ,ร้านจำหน่ายอาหาร,อาเนาะรู,เมืองปัตตานี,ปัตตานี,SAN,2024-03-06,ไม่ผ่านเกณฑ์
ครัวกูบาฮา1,ร้านจำหน่ายอาหาร,จะบังติกอ,เมืองปัตตานี,ปัตตานี,SAN,2024-10-02,รับรอง
PATTANIAN,ร้านจำหน่ายอาหาร,สะบารัง,เมืองปัตตานี,ปัตตานี,SAN,2024-10-18,ไม่ผ่านเกณฑ์
นำ้เเข็งใสเกียดา,ร้านจำหน่ายอาหาร,จะบังติกอ,เมืองปัตตานี,ปัตตานี,SAN,2023-05-10,ไม่ผ่านเกณฑ์
นภาสุกี้,ร้านจำหน่ายอาหาร,สะบารัง,เมืองปัตตานี,ปัตตานี,SAN,2024-12-20,ไม่ผ่านเกณฑ์
ขนมจีนคาเฟ่,ร้านจำหน่ายอาหาร,สะบารัง,เมืองปัตตานี,ปัตตานี,SAN,2025-02-28,รับรอง
 ก๋วยเตี๋ยวเรือ ป.ประทีป,ร้านจำหน่ายอาหาร,สะบารัง,เมืองปัตตานี,ปัตตานี,SAN,2025-02-28,รับรอง
เมืองคอน,ร้านจำหน่ายอาหาร,สะบารัง,เมืองปัตตานี,ปัตตานี,SAN,2023-05-12,ไม่ผ่านเกณฑ์
tist makan,ร้านจำหน่ายอาหาร,สะบารัง,เมืองปัตตานี,ปัตตานี,SAN,2025-05-06,รับรอง
เดอะเบดเฮาส์,ร้านจำหน่ายอาหาร,สะบารัง,เมืองปัตตานี,ปัตตานี,SAN,2025-04-30,รับรอง
97 space,ร้านจำหน่ายอาหาร,สะบารัง,เมืองปัตตานี,ปัตตานี,SAN,2023-05-12,ไม่ผ่านเกณฑ์
snap,ร้านจำหน่ายอาหาร,อาเนาะรู,เมืองปัตตานี,ปัตตานี,SAN,2025-07-01,รับรอง
ร้านฟีน่า,ร้านจำหน่ายอาหาร,มายอ,มายอ,ปัตตานี,SAN,2025-06-25,รับรอง
กาลครั้งหนึ่งคาเฟ่,ร้านจำหน่ายอาหาร,อาเนาะรู,เมืองปัตตานี,ปัตตานี,SAN,2024-12-20,ไม่ผ่านเกณฑ์
มิตรไมตรี,ร้านจำหน่ายอาหาร,สะบารัง,เมืองปัตตานี,ปัตตานี,SAN,2024-11-19,ไม่ผ่านเกณฑ์
กาลครั้งหนึ่ง,ร้านจำหน่ายอาหาร,อาเนาะรู,เมืองปัตตานี,ปัตตานี,SAN,2024-03-18,ไม่ผ่านเกณฑ์
บ้านดาหลา,ร้านจำหน่ายอาหาร,จะบังติกอ,เมืองปัตตานี,ปัตตานี,SAN,2024-09-03,ไม่ผ่านเกณฑ์
คำเป้ง,ร้านจำหน่ายอาหาร,สะบารัง,เมืองปัตตานี,ปัตตานี,SAN,2025-01-09,รับรอง
ครัวบังโซ๊ะ,ร้านจำหน่ายอาหาร,สะบารัง,เมืองปัตตานี,ปัตตานี,SAN,2024-10-16,ไม่ผ่านเกณฑ์
ส้มตำยอดแก้ว,ร้านจำหน่ายอาหาร,สะบารัง,เมืองปัตตานี,ปัตตานี,SAN,2024-10-16,ไม่ผ่านเกณฑ์
คุณชายขาหมู,ร้านจำหน่ายอาหาร,สะบารัง,เมืองปัตตานี,ปัตตานี,SAN,2023-09-06,ไม่ผ่านเกณฑ์
มุสลิมบำรุง,ร้านจำหน่ายอาหาร,สะบารัง,เมืองปัตตานี,ปัตตานี,SAN,2023-09-06,ไม่ผ่านเกณฑ์
ครัวกูบาฮา2,ร้านจำหน่ายอาหาร,สะบารัง,เมืองปัตตานี,ปัตตานี,SAN,2023-09-06,ไม่ผ่านเกณฑ์
ซันก้ามปู,ร้านจำหน่ายอาหาร,สะบารัง,เมืองปัตตานี,ปัตตานี,SAN,2025-07-04,รับรอง
แบเฮงราชาไก่ทอด,ร้านจำหน่ายอาหาร,สะบารัง,เมืองปัตตานี,ปัตตานี,SAN,2023-09-06,ไม่ผ่านเกณฑ์
ต้นชา,ร้านจำหน่ายอาหาร,สะบารัง,เมืองปัตตานี,ปัตตานี,SAN,2024-09-09,รับรอง
ภัตตาคารจงอา,ศูนย์อาหาร,อาเนาะรู,เมืองปัตตานี,ปัตตานี,SAN,2024-09-09,รับรอง
ขนมจีนเส้นสด,ร้านจำหน่ายอาหาร,อาเนาะรู,เมืองปัตตานี,ปัตตานี,SAN,2025-01-02,รับรอง
กะมาข้าวยำราชา,ร้านจำหน่ายอาหาร,อาเนาะรู,เมืองปัตตานี,ปัตตานี,SAN,2024-10-15,รับรอง
สถานีย่างเนย,ร้านจำหน่ายอาหาร,สะบารัง,เมืองปัตตานี,ปัตตานี,SAN,2023-09-07,ไม่ผ่านเกณฑ์
All Good Coffee &Bakery,ร้านเครื่องดื่ม,อาเนาะรู,เมืองปัตตานี,ปัตตานี,SAN PLUS,2024-10-08,รับรอง
อะยัมบัง,ร้านจำหน่ายอาหาร,จะบังติกอ,เมืองปัตตานี,ปัตตานี,SAN,2024-02-02,ไม่ผ่านเกณฑ์
กะนา โภชนา,ร้านจำหน่ายอาหาร,มะกรูด,โคกโพธิ์,ปัตตานี,SAN,2023-09-21,ไม่ผ่านเกณฑ์
ห้องอาหารไพลิน,ภัตาคาร,สะบารัง,เมืองปัตตานี,ปัตตานี,SAN,2024-09-27,ไม่ผ่านเกณฑ์
โรงปี๊ป,ร้านจำหน่ายอาหาร,อาเนาะรู,เมืองปัตตานี,ปัตตานี,SAN,2024-01-22,ไม่ผ่านเกณฑ์
Roti de Forest,ร้านจำหน่ายอาหาร,ตะลุบัน,สายบุรี,ปัตตานี,SAN,2024-09-02,ไม่ผ่านเกณฑ์
นูรชาบู&ปิ้งย่าง ฮาลาลฟู้ด,ร้านจำหน่ายอาหาร,ตะลุบัน,สายบุรี,ปัตตานี,SAN,2025-01-16,ไม่ผ่านเกณฑ์
Dusk Cafe,ร้านจำหน่ายอาหาร,ตะลุบัน,สายบุรี,ปัตตานี,SAN,2025-05-29,รับรอง
HELIX KOFF,ร้านจำหน่ายอาหาร,ตะลุบัน,สายบุรี,ปัตตานี,SAN,2025-04-11,รับรอง
ฟ้าบันดาล,ร้านจำหน่ายอาหาร,ตะลุบัน,สายบุรี,ปัตตานี,SAN,2025-07-22,รับรอง
ก๋วยเตี๋ยวคาริคูลิล,ร้านจำหน่ายอาหาร,ตะลุบัน,สายบุรี,ปัตตานี,SAN,2025-08-15,ไม่ผ่านเกณฑ์
ภัตตาคารลอนดอน,ศูนย์อาหาร,อาเนาะรู,เมืองปัตตานี,ปัตตานี,SAN,2024-03-06,ไม่ผ่านเกณฑ์
สุกี้เจ้บี,ร้านจำหน่ายอาหาร,สะบารัง,เมืองปัตตานี,ปัตตานี,SAN,2024-03-08,ไม่ผ่านเกณฑ์
เจตนากร,ร้านจำหน่ายอาหาร,สะบารัง,เมืองปัตตานี,ปัตตานี,SAN,2024-03-08,ไม่ผ่านเกณฑ์
forget me not,ร้านจำหน่ายอาหาร,อาเนาะรู,เมืองปัตตานี,ปัตตานี,SAN,2024-03-08,ไม่ผ่านเกณฑ์
Deep,ร้านจำหน่ายอาหาร,สะบารัง,เมืองปัตตานี,ปัตตานี,SAN,2024-03-08,ไม่ผ่านเกณฑ์
ริเวอร์,ร้านจำหน่ายอาหาร,สะบารัง,เมืองปัตตานี,ปัตตานี,SAN,2024-03-08,ไม่ผ่านเกณฑ์
เมาะซูซุปช่อมาลี,ร้านจำหน่ายอาหาร,จะบังติกอ,เมืองปัตตานี,ปัตตานี,SAN,2025-07-23,รับรอง
ระฟ้า,ร้านจำหน่ายอาหาร,จะบังติกอ,เมืองปัตตานี,ปัตตานี,SAN,2024-03-19,ไม่ผ่านเกณฑ์
ครัวทะเล,ร้านจำหน่ายอาหาร,ตะลุบัน,สายบุรี,ปัตตานี,SAN,2025-07-03,รับรอง
เมาะซูปาตา,ร้านจำหน่ายอาหาร,ตะลุบัน,สายบุรี,ปัตตานี,SAN,2024-09-09,ไม่ผ่านเกณฑ์
บิสมิลลาห์ หาดวาสุกรี,ร้านจำหน่ายอาหาร,ตะลุบัน,สายบุรี,ปัตตานี,SAN,2024-09-09,ไม่ผ่านเกณฑ์
นิสรีนซีฟู้ด,ร้านจำหน่ายอาหาร,ตะลุบัน,สายบุรี,ปัตตานี,SAN,2025-04-23,รับรอง
ฮะห์สเตชั้น ( วาสุกรีโภชนา ),ร้านจำหน่ายอาหาร,ตะลุบัน,สายบุรี,ปัตตานี,SAN,2024-09-09,ไม่ผ่านเกณฑ์
ร้านดากันเอง,ร้านจำหน่ายอาหาร,ตะลุบัน,สายบุรี,ปัตตานี,SAN,2024-09-09,ไม่ผ่านเกณฑ์
โรตีบ้านใต้,ร้านจำหน่ายอาหาร,ตะลุบัน,สายบุรี,ปัตตานี,SAN,2025-02-04,รับรอง
JUST CAFFEINE ,ร้านจำหน่ายอาหาร,ตะลุบัน,สายบุรี,ปัตตานี,มาตรฐาน SAN,2024-09-02,หมดอายุ
A-day Cafe,ร้านจำหน่ายอาหาร,ตะลุบัน,สายบุรี,ปัตตานี,SAN,2024-09-02,ไม่ผ่านเกณฑ์
หน้าบ้านคาเฟ่,ร้านจำหน่ายอาหาร,ตะลุบัน,สายบุรี,ปัตตานี,SAN,2024-09-02,ไม่ผ่านเกณฑ์
ครัวเพชรจำเนียร,ร้านจำหน่ายอาหาร,ตะลุบัน,สายบุรี,ปัตตานี,SAN,2024-09-02,ไม่ผ่านเกณฑ์
พารา คาเฟ่ PARA CAFE,ร้านจำหน่ายอาหาร,ตะลุบัน,สายบุรี,ปัตตานี,มาตรฐาน SAN,2024-09-09,หมดอายุ
ครัวตาดาญาบิงซู,ร้านจำหน่ายอาหาร,จะบังติกอ,เมืองปัตตานี,ปัตตานี,มาตรฐาน SAN,2024-12-20,หมดอายุ
กะแว-แบลัน 1,ร้านจำหน่ายอาหาร,ตะลุบัน,สายบุรี,ปัตตานี,SAN,2025-01-02,ไม่ผ่านเกณฑ์
ร้านโกพภ,ร้านจำหน่ายอาหาร,ตะลุบัน,สายบุรี,ปัตตานี,SAN,2025-01-16,ไม่ผ่านเกณฑ์
Mama shabu Grill,ร้านบุฟเฟ่ต์ (ปิ้งย่าง/ชาบู/สุกี้),จะบังติกอ,เมืองปัตตานี,ปัตตานี,SAN PLUS,2024-06-30,หมดอายุ
ห้องอาหารไพลิน,ภัตาคาร,สะบารัง,เมืองปัตตานี,ปัตตานี,มาตรฐาน SAN,2025-04-30,หมดอายุ
tist makan,ร้านจำหน่ายอาหาร,สะบารัง,เมืองปัตตานี,ปัตตานี,มาตรฐาน SAN,2025-08-05,หมดอายุ
ร้านบังเฮง,ร้านจำหน่ายอาหาร,รูสะมิแล,เมืองปัตตานี,ปัตตานี,มาตรฐาน SAN,2025-05-07,หมดอายุ
ร้านครัวบังเฮง,ร้านจำหน่ายอาหาร,รูสะมิแล,เมืองปัตตานี,ปัตตานี,มาตรฐาน SAN,2025-05-07,หมดอายุ
กูโรตี ชาชัก,ร้านจำหน่ายอาหาร,รูสะมิแล,เมืองปัตตานี,ปัตตานี,มาตรฐาน SAN,2025-05-07,หมดอายุ
ครัวบังเฮง,ร้านจำหน่ายอาหาร,รูสะมิแล,เมืองปัตตานี,ปัตตานี,มาตรฐาน SAN,2025-05-07,หมดอายุ
ครัวบังเฮง,ร้านจำหน่ายอาหาร,รูสะมิแล,เมืองปัตตานี,ปัตตานี,มาตรฐาน SAN,2025-05-07,หมดอายุ
got to grill,ร้านจำหน่ายอาหาร,รูสะมิแล,เมืองปัตตานี,ปัตตานี,มาตรฐาน SAN,2025-05-07,หมดอายุ
อายัมชอน ปัตตานี,ร้านจำหน่ายอาหาร,รูสะมิแล,เมืองปัตตานี,ปัตตานี,มาตรฐาน SAN,2025-05-07,หมดอายุ
เรือนอีนัว,ร้านจำหน่ายอาหาร,รูสะมิแล,เมืองปัตตานี,ปัตตานี,SAN,2025-05-08,ไม่ผ่านเกณฑ์
At home by saree,ร้านจำหน่ายอาหาร,รูสะมิแล,เมืองปัตตานี,ปัตตานี,SAN,2025-05-08,ไม่ผ่านเกณฑ์
owly cafe @ co,ร้านจำหน่ายอาหาร,รูสะมิแล,เมืองปัตตานี,ปัตตานี,SAN,2025-05-08,ไม่ผ่านเกณฑ์
ร้านไทปัน,ร้านจำหน่ายอาหาร,รูสะมิแล,เมืองปัตตานี,ปัตตานี,SAN,2025-05-08,ไม่ผ่านเกณฑ์
ซูชิคำโต,ร้านจำหน่ายอาหาร,รูสะมิแล,เมืองปัตตานี,ปัตตานี,SAN,2025-05-08,ไม่ผ่านเกณฑ์
ร้านหาดใหญ่ ซาชิมิสาขาปัตตานี,ร้านจำหน่ายอาหาร,รูสะมิแล,เมืองปัตตานี,ปัตตานี,SAN PLUS,2025-07-21,รับรอง
บริษัทลียาฮาลาลฟู้ดส์จำกัด,ร้านจำหน่ายอาหาร,ตะลุโบะ,เมืองปัตตานี,ปัตตานี,SAN,2025-08-04,ไม่ผ่านเกณฑ์
คาเฟ่อเมซอน,ร้านเครื่องดื่ม,ตะลุโบะ,เมืองปัตตานี,ปัตตานี,SAN,2025-08-04,ไม่ผ่านเกณฑ์
น่ำเคียว คาเฟ่,ร้านจำหน่ายอาหาร,อาเนาะรู,เมืองปัตตานี,ปัตตานี,SAN,2025-08-05,ไม่ผ่านเกณฑ์
tist makan,ร้านจำหน่ายอาหาร,สะบารัง,เมืองปัตตานี,ปัตตานี,SAN,2025-08-15,ไม่ผ่านเกณฑ์
ถังถังหม่าล่าทัง  สาขาปัตตานี,ร้านจำหน่ายอาหาร,สะบารัง,เมืองปัตตานี,ปัตตานี,SAN,2025-08-05,ไม่ผ่านเกณฑ์
Black Blood สาขาปัตตานี,ร้านเครื่องดื่ม,สะบารัง,เมืองปัตตานี,ปัตตานี,SAN,2025-04-29,รับรอง
