name,type,subdistrict,district,province,standard,approve_date,status
เรือนชายน้ำ,ร้านจำหน่ายอาหาร,บ้านบ่อ,เมืองสมุทรสาคร,สมุทรสาคร,SAN PLUS,2025-07-07,รับรอง
ท่าเรือภัตตาคาร,ภัตาคาร,มหาชัย,เมืองสมุทรสาคร,สมุทรสาคร,SAN,2025-03-03,ไม่ผ่านเกณฑ์
บริษัท พรีเมี่ยม ไอศครีม จำกัด (ไอศครีม Swensen's),ร้านจำหน่ายอาหาร,คลองมะเดื่อ,กระทุ่มแบน,สมุทรสาคร,SAN,2025-03-21,ไม่ผ่านเกณฑ์
เอเชีย บุฟเฟ่ต์,ร้านบุฟเฟ่ต์ (ปิ้งย่าง/ชาบู/สุกี้),คลองมะเดื่อ,กระทุ่มแบน,สมุทรสาคร,SAN,2024-09-13,ไม่ผ่านเกณฑ์
ข้าวป้านา ลุงโอด,ร้านจำหน่ายอาหาร,กาหลง,เมืองสมุทรสาคร,สมุทรสาคร,SAN,2024-05-14,ไม่ผ่านเกณฑ์
เจ๊วรรณหอยทอด,ร้านจำหน่ายอาหาร,กาหลง,เมืองสมุทรสาคร,สมุทรสาคร,SAN,2024-05-14,ไม่ผ่านเกณฑ์
ป้าติ๊ด,ร้านจำหน่ายอาหาร,กาหลง,เมืองสมุทรสาคร,สมุทรสาคร,มาตรฐาน SAN,2024-05-14,หมดอายุ
อรุณ,ร้านจำหน่ายอาหาร,กาหลง,เมืองสมุทรสาคร,สมุทรสาคร,มาตรฐาน SAN,2024-05-14,หมดอายุ
ร้านนางสาวสุพัตรา  บุญกล่อม,ร้านจำหน่ายอาหาร,กาหลง,เมืองสมุทรสาคร,สมุทรสาคร,มาตรฐาน SAN,2024-05-15,หมดอายุ
ครัวป้าเล็ก,ร้านจำหน่ายอาหาร,กาหลง,เมืองสมุทรสาคร,สมุทรสาคร,มาตรฐาน SAN,2024-05-14,หมดอายุ
เจ๊ใจ,ร้านจำหน่ายอาหาร,กาหลง,เมืองสมุทรสาคร,สมุทรสาคร,SAN,2024-05-14,ไม่ผ่านเกณฑ์
กินกัน,ร้านจำหน่ายอาหาร,กาหลง,เมืองสมุทรสาคร,สมุทรสาคร,มาตรฐาน SAN,2024-05-14,หมดอายุ
ร้านางทัศนีย์  มียอด,ร้านจำหน่ายอาหาร,กาหลง,เมืองสมุทรสาคร,สมุทรสาคร,SAN PLUS,2024-06-13,หมดอายุ
นายปรีชา พุกภักดี,ร้านจำหน่ายอาหาร,กาหลง,เมืองสมุทรสาคร,สมุทรสาคร,มาตรฐาน SAN,2024-05-14,หมดอายุ
โรงอาหาร บมจ.ไทยยูเนี่ยนฟีดมิลล์,โรงอาหาร,กาหลง,เมืองสมุทรสาคร,สมุทรสาคร,มาตรฐาน SAN,2024-05-14,หมดอายุ
ร้านนางสาววระทอง  พากุล,ร้านจำหน่ายอาหาร,กาหลง,เมืองสมุทรสาคร,สมุทรสาคร,มาตรฐาน SAN,2024-05-14,หมดอายุ
ร้านนางสุชาดา  บูรณะศิลปิน,ร้านจำหน่ายอาหาร,กาหลง,เมืองสมุทรสาคร,สมุทรสาคร,มาตรฐาน SAN,2024-05-14,หมดอายุ
โรงอาหาร บจก.อุตสาหกรรมพันท้ายนรสิงห์สินค้าพื้นเมือง,โรงอาหาร,กาหลง,เมืองสมุทรสาคร,สมุทรสาคร,มาตรฐาน SAN,2024-05-14,หมดอายุ
นิวซีแลนด์,ร้านจำหน่ายอาหาร,กาหลง,เมืองสมุทรสาคร,สมุทรสาคร,มาตรฐาน SAN,2024-05-14,หมดอายุ
ส้มตำ ไก่ย่าง วิเชียรบุรี,ร้านจำหน่ายอาหาร,กาหลง,เมืองสมุทรสาคร,สมุทรสาคร,SAN,2025-03-11,รับรอง
แอบอร่อย,ร้านจำหน่ายอาหาร,กาหลง,เมืองสมุทรสาคร,สมุทรสาคร,SAN,2025-03-11,รับรอง
ร้านนางสาวอารี  ศิริ,ร้านจำหน่ายอาหาร,กาหลง,เมืองสมุทรสาคร,สมุทรสาคร,SAN,2025-03-11,รับรอง
ตำริมเล,ร้านจำหน่ายอาหาร,กาหลง,เมืองสมุทรสาคร,สมุทรสาคร,SAN,2025-03-06,รับรอง
ก๋วยเตี๋ยวหมูน้ำแดง,ร้านจำหน่ายอาหาร,กาหลง,เมืองสมุทรสาคร,สมุทรสาคร,SAN,2025-03-06,รับรอง
กะเพราไพเราะ,ร้านจำหน่ายอาหาร,กาหลง,เมืองสมุทรสาคร,สมุทรสาคร,SAN,2025-03-06,รับรอง
ร้านนางสาวสุธรรมมา  แหยมโต,ร้านจำหน่ายอาหาร,กาหลง,เมืองสมุทรสาคร,สมุทรสาคร,SAN,2025-03-06,รับรอง
ร้านนางสาวบรรจง  ชื่นชุ่มแสง,ร้านจำหน่ายอาหาร,กาหลง,เมืองสมุทรสาคร,สมุทรสาคร,SAN PLUS,2025-01-30,รับรอง
ก๋วยเตี๋ยวไก่มะระบุฟเฟ่ต์,ร้านจำหน่ายอาหาร,กาหลง,เมืองสมุทรสาคร,สมุทรสาคร,SAN,2025-04-30,รับรอง
นางสุรางค์รัตน์  โทนเดี่ยว,ร้านจำหน่ายอาหาร,กาหลง,เมืองสมุทรสาคร,สมุทรสาคร,มาตรฐาน SAN,2024-05-15,หมดอายุ
โรงอาหาร บริษัทแคล-คอมพ์ อีเล็คโทรนิกส์ (ประเทศไทย) จำกัด (มหาชน),โรงอาหาร,คลองมะเดื่อ,กระทุ่มแบน,สมุทรสาคร,มาตรฐาน SAN,2024-06-27,หมดอายุ
เดอะพิซซ่า คอมปะนี สาขา ปตท. อ้อมน้อย เศรษฐกิจ,ร้านจำหน่ายอาหาร,คลองมะเดื่อ,กระทุ่มแบน,สมุทรสาคร,SAN,2024-09-16,ไม่ผ่านเกณฑ์
ป้าเพ็ญ อาหารคามสั่ง,ร้านจำหน่ายอาหาร,โคกขาม,เมืองสมุทรสาคร,สมุทรสาคร,SAN,2025-07-11,รับรอง
ครัวเจ้หมึก,สวนอาหาร,โคกขาม,เมืองสมุทรสาคร,สมุทรสาคร,SAN,2025-07-21,รับรอง
ร้านสาลินแซ่บ,ร้านจำหน่ายอาหาร,โคกขาม,เมืองสมุทรสาคร,สมุทรสาคร,มาตรฐาน SAN,2025-03-24,หมดอายุ
ครัวต้นเตย,สวนอาหาร,โคกขาม,เมืองสมุทรสาคร,สมุทรสาคร,มาตรฐาน SAN,2025-06-06,หมดอายุ
ข้าวมันไก่แม่ประนอม (เบญจทรัพย์),ร้านจำหน่ายอาหาร,โคกขาม,เมืองสมุทรสาคร,สมุทรสาคร,มาตรฐาน SAN,2025-03-24,หมดอายุ
Between Coffee Roaster ,ร้านเครื่องดื่ม,โคกขาม,เมืองสมุทรสาคร,สมุทรสาคร,SAN,2025-03-24,ไม่ผ่านเกณฑ์
Black Canyon Coffee & Eatery,ร้านจำหน่ายอาหาร,โคกขาม,เมืองสมุทรสาคร,สมุทรสาคร,SAN,2025-03-24,ไม่ผ่านเกณฑ์
MEZZO,ร้านจำหน่ายอาหาร,โคกขาม,เมืองสมุทรสาคร,สมุทรสาคร,มาตรฐาน SAN,2025-03-24,หมดอายุ
งมงาย By ยายกี๋,สวนอาหาร,โคกขาม,เมืองสมุทรสาคร,สมุทรสาคร,SAN,2025-03-24,ไม่ผ่านเกณฑ์
SHABU  CHAIN,ร้านบุฟเฟ่ต์ (ปิ้งย่าง/ชาบู/สุกี้),โคกขาม,เมืองสมุทรสาคร,สมุทรสาคร,SAN,2025-03-24,ไม่ผ่านเกณฑ์
Seoul Station Korean Restaurant,ร้านจำหน่ายอาหาร,โคกขาม,เมืองสมุทรสาคร,สมุทรสาคร,SAN,2025-03-24,ไม่ผ่านเกณฑ์
Friendlybean,ร้านจำหน่ายอาหาร,โคกขาม,เมืองสมุทรสาคร,สมุทรสาคร,SAN,2025-03-24,ไม่ผ่านเกณฑ์
งมงาย By ยายกี๋,สวนอาหาร,โคกขาม,เมืองสมุทรสาคร,สมุทรสาคร,SAN,2025-05-19,ไม่ผ่านเกณฑ์
ร้านอาหารครัวลุงญา,ร้านจำหน่ายอาหาร,พันท้ายนรสิงห์,เมืองสมุทรสาคร,สมุทรสาคร,SAN,2024-09-11,รับรอง
ครัววาสนา,ร้านจำหน่ายอาหาร,บางกระเจ้า,เมืองสมุทรสาคร,สมุทรสาคร,SAN,2024-09-19,รับรอง
โรงพยาบาลมหาชัย,ศูนย์อาหาร,มหาชัย,เมืองสมุทรสาคร,สมุทรสาคร,SAN,2025-06-04,ไม่ผ่านเกณฑ์
     บริษัท ไนโตรเคมีอุตสาหกรรม จำกัด,โรงอาหาร,บางโทรัด,เมืองสมุทรสาคร,สมุทรสาคร,SAN,2025-06-10,ไม่ผ่านเกณฑ์
ครัวต้นเตย,สวนอาหาร,โคกขาม,เมืองสมุทรสาคร,สมุทรสาคร,SAN,2025-06-09,ไม่ผ่านเกณฑ์
ร้านอาหาร ครัวในวัง,ร้านจำหน่ายอาหาร,บางกระเจ้า,เมืองสมุทรสาคร,สมุทรสาคร,SAN,2024-10-31,รับรอง
โรงครัว (รพ.เอกชัย) / โรงอาหาร (รพ.เอกชัย),โรงอาหาร,โคกขาม,เมืองสมุทรสาคร,สมุทรสาคร,SAN,2025-06-11,ไม่ผ่านเกณฑ์
ครัวลุงอัน,ร้านจำหน่ายอาหาร,บ้านบ่อ,เมืองสมุทรสาคร,สมุทรสาคร,SAN,2025-06-16,ไม่ผ่านเกณฑ์
ศูนย์การค้าน้ำพุพลาซ่า,ศูนย์อาหาร,มหาชัย,เมืองสมุทรสาคร,สมุทรสาคร,SAN,2025-06-26,รับรอง
โรงพยาบาลมหาชัย 2 ,ร้านจำหน่ายอาหาร,อ้อมน้อย,กระทุ่มแบน,สมุทรสาคร,SAN,2025-01-03,รับรอง
บริษัท หยั่น หว่อ หยุ่น จำกัด,โรงอาหาร,ท่าจีน,เมืองสมุทรสาคร,สมุทรสาคร,SAN,2025-01-16,รับรอง
โรงพยาบาลวิชัยเวชอินเตอร์เนชั่นแนลสมุทรสาคร,โรงอาหาร,ท่าทราย,เมืองสมุทรสาคร,สมุทรสาคร,SAN,2025-03-20,รับรอง
ร้านสุดแซ่บ,ร้านจำหน่ายอาหาร,อ้อมน้อย,กระทุ่มแบน,สมุทรสาคร,SAN,2025-08-20,ไม่ผ่านเกณฑ์
