name,type,subdistrict,district,province,standard,approve_date,status
ร้านอาหารสีกุก,ร้านจำหน่ายอาหาร,พระขาว,บางบาล,พระนครศรีอยุธยา,มาตรฐาน SAN,2023-07-11,หมดอายุ
ร้านบ้านไม้ริมน้ำ,ร้านจำหน่ายอาหาร,ประตูชัย,พระนครศรีอยุธยา,พระนครศรีอยุธยา,มาตรฐาน SAN,2023-07-11,หมดอายุ
ร้านอาหารไทรทอง ,ร้านจำหน่ายอาหาร,ประตูชัย,พระนครศรีอยุธยา,พระนครศรีอยุธยา,SAN,2023-07-11,ไม่ผ่านเกณฑ์
ร้านอาหารเดอริว่า อโยธยา,ร้านจำหน่ายอาหาร,ประตูชัย,พระนครศรีอยุธยา,พระนครศรีอยุธยา,SAN PLUS,2025-01-30,รับรอง
ร้านอาหารบ้านป้อมเพชร,ร้านจำหน่ายอาหาร,ประตูชัย,พระนครศรีอยุธยา,พระนครศรีอยุธยา,SAN PLUS,2025-01-30,รับรอง
บริษัท โอลิค ประเทศไทย จำกัด,โรงอาหาร,บางกระสั้น,บางปะอิน,พระนครศรีอยุธยา,SAN,2023-07-12,ไม่ผ่านเกณฑ์
บริษัท ฮานาเซมิคอนดักเตอร์ (อยุธยา) จำกัด,โรงอาหาร,บ้านเลน,บางปะอิน,พระนครศรีอยุธยา,SAN,2023-07-12,ไม่ผ่านเกณฑ์
บริษัท มินิแบ บ้านหว้า,โรงอาหาร,บ้านเลน,บางปะอิน,พระนครศรีอยุธยา,SAN,2025-01-02,รับรอง
บริษัท แมกนิคอมพ์ พรีซิชั่น เทคโนโลยี จำกัด (มหาชน),โรงอาหาร,ลำไทร,วังน้อย,พระนครศรีอยุธยา,SAN,2023-09-16,ไม่ผ่านเกณฑ์
แม่แคล้ว,ร้านจำหน่ายอาหาร,ไผ่ลิง,พระนครศรีอยุธยา,พระนครศรีอยุธยา,SAN,2025-01-02,รับรอง
ร้านเบริด์,ร้านจำหน่ายอาหาร,ไผ่ลิง,พระนครศรีอยุธยา,พระนครศรีอยุธยา,SAN,2025-01-02,รับรอง
ก๋วยเตี๋ยวไก่ฉีกป้าภา,ร้านจำหน่ายอาหาร,ไผ่ลิง,พระนครศรีอยุธยา,พระนครศรีอยุธยา,SAN,2025-01-02,รับรอง
บ้านพิมพ์,ร้านจำหน่ายอาหาร,ไผ่ลิง,พระนครศรีอยุธยา,พระนครศรีอยุธยา,SAN,2025-01-02,รับรอง
ก๋วยเตี๋ยวหมูต้มยำเฮียชาติ,ร้านจำหน่ายอาหาร,ไผ่ลิง,พระนครศรีอยุธยา,พระนครศรีอยุธยา,SAN,2025-05-19,รับรอง
แกงใต้ หน้าวัง สาขา 2,ร้านจำหน่ายอาหาร,ไผ่ลิง,พระนครศรีอยุธยา,พระนครศรีอยุธยา,SAN,2025-01-02,รับรอง
ตำหนักแก้ว,ร้านจำหน่ายอาหาร,ไผ่ลิง,พระนครศรีอยุธยา,พระนครศรีอยุธยา,SAN,2024-09-09,รับรอง
ขนมจีนต้นก้ามปู,ร้านจำหน่ายอาหาร,ไผ่ลิง,พระนครศรีอยุธยา,พระนครศรีอยุธยา,SAN PLUS,2025-06-04,รับรอง
Shinsen,ร้านจำหน่ายอาหาร,ไผ่ลิง,พระนครศรีอยุธยา,พระนครศรีอยุธยา,SAN,2024-09-09,รับรอง
เอ็กซ์บีพ,ร้านจำหน่ายอาหาร,ไผ่ลิง,พระนครศรีอยุธยา,พระนครศรีอยุธยา,SAN,2025-01-21,รับรอง
ครัวแม่มุ่ย,ร้านจำหน่ายอาหาร,ไผ่ลิง,พระนครศรีอยุธยา,พระนครศรีอยุธยา,SAN,2023-09-29,ไม่ผ่านเกณฑ์
โอมอาร์ม,ร้านจำหน่ายอาหาร,ไผ่ลิง,พระนครศรีอยุธยา,พระนครศรีอยุธยา,มาตรฐาน SAN,2023-09-29,หมดอายุ
ต้มเลือดหมู โคตรอร่อย,ร้านจำหน่ายอาหาร,ไผ่ลิง,พระนครศรีอยุธยา,พระนครศรีอยุธยา,SAN,2023-09-29,ไม่ผ่านเกณฑ์
ครัวเมืองช้าง,ร้านจำหน่ายอาหาร,ไผ่ลิง,พระนครศรีอยุธยา,พระนครศรีอยุธยา,SAN,2023-09-29,ไม่ผ่านเกณฑ์
เกรท สเต็ก,อื่นๆ,ไผ่ลิง,พระนครศรีอยุธยา,พระนครศรีอยุธยา,SAN,2023-09-29,ไม่ผ่านเกณฑ์
ร้านป้านง ตามสั่ง,ร้านจำหน่ายอาหาร,ไผ่ลิง,พระนครศรีอยุธยา,พระนครศรีอยุธยา,SAN,2023-09-29,ไม่ผ่านเกณฑ์
ครัวคุณต่าย,ร้านจำหน่ายอาหาร,ไผ่ลิง,พระนครศรีอยุธยา,พระนครศรีอยุธยา,SAN,2025-01-31,รับรอง
ร้านป้าติ๋ม ตามสั่ง,ร้านจำหน่ายอาหาร,ไผ่ลิง,พระนครศรีอยุธยา,พระนครศรีอยุธยา,SAN,2025-01-31,รับรอง
ก๋วยเตี๋ยวในคลอง อยุธยา,ร้านจำหน่ายอาหาร,ไผ่ลิง,พระนครศรีอยุธยา,พระนครศรีอยุธยา,SAN,2023-10-08,ไม่ผ่านเกณฑ์
มื้อพิเศษ,ร้านจำหน่ายอาหาร,ไผ่ลิง,พระนครศรีอยุธยา,พระนครศรีอยุธยา,SAN,2025-01-31,รับรอง
ริพวิ่งรูม,ร้านจำหน่ายอาหาร,ไผ่ลิง,พระนครศรีอยุธยา,พระนครศรีอยุธยา,SAN,2025-01-31,รับรอง
ขนมจีนบ้านประไพ,ร้านจำหน่ายอาหาร,ไผ่ลิง,พระนครศรีอยุธยา,พระนครศรีอยุธยา,SAN,2023-10-08,ไม่ผ่านเกณฑ์
สเตเดี้ยม อโยธยา,อื่นๆ,ไผ่ลิง,พระนครศรีอยุธยา,พระนครศรีอยุธยา,SAN,2025-01-31,รับรอง
ตุ๊กเย็นตาโฟ,ร้านจำหน่ายอาหาร,ไผ่ลิง,พระนครศรีอยุธยา,พระนครศรีอยุธยา,SAN,2025-01-31,รับรอง
ก๋วยเตี๋ยวเรือ นายอ๊อฟ,อื่นๆ,ไผ่ลิง,พระนครศรีอยุธยา,พระนครศรีอยุธยา,SAN,2025-01-31,รับรอง
บุพเฟ่ต์ ชาบูอินฟินิตี้,ร้านจำหน่ายอาหาร,ไผ่ลิง,พระนครศรีอยุธยา,พระนครศรีอยุธยา,SAN,2025-01-31,รับรอง
ครัวลุงตุ๊ก วัดพระญาติ,อื่นๆ,ไผ่ลิง,พระนครศรีอยุธยา,พระนครศรีอยุธยา,SAN,2025-07-23,รับรอง
เอียงชาม จานด่วน,ร้านจำหน่ายอาหาร,ไผ่ลิง,พระนครศรีอยุธยา,พระนครศรีอยุธยา,SAN,2025-01-31,รับรอง
ครัวแม่เจริญ,ร้านจำหน่ายอาหาร,ไผ่ลิง,พระนครศรีอยุธยา,พระนครศรีอยุธยา,SAN,2025-01-31,รับรอง
เดอะเทอร์เรส,ร้านจำหน่ายอาหาร,ไผ่ลิง,พระนครศรีอยุธยา,พระนครศรีอยุธยา,SAN,2025-01-31,รับรอง
ร้านอยากรวย,ร้านจำหน่ายอาหาร,ไผ่ลิง,พระนครศรีอยุธยา,พระนครศรีอยุธยา,SAN,2025-01-31,รับรอง
คำปัน,ร้านจำหน่ายอาหาร,ไผ่ลิง,พระนครศรีอยุธยา,พระนครศรีอยุธยา,SAN,2023-10-08,ไม่ผ่านเกณฑ์
เดอะแรบบิทคาเฟ่,ร้านจำหน่ายอาหาร,ไผ่ลิง,พระนครศรีอยุธยา,พระนครศรีอยุธยา,SAN,2023-10-08,ไม่ผ่านเกณฑ์
ป้าแขก ตามสั่ง,ร้านจำหน่ายอาหาร,ไผ่ลิง,พระนครศรีอยุธยา,พระนครศรีอยุธยา,SAN,2023-10-08,ไม่ผ่านเกณฑ์
เอลิเซ่,ร้านจำหน่ายอาหาร,ไผ่ลิง,พระนครศรีอยุธยา,พระนครศรีอยุธยา,SAN,2023-10-08,ไม่ผ่านเกณฑ์
ฉวนล่าหม้อไฟ สาขาสนามกีฬา,ร้านจำหน่ายอาหาร,ไผ่ลิง,พระนครศรีอยุธยา,พระนครศรีอยุธยา,SAN,2023-10-08,ไม่ผ่านเกณฑ์
หมูทอดชูใจ,ร้านจำหน่ายอาหาร,ไผ่ลิง,พระนครศรีอยุธยา,พระนครศรีอยุธยา,SAN,2024-09-16,รับรอง
TENZEN,ร้านจำหน่ายอาหาร,ไผ่ลิง,พระนครศรีอยุธยา,พระนครศรีอยุธยา,SAN,2023-10-08,ไม่ผ่านเกณฑ์
ก๋วยเตี๋ยววัดใหญ๋,ร้านจำหน่ายอาหาร,ไผ่ลิง,พระนครศรีอยุธยา,พระนครศรีอยุธยา,SAN,2023-10-08,ไม่ผ่านเกณฑ์
"ก๋วยเตี๋ยวเรือวัดใหญ่""วัดใหญ่ไก่ฉีก ดาบโรจน์""",ร้านจำหน่ายอาหาร,ไผ่ลิง,พระนครศรีอยุธยา,พระนครศรีอยุธยา,SAN,2023-10-08,ไม่ผ่านเกณฑ์
ก๋วยเตี๋ยวมหาดไทย,ร้านจำหน่ายอาหาร,ไผ่ลิง,พระนครศรีอยุธยา,พระนครศรีอยุธยา,SAN,2023-10-08,ไม่ผ่านเกณฑ์
ข้าวมันไก่นายชัย,ร้านจำหน่ายอาหาร,ไผ่ลิง,พระนครศรีอยุธยา,พระนครศรีอยุธยา,SAN,2023-10-08,ไม่ผ่านเกณฑ์
ก๋วยเตี๋ยวซินเฮง,ร้านจำหน่ายอาหาร,ไผ่ลิง,พระนครศรีอยุธยา,พระนครศรีอยุธยา,SAN,2023-10-08,ไม่ผ่านเกณฑ์
ยักษ์ใหญ่ลูกชิ้น,ร้านจำหน่ายอาหาร,ไผ่ลิง,พระนครศรีอยุธยา,พระนครศรีอยุธยา,SAN,2023-10-08,ไม่ผ่านเกณฑ์
ชิมก่อนปรุง,ร้านจำหน่ายอาหาร,ไผ่ลิง,พระนครศรีอยุธยา,พระนครศรีอยุธยา,SAN,2023-10-08,ไม่ผ่านเกณฑ์
ข้าวต้มปลาเก๋าใหญ่,ร้านจำหน่ายอาหาร,ไผ่ลิง,พระนครศรีอยุธยา,พระนครศรีอยุธยา,SAN,2023-10-08,ไม่ผ่านเกณฑ์
โกตัน,ร้านจำหน่ายอาหาร,ไผ่ลิง,พระนครศรีอยุธยา,พระนครศรีอยุธยา,SAN,2023-10-08,ไม่ผ่านเกณฑ์
เฮงเจริญ ติ่มซำ,ร้านจำหน่ายอาหาร,ไผ่ลิง,พระนครศรีอยุธยา,พระนครศรีอยุธยา,SAN,2023-10-08,ไม่ผ่านเกณฑ์
ก๋วยเตี๋ยวคุณนุ่น,ร้านจำหน่ายอาหาร,ไผ่ลิง,พระนครศรีอยุธยา,พระนครศรีอยุธยา,SAN,2023-10-08,ไม่ผ่านเกณฑ์
ครัวไก่แอนด์เรียม,ร้านจำหน่ายอาหาร,ไผ่ลิง,พระนครศรีอยุธยา,พระนครศรีอยุธยา,SAN,2023-10-08,ไม่ผ่านเกณฑ์
ขาหมูจุฬา,ร้านจำหน่ายอาหาร,ไผ่ลิง,พระนครศรีอยุธยา,พระนครศรีอยุธยา,SAN,2023-10-08,ไม่ผ่านเกณฑ์
ข้าวต้มหยก,ร้านจำหน่ายอาหาร,ไผ่ลิง,พระนครศรีอยุธยา,พระนครศรีอยุธยา,SAN,2023-10-08,ไม่ผ่านเกณฑ์
ครัว 8,ร้านจำหน่ายอาหาร,ไผ่ลิง,พระนครศรีอยุธยา,พระนครศรีอยุธยา,SAN,2023-10-08,ไม่ผ่านเกณฑ์
นิตยา ผัดไทย หอยทอด,ร้านจำหน่ายอาหาร,ไผ่ลิง,พระนครศรีอยุธยา,พระนครศรีอยุธยา,SAN,2023-10-08,ไม่ผ่านเกณฑ์
อ้อมข้าวต้มปลากระพง,ร้านจำหน่ายอาหาร,ไผ่ลิง,พระนครศรีอยุธยา,พระนครศรีอยุธยา,SAN,2023-10-08,ไม่ผ่านเกณฑ์
ตามสั่ง,ร้านจำหน่ายอาหาร,ไผ่ลิง,พระนครศรีอยุธยา,พระนครศรีอยุธยา,SAN,2023-10-08,ไม่ผ่านเกณฑ์
กะเพราแดง อยุธยา,ร้านจำหน่ายอาหาร,ไผ่ลิง,พระนครศรีอยุธยา,พระนครศรีอยุธยา,SAN,2023-10-08,ไม่ผ่านเกณฑ์
บอกต่อ,ร้านจำหน่ายอาหาร,ไผ่ลิง,พระนครศรีอยุธยา,พระนครศรีอยุธยา,SAN,2023-10-08,ไม่ผ่านเกณฑ์
ส้มตำ ไก่ย่าง,ร้านจำหน่ายอาหาร,ไผ่ลิง,พระนครศรีอยุธยา,พระนครศรีอยุธยา,SAN,2023-10-08,ไม่ผ่านเกณฑ์
ร้านกวนอิมเจ,ร้านจำหน่ายอาหาร,ไผ่ลิง,พระนครศรีอยุธยา,พระนครศรีอยุธยา,SAN,2023-10-08,ไม่ผ่านเกณฑ์
กาแฟเมืองกระบี่,ร้านจำหน่ายอาหาร,ไผ่ลิง,พระนครศรีอยุธยา,พระนครศรีอยุธยา,SAN,2023-10-08,ไม่ผ่านเกณฑ์
ไจแอ้นท์,ร้านจำหน่ายอาหาร,ไผ่ลิง,พระนครศรีอยุธยา,พระนครศรีอยุธยา,มาตรฐาน SAN,2023-10-08,หมดอายุ
เลิฟ สเต็ก,ร้านจำหน่ายอาหาร,ไผ่ลิง,พระนครศรีอยุธยา,พระนครศรีอยุธยา,SAN,2023-10-08,ไม่ผ่านเกณฑ์
โอปอร์,ร้านจำหน่ายอาหาร,ไผ่ลิง,พระนครศรีอยุธยา,พระนครศรีอยุธยา,มาตรฐาน SAN,2023-10-08,หมดอายุ
บ้านสเต็กยกกำลัง3,ร้านจำหน่ายอาหาร,ไผ่ลิง,พระนครศรีอยุธยา,พระนครศรีอยุธยา,SAN,2023-10-08,ไม่ผ่านเกณฑ์
เจ้น้อย,ร้านจำหน่ายอาหาร,คลองสวนพลู,พระนครศรีอยุธยา,พระนครศรีอยุธยา,SAN,2023-10-08,ไม่ผ่านเกณฑ์
ข้าวแกง กรุงศรี,ร้านจำหน่ายอาหาร,คลองสวนพลู,พระนครศรีอยุธยา,พระนครศรีอยุธยา,SAN,2023-10-08,ไม่ผ่านเกณฑ์
ติดลมหมูกะทะ,ร้านจำหน่ายอาหาร,คลองสวนพลู,พระนครศรีอยุธยา,พระนครศรีอยุธยา,SAN,2023-10-08,ไม่ผ่านเกณฑ์
ติดมันส์,ร้านจำหน่ายอาหาร,คลองสวนพลู,พระนครศรีอยุธยา,พระนครศรีอยุธยา,SAN,2023-10-08,ไม่ผ่านเกณฑ์
พระนคร กะเพราถาด,ร้านจำหน่ายอาหาร,คลองสวนพลู,พระนครศรีอยุธยา,พระนครศรีอยุธยา,SAN,2023-10-08,ไม่ผ่านเกณฑ์
บียำเซ่,ร้านจำหน่ายอาหาร,คลองสวนพลู,พระนครศรีอยุธยา,พระนครศรีอยุธยา,SAN,2023-10-08,ไม่ผ่านเกณฑ์
ราชาปากหม้อ,ร้านจำหน่ายอาหาร,คลองสวนพลู,พระนครศรีอยุธยา,พระนครศรีอยุธยา,SAN,2023-10-08,ไม่ผ่านเกณฑ์
สามออ ก๋วยเตี๋ยวบุพเฟ่ต์,ร้านจำหน่ายอาหาร,คลองสวนพลู,พระนครศรีอยุธยา,พระนครศรีอยุธยา,SAN,2025-02-28,รับรอง
บริษัท สวารอฟสกี้ แมนูแฟคเจอริ่ง (ประเทศไทย) จำกัด,อื่นๆ,บ้านเลน,บางปะอิน,พระนครศรีอยุธยา,SAN,2024-01-14,ไม่ผ่านเกณฑ์
เป็ดพระโล้แม่ลา,ร้านจำหน่ายอาหาร,บางพระครู,นครหลวง,พระนครศรีอยุธยา,SAN,2025-04-29,รับรอง
ร้านก๋วยเตี๋ยวเรือขุนเดช,ร้านจำหน่ายอาหาร,แม่ลา,นครหลวง,พระนครศรีอยุธยา,SAN,2025-04-29,รับรอง
ร้านอาหารน้องนุช,ร้านจำหน่ายอาหาร,แม่ลา,นครหลวง,พระนครศรีอยุธยา,SAN,2024-03-08,ไม่ผ่านเกณฑ์
ร้านแม่ละวัน,ร้านจำหน่ายอาหาร,แม่ลา,นครหลวง,พระนครศรีอยุธยา,SAN,2024-03-10,ไม่ผ่านเกณฑ์
ร้านเจ้ปูอาหารตามสั่ง,ร้านจำหน่ายอาหาร,สามไถ,นครหลวง,พระนครศรีอยุธยา,SAN,2024-03-10,ไม่ผ่านเกณฑ์
ร้านสวนลุงแดง,ร้านจำหน่ายอาหาร,อุทัย,อุทัย,พระนครศรีอยุธยา,SAN,2024-03-10,ไม่ผ่านเกณฑ์
ร้านส้มตำแอบแซ่บบ้านโพธิ์,ร้านจำหน่ายอาหาร,บ้านโพธิ์,เสนา,พระนครศรีอยุธยา,มาตรฐาน SAN,2024-03-15,หมดอายุ
ร้านอาหารจุ้งบริการ 1,ร้านจำหน่ายอาหาร,เสนา,เสนา,พระนครศรีอยุธยา,มาตรฐาน SAN,2024-03-15,หมดอายุ
ร้านอาหารบ้านคุณหญิง,ร้านจำหน่ายอาหาร,สามกอ,เสนา,พระนครศรีอยุธยา,มาตรฐาน SAN,2024-03-15,หมดอายุ
ครัวผู้ใหญ่สังข์,ร้านจำหน่ายอาหาร,ระโสม,ภาชี,พระนครศรีอยุธยา,มาตรฐาน SAN,2024-03-15,หมดอายุ
สยามเป็ดย่าง,ร้านจำหน่ายอาหาร,ระโสม,ภาชี,พระนครศรีอยุธยา,มาตรฐาน SAN,2024-03-15,หมดอายุ
บ้านขนมจีน,ร้านจำหน่ายอาหาร,หนองน้ำใส,ภาชี,พระนครศรีอยุธยา,มาตรฐาน SAN,2024-03-15,หมดอายุ
ครัวย่าเต้,ร้านจำหน่ายอาหาร,ไผ่ล้อม,ภาชี,พระนครศรีอยุธยา,มาตรฐาน SAN,2024-03-15,หมดอายุ
ร้านอาหารภาชี คาเฟ่,ร้านจำหน่ายอาหาร,ไผ่ล้อม,ภาชี,พระนครศรีอยุธยา,มาตรฐาน SAN,2024-03-15,หมดอายุ
ร้านครัวนับเงิน,ร้านจำหน่ายอาหาร,ไผ่ล้อม,ภาชี,พระนครศรีอยุธยา,มาตรฐาน SAN,2024-03-15,หมดอายุ
ร้านธรา ฟาร์ม แอนด์อิทเทอรี่,ร้านจำหน่ายอาหาร,ไผ่ล้อม,ภาชี,พระนครศรีอยุธยา,SAN,2024-10-08,รับรอง
ก๋วยเตี๋ยวยายพยอม,ร้านจำหน่ายอาหาร,กระจิว,ภาชี,พระนครศรีอยุธยา,SAN,2025-08-06,รับรอง
เจ้หมาย อาหารป่า,ร้านจำหน่ายอาหาร,กระจิว,ภาชี,พระนครศรีอยุธยา,SAN,2025-08-06,รับรอง
ก๋วยเตี๋ยวยายเล็ก,ร้านจำหน่ายอาหาร,กระจิว,ภาชี,พระนครศรีอยุธยา,SAN,2025-08-06,รับรอง
เจ้ชูหมูกะทะ,ร้านจำหน่ายอาหาร,กระจิว,ภาชี,พระนครศรีอยุธยา,SAN,2024-03-15,ไม่ผ่านเกณฑ์
นางสาวชุติมา แก้วนิล,ร้านจำหน่ายอาหาร,หนองน้ำใส,ภาชี,พระนครศรีอยุธยา,SAN,2024-03-15,ไม่ผ่านเกณฑ์
ร้านข้าวขาหมูจุฬา,ร้านจำหน่ายอาหาร,สามเมือง,ลาดบัวหลวง,พระนครศรีอยุธยา,SAN PLUS,2025-07-14,รับรอง
ร้านหลักชัยปลาเผา,ร้านจำหน่ายอาหาร,หลักชัย,ลาดบัวหลวง,พระนครศรีอยุธยา,SAN,2025-07-14,รับรอง
ฺBaan Chan Ayutthaya,ร้านจำหน่ายอาหาร,ดอนหญ้านาง,ภาชี,พระนครศรีอยุธยา,SAN PLUS,2024-08-27,รับรอง
ร้านอาหารเธอกับฉัน,ร้านจำหน่ายอาหาร,บ้านแพรก,บ้านแพรก,พระนครศรีอยุธยา,SAN,2024-08-27,รับรอง
ร้านอาหารกุสี,ร้านจำหน่ายอาหาร,ท่าหลวง,ท่าเรือ,พระนครศรีอยุธยา,SAN,2024-08-27,รับรอง
ร้านอาหารครัวอิ่มอร่อย,ร้านจำหน่ายอาหาร,นครหลวง,นครหลวง,พระนครศรีอยุธยา,SAN,2024-03-17,ไม่ผ่านเกณฑ์
ร้านข้าวแกงพันธุ์ดี,ร้านจำหน่ายอาหาร,บางนางร้า,บางปะหัน,พระนครศรีอยุธยา,SAN,2024-08-27,รับรอง
ร้านอาหารบ้านสเต็กชิว ชิว,ร้านจำหน่ายอาหาร,พระขาว,บางบาล,พระนครศรีอยุธยา,SAN,2024-08-27,รับรอง
สวนอาหารลุงนวย (ครัวลุงนวย),ร้านจำหน่ายอาหาร,ลำไทร,วังน้อย,พระนครศรีอยุธยา,SAN,2024-08-27,รับรอง
ร้านอาหารบ้านวิทยามาริษา,ร้านจำหน่ายอาหาร,เกาะเรียน,พระนครศรีอยุธยา,พระนครศรีอยุธยา,SAN,2024-09-03,รับรอง
ร้านอาหาร The Summer House Ayutthaya,ร้านจำหน่ายอาหาร,เกาะเรียน,พระนครศรีอยุธยา,พระนครศรีอยุธยา,SAN,2024-03-17,ไม่ผ่านเกณฑ์
ร้านอาหาร ดิ อาร์ทิซานส์ ,ร้านจำหน่ายอาหาร,บ้านรุน,พระนครศรีอยุธยา,พระนครศรีอยุธยา,SAN,2024-03-17,ไม่ผ่านเกณฑ์
ร้านอาหารแกรนด์เจ้าพระญา,ร้านจำหน่ายอาหาร,บ้านรุน,พระนครศรีอยุธยา,พระนครศรีอยุธยา,SAN,2024-03-17,ไม่ผ่านเกณฑ์
ร้านอาหารอีทแอนด์ทรีท ,ร้านจำหน่ายอาหาร,ช่างเหล็ก,บางไทร,พระนครศรีอยุธยา,SAN,2024-03-17,ไม่ผ่านเกณฑ์
ร้านบิ๊กเบิ้มไก่ย่างวิเชียร (ไก่อบโอ่ง),ร้านจำหน่ายอาหาร,บางนางร้า,บางปะหัน,พระนครศรีอยุธยา,SAN,2025-07-29,รับรอง
ร้านละมุนลิ้น,ร้านจำหน่ายอาหาร,บางปะหัน,บางปะหัน,พระนครศรีอยุธยา,SAN,2024-03-17,ไม่ผ่านเกณฑ์
ร้านตุ๊ก ตุ๊ก,ร้านจำหน่ายอาหาร,ขวัญเมือง,บางปะหัน,พระนครศรีอยุธยา,มาตรฐาน SAN,2024-03-17,หมดอายุ
ครัวนานา,ร้านจำหน่ายอาหาร,ขวัญเมือง,บางปะหัน,พระนครศรีอยุธยา,SAN,2024-03-17,ไม่ผ่านเกณฑ์
ร้านอาหารมาดูว์เรือ,ร้านจำหน่ายอาหาร,บ้านรุน,พระนครศรีอยุธยา,พระนครศรีอยุธยา,มาตรฐาน SAN,2024-03-18,หมดอายุ
ร้านอาหารแพอาหารกู้ดวิว พระนคร,ร้านจำหน่ายอาหาร,บ้านรุน,พระนครศรีอยุธยา,พระนครศรีอยุธยา,มาตรฐาน SAN,2024-03-18,หมดอายุ
ร้านก๋วยเตี๋ยวเย็นตาโฟ,ร้านจำหน่ายอาหาร,ลำตาเสา,วังน้อย,พระนครศรีอยุธยา,SAN,2024-03-21,ไม่ผ่านเกณฑ์
เค เอฟ ซี สาขาวังน้อย,ร้านจำหน่ายอาหาร,ลำตาเสา,วังน้อย,พระนครศรีอยุธยา,SAN,2024-08-30,รับรอง
ร้านสตาร์บัค,ร้านจำหน่ายอาหาร,ลำตาเสา,วังน้อย,พระนครศรีอยุธยา,SAN,2025-08-06,รับรอง
ร้านแบล็คแคนยอน,ร้านจำหน่ายอาหาร,ลำตาเสา,วังน้อย,พระนครศรีอยุธยา,SAN,2025-08-14,รับรอง
ร้านวราภรณ์ ซาลาเปา,ร้านจำหน่ายอาหาร,ลำตาเสา,วังน้อย,พระนครศรีอยุธยา,SAN,2025-07-24,รับรอง
ร้านไอครีมแดรีควีน,ร้านจำหน่ายอาหาร,ลำตาเสา,วังน้อย,พระนครศรีอยุธยา,SAN,2024-03-21,ไม่ผ่านเกณฑ์
ร้านเดอะพิชช่า,ร้านจำหน่ายอาหาร,ลำตาเสา,วังน้อย,พระนครศรีอยุธยา,SAN,2024-03-21,ไม่ผ่านเกณฑ์
อาหารตามสั่ง,ร้านจำหน่ายอาหาร,ลำตาเสา,วังน้อย,พระนครศรีอยุธยา,SAN,2024-03-21,ไม่ผ่านเกณฑ์
ร้านใหญ่นู๊ดเดิ้น,ร้านจำหน่ายอาหาร,ลำตาเสา,วังน้อย,พระนครศรีอยุธยา,SAN,2024-03-21,ไม่ผ่านเกณฑ์
ร้านชาบู (ปั้ม ปตท.),ร้านจำหน่ายอาหาร,ลำตาเสา,วังน้อย,พระนครศรีอยุธยา,SAN,2024-03-21,ไม่ผ่านเกณฑ์
ร้านข้าวแกง มารีอา,ร้านจำหน่ายอาหาร,ลำตาเสา,วังน้อย,พระนครศรีอยุธยา,SAN,2024-03-21,ไม่ผ่านเกณฑ์
ร้านอเมซอน,ร้านจำหน่ายอาหาร,ลำตาเสา,วังน้อย,พระนครศรีอยุธยา,SAN PLUS,2024-06-28,หมดอายุ
อาหารตามสั่ง,ร้านจำหน่ายอาหาร,ลำตาเสา,วังน้อย,พระนครศรีอยุธยา,SAN PLUS,2024-06-28,หมดอายุ
อาหารตามสั่ง,ร้านจำหน่ายอาหาร,ลำตาเสา,วังน้อย,พระนครศรีอยุธยา,SAN,2024-03-21,ไม่ผ่านเกณฑ์
ร้านเรือนแก้ว,ร้านจำหน่ายอาหาร,ลำตาเสา,วังน้อย,พระนครศรีอยุธยา,SAN,2024-03-21,ไม่ผ่านเกณฑ์
ร้านหมูกะทะ (ป.ปุณ),ร้านจำหน่ายอาหาร,ลำตาเสา,วังน้อย,พระนครศรีอยุธยา,SAN,2025-07-24,รับรอง
อาหารตามสั่ง,ร้านจำหน่ายอาหาร,ลำตาเสา,วังน้อย,พระนครศรีอยุธยา,SAN,2025-07-24,รับรอง
ร้านข้าวแกงบ้านสวน สาขา 1,ร้านจำหน่ายอาหาร,ลำไทร,วังน้อย,พระนครศรีอยุธยา,SAN,2025-05-14,รับรอง
ขนมจีนต้นก้ามปู,ร้านจำหน่ายอาหาร,ไผ่ลิง,พระนครศรีอยุธยา,พระนครศรีอยุธยา,มาตรฐาน SAN,2024-06-20,หมดอายุ
ฉวนล่าหม้อไฟ,ร้านจำหน่ายอาหาร,ไผ่ลิง,พระนครศรีอยุธยา,พระนครศรีอยุธยา,SAN,2025-07-15,รับรอง
ครัวแตน,ร้านจำหน่ายอาหาร,ไผ่ลิง,พระนครศรีอยุธยา,พระนครศรีอยุธยา,SAN,2024-06-23,ไม่ผ่านเกณฑ์
นายสมชาย  พ่วงสมบัติ,ร้านจำหน่ายอาหาร,ไผ่ลิง,พระนครศรีอยุธยา,พระนครศรีอยุธยา,SAN,2024-06-23,ไม่ผ่านเกณฑ์
หมูทอดชูใจ,ร้านจำหน่ายอาหาร,ไผ่ลิง,พระนครศรีอยุธยา,พระนครศรีอยุธยา,SAN,2024-06-23,ไม่ผ่านเกณฑ์
ก๋วยเตี๋ยววัดใหญ๋,ร้านจำหน่ายอาหาร,คลองสวนพลู,พระนครศรีอยุธยา,พระนครศรีอยุธยา,SAN,2024-06-23,ไม่ผ่านเกณฑ์
ก๋วยเตี๋ยววัดใหญ่ไก่ฉีก,ร้านจำหน่ายอาหาร,คลองสวนพลู,พระนครศรีอยุธยา,พระนครศรีอยุธยา,มาตรฐาน SAN,2024-06-23,หมดอายุ
ก๋วยเตี๋ยวมหาดไทย,ร้านจำหน่ายอาหาร,ไผ่ลิง,พระนครศรีอยุธยา,พระนครศรีอยุธยา,SAN,2024-06-23,ไม่ผ่านเกณฑ์
บาบีคิวพลาซ่า,ร้านจำหน่ายอาหาร,คลองสวนพลู,พระนครศรีอยุธยา,พระนครศรีอยุธยา,SAN PLUS,2024-04-23,หมดอายุ
ข้าวมันไก่นายชัย,ร้านจำหน่ายอาหาร,คลองสวนพลู,พระนครศรีอยุธยา,พระนครศรีอยุธยา,SAN,2024-06-23,ไม่ผ่านเกณฑ์
ยาโยอิ,ร้านจำหน่ายอาหาร,คลองสวนพลู,พระนครศรีอยุธยา,พระนครศรีอยุธยา,SAN,2025-02-04,รับรอง
ก๋วยเตี๋ยวซินเฮง,ร้านจำหน่ายอาหาร,คลองสวนพลู,พระนครศรีอยุธยา,พระนครศรีอยุธยา,SAN,2025-01-27,รับรอง
ยักษ์ใหญ่ลูกชิ้น,ร้านจำหน่ายอาหาร,คลองสวนพลู,พระนครศรีอยุธยา,พระนครศรีอยุธยา,SAN,2025-01-27,รับรอง
ข้าวต้มปลาเก๋าใหญ่,ร้านจำหน่ายอาหาร,คลองสวนพลู,พระนครศรีอยุธยา,พระนครศรีอยุธยา,SAN,2024-06-23,ไม่ผ่านเกณฑ์
เฮงเจริญ ติ่มซำ,ร้านจำหน่ายอาหาร,คลองสวนพลู,พระนครศรีอยุธยา,พระนครศรีอยุธยา,SAN,2025-01-27,รับรอง
ก๋วยเตี๋ยวคุณนุ่น,ร้านจำหน่ายอาหาร,คลองสวนพลู,พระนครศรีอยุธยา,พระนครศรีอยุธยา,SAN,2025-01-27,รับรอง
ครัวไก่แอนด์เรียม,ร้านจำหน่ายอาหาร,คลองสวนพลู,พระนครศรีอยุธยา,พระนครศรีอยุธยา,มาตรฐาน SAN,2024-06-23,หมดอายุ
ชาบูชิ,ร้านจำหน่ายอาหาร,คลองสวนพลู,พระนครศรีอยุธยา,พระนครศรีอยุธยา,มาตรฐาน SAN,2024-06-23,หมดอายุ
โออิชิราเม็ง,ร้านจำหน่ายอาหาร,คลองสวนพลู,พระนครศรีอยุธยา,พระนครศรีอยุธยา,มาตรฐาน SAN,2024-06-23,หมดอายุ
นิกุยะ,ร้านจำหน่ายอาหาร,คลองสวนพลู,พระนครศรีอยุธยา,พระนครศรีอยุธยา,SAN,2024-06-23,ไม่ผ่านเกณฑ์
ขาหมูจุฬา,ร้านจำหน่ายอาหาร,คลองสวนพลู,พระนครศรีอยุธยา,พระนครศรีอยุธยา,SAN,2024-06-23,ไม่ผ่านเกณฑ์
ข้าวต้มหยก,ร้านจำหน่ายอาหาร,คลองสวนพลู,พระนครศรีอยุธยา,พระนครศรีอยุธยา,มาตรฐาน SAN,2024-06-23,หมดอายุ
สตาร์บัคส์คอฟฟี่,ร้านจำหน่ายอาหาร,คลองสวนพลู,พระนครศรีอยุธยา,พระนครศรีอยุธยา,มาตรฐาน SAN,2024-06-23,หมดอายุ
อ้อมข้าวต้มปลากระพง,ร้านจำหน่ายอาหาร,คลองสวนพลู,พระนครศรีอยุธยา,พระนครศรีอยุธยา,SAN,2024-06-23,ไม่ผ่านเกณฑ์
แบล็คแคนยอน,ร้านจำหน่ายอาหาร,คลองสวนพลู,พระนครศรีอยุธยา,พระนครศรีอยุธยา,SAN,2024-06-23,ไม่ผ่านเกณฑ์
ตำปากเปิด อยุธยา,ร้านจำหน่ายอาหาร,คลองสวนพลู,พระนครศรีอยุธยา,พระนครศรีอยุธยา,มาตรฐาน SAN,2024-06-23,หมดอายุ
ฮะจิบัง ราเมง,ร้านจำหน่ายอาหาร,คลองสวนพลู,พระนครศรีอยุธยา,พระนครศรีอยุธยา,มาตรฐาน SAN,2024-06-23,หมดอายุ
ส้มตำ ไก่ย่าง,ร้านจำหน่ายอาหาร,คลองสวนพลู,พระนครศรีอยุธยา,พระนครศรีอยุธยา,มาตรฐาน SAN,2024-06-23,หมดอายุ
ร้านกวนอิม เจ,ร้านจำหน่ายอาหาร,คลองสวนพลู,พระนครศรีอยุธยา,พระนครศรีอยุธยา,SAN,2024-06-23,ไม่ผ่านเกณฑ์
กาแฟเมืองกระบี่,ร้านจำหน่ายอาหาร,คลองสวนพลู,พระนครศรีอยุธยา,พระนครศรีอยุธยา,มาตรฐาน SAN,2024-06-23,หมดอายุ
เอสแอนด์พี,ร้านจำหน่ายอาหาร,คลองสวนพลู,พระนครศรีอยุธยา,พระนครศรีอยุธยา,มาตรฐาน SAN,2024-06-23,หมดอายุ
ตะโกราย,ร้านจำหน่ายอาหาร,คลองสวนพลู,พระนครศรีอยุธยา,พระนครศรีอยุธยา,มาตรฐาน SAN,2024-06-23,หมดอายุ
ตะโกราย,ร้านจำหน่ายอาหาร,คลองสวนพลู,พระนครศรีอยุธยา,พระนครศรีอยุธยา,SAN,2024-06-23,ไม่ผ่านเกณฑ์
ซานตาเฟ่ สเต็ก,ร้านจำหน่ายอาหาร,คลองสวนพลู,พระนครศรีอยุธยา,พระนครศรีอยุธยา,SAN,2024-06-23,ไม่ผ่านเกณฑ์
ข้าวแกงกรุงศรี,ร้านจำหน่ายอาหาร,คลองสวนพลู,พระนครศรีอยุธยา,พระนครศรีอยุธยา,SAN,2024-06-23,ไม่ผ่านเกณฑ์
เลซี่แคท คาเฟ่,ร้านจำหน่ายอาหาร,คลองสวนพลู,พระนครศรีอยุธยา,พระนครศรีอยุธยา,SAN,2024-06-23,ไม่ผ่านเกณฑ์
ติดลมหมูกะทะ,ร้านจำหน่ายอาหาร,คลองสวนพลู,พระนครศรีอยุธยา,พระนครศรีอยุธยา,SAN,2024-06-23,ไม่ผ่านเกณฑ์
เดอะพิซซ่า คอมพานี,ร้านจำหน่ายอาหาร,คลองสวนพลู,พระนครศรีอยุธยา,พระนครศรีอยุธยา,SAN,2024-06-23,ไม่ผ่านเกณฑ์
ชาบู ชาบู บายเชน,ร้านจำหน่ายอาหาร,คลองสวนพลู,พระนครศรีอยุธยา,พระนครศรีอยุธยา,SAN,2024-06-23,ไม่ผ่านเกณฑ์
ร้าน 777,ร้านจำหน่ายอาหาร,คลองสวนพลู,พระนครศรีอยุธยา,พระนครศรีอยุธยา,SAN,2024-06-23,ไม่ผ่านเกณฑ์
พระนคร กะเพราถาด,ร้านจำหน่ายอาหาร,คลองสวนพลู,พระนครศรีอยุธยา,พระนครศรีอยุธยา,SAN,2024-06-23,ไม่ผ่านเกณฑ์
บ้านขาวม้า,ร้านจำหน่ายอาหาร,คลองสวนพลู,พระนครศรีอยุธยา,พระนครศรีอยุธยา,SAN,2024-06-23,ไม่ผ่านเกณฑ์
เซสเตอร์กลิลส์,ร้านจำหน่ายอาหาร,คลองสวนพลู,พระนครศรีอยุธยา,พระนครศรีอยุธยา,มาตรฐาน SAN,2024-06-23,หมดอายุ
บียำเซ่,ร้านจำหน่ายอาหาร,คลองสวนพลู,พระนครศรีอยุธยา,พระนครศรีอยุธยา,มาตรฐาน SAN,2024-06-23,หมดอายุ
ราชาปากหม้อ,ร้านจำหน่ายอาหาร,คลองสวนพลู,พระนครศรีอยุธยา,พระนครศรีอยุธยา,SAN,2024-06-23,ไม่ผ่านเกณฑ์
OSHINEI,ร้านจำหน่ายอาหาร,คลองสวนพลู,พระนครศรีอยุธยา,พระนครศรีอยุธยา,SAN,2024-06-23,ไม่ผ่านเกณฑ์
ฟูจิ,ร้านจำหน่ายอาหาร,คลองสวนพลู,พระนครศรีอยุธยา,พระนครศรีอยุธยา,มาตรฐาน SAN,2024-06-23,หมดอายุ
BONCHON,ร้านจำหน่ายอาหาร,คลองสวนพลู,พระนครศรีอยุธยา,พระนครศรีอยุธยา,มาตรฐาน SAN,2024-06-23,หมดอายุ
โคอิชิบันยา,ร้านจำหน่ายอาหาร,คลองสวนพลู,พระนครศรีอยุธยา,พระนครศรีอยุธยา,มาตรฐาน SAN,2024-06-23,หมดอายุ
ตำแหลก,ร้านจำหน่ายอาหาร,คลองสวนพลู,พระนครศรีอยุธยา,พระนครศรีอยุธยา,มาตรฐาน SAN,2024-06-23,หมดอายุ
ตำแหลก,ร้านจำหน่ายอาหาร,คลองสวนพลู,พระนครศรีอยุธยา,พระนครศรีอยุธยา,SAN,2024-06-23,ไม่ผ่านเกณฑ์
บาร์บีคิวพลาซ่า,ร้านจำหน่ายอาหาร,คลองสวนพลู,พระนครศรีอยุธยา,พระนครศรีอยุธยา,มาตรฐาน SAN,2024-06-23,หมดอายุ
THE PIZZA COMPANY,ร้านจำหน่ายอาหาร,คลองสวนพลู,พระนครศรีอยุธยา,พระนครศรีอยุธยา,มาตรฐาน SAN,2024-06-23,หมดอายุ
ชาบูชิ,ร้านจำหน่ายอาหาร,คลองสวนพลู,พระนครศรีอยุธยา,พระนครศรีอยุธยา,มาตรฐาน SAN,2024-06-23,หมดอายุ
MK,ร้านจำหน่ายอาหาร,คลองสวนพลู,พระนครศรีอยุธยา,พระนครศรีอยุธยา,มาตรฐาน SAN,2024-06-23,หมดอายุ
เชสเตอร์,ร้านจำหน่ายอาหาร,คลองสวนพลู,พระนครศรีอยุธยา,พระนครศรีอยุธยา,มาตรฐาน SAN,2024-06-23,หมดอายุ
วาชิ,ร้านจำหน่ายอาหาร,คลองสวนพลู,พระนครศรีอยุธยา,พระนครศรีอยุธยา,SAN,2024-06-23,ไม่ผ่านเกณฑ์
แหลมลูกชิ้นปลา,ร้านจำหน่ายอาหาร,คลองสวนพลู,พระนครศรีอยุธยา,พระนครศรีอยุธยา,มาตรฐาน SAN,2024-06-23,หมดอายุ
โออิชิ บิทโทโระ,ร้านจำหน่ายอาหาร,คลองสวนพลู,พระนครศรีอยุธยา,พระนครศรีอยุธยา,มาตรฐาน SAN,2024-06-23,หมดอายุ
แหลมเจริญ ซีฟู้ด,ร้านจำหน่ายอาหาร,คลองสวนพลู,พระนครศรีอยุธยา,พระนครศรีอยุธยา,SAN,2024-06-23,ไม่ผ่านเกณฑ์
แหลมเจริญ ซีฟู้ด,ร้านจำหน่ายอาหาร,คลองสวนพลู,พระนครศรีอยุธยา,พระนครศรีอยุธยา,SAN PLUS,2025-02-24,รับรอง
OPPA DACK,ร้านจำหน่ายอาหาร,คลองสวนพลู,พระนครศรีอยุธยา,พระนครศรีอยุธยา,SAN,2024-06-23,ไม่ผ่านเกณฑ์
ชินคันเซ็น ซูชิ,ร้านจำหน่ายอาหาร,คลองสวนพลู,พระนครศรีอยุธยา,พระนครศรีอยุธยา,SAN PLUS,2025-02-24,รับรอง
ข้าวต้มปลา 164,ร้านจำหน่ายอาหาร,คลองสวนพลู,พระนครศรีอยุธยา,พระนครศรีอยุธยา,มาตรฐาน SAN,2024-06-23,หมดอายุ
ลามูน,ร้านจำหน่ายอาหาร,คลองสวนพลู,พระนครศรีอยุธยา,พระนครศรีอยุธยา,มาตรฐาน SAN,2024-06-23,หมดอายุ
ลามูน,ร้านจำหน่ายอาหาร,คลองสวนพลู,พระนครศรีอยุธยา,พระนครศรีอยุธยา,มาตรฐาน SAN,2024-06-23,หมดอายุ
บิ๊กบูม บาร์,ร้านจำหน่ายอาหาร,คลองสวนพลู,พระนครศรีอยุธยา,พระนครศรีอยุธยา,SAN,2024-06-23,ไม่ผ่านเกณฑ์
จอมโหด,ร้านจำหน่ายอาหาร,คลองสวนพลู,พระนครศรีอยุธยา,พระนครศรีอยุธยา,SAN,2024-06-23,ไม่ผ่านเกณฑ์
ไจแอ้นท์ส,ร้านจำหน่ายอาหาร,คลองสวนพลู,พระนครศรีอยุธยา,พระนครศรีอยุธยา,มาตรฐาน SAN,2024-06-23,หมดอายุ
ซัมเมอร์,ร้านจำหน่ายอาหาร,คลองสวนพลู,พระนครศรีอยุธยา,พระนครศรีอยุธยา,SAN,2024-06-23,ไม่ผ่านเกณฑ์
ก๋วยเตี๋ยวไก่ยายตุ๊ก,ร้านจำหน่ายอาหาร,คลองสวนพลู,พระนครศรีอยุธยา,พระนครศรีอยุธยา,มาตรฐาน SAN,2024-06-23,หมดอายุ
เดอะอังเคิล โฮม คาเฟ่,ร้านจำหน่ายอาหาร,คลองสวนพลู,พระนครศรีอยุธยา,พระนครศรีอยุธยา,มาตรฐาน SAN,2024-06-23,หมดอายุ
ก๋วยเตี๋ยวนายย้ง,ร้านจำหน่ายอาหาร,หันตรา,พระนครศรีอยุธยา,พระนครศรีอยุธยา,มาตรฐาน SAN,2024-06-23,หมดอายุ
เจ๊เพ็ญ,ร้านจำหน่ายอาหาร,หันตรา,พระนครศรีอยุธยา,พระนครศรีอยุธยา,มาตรฐาน SAN,2024-06-23,หมดอายุ
ก๋วยเตี๋ยวห้อยขา อโยธยา,ร้านจำหน่ายอาหาร,คลองสวนพลู,พระนครศรีอยุธยา,พระนครศรีอยุธยา,มาตรฐาน SAN,2024-06-23,หมดอายุ
ร้านคำปัน,ร้านจำหน่ายอาหาร,ไผ่ลิง,พระนครศรีอยุธยา,พระนครศรีอยุธยา,SAN,2025-05-20,รับรอง
เดอะแรบบิทคาเฟ่,ร้านจำหน่ายอาหาร,ไผ่ลิง,พระนครศรีอยุธยา,พระนครศรีอยุธยา,SAN,2024-06-23,ไม่ผ่านเกณฑ์
ครัวแม่มุ่ย,ร้านจำหน่ายอาหาร,ไผ่ลิง,พระนครศรีอยุธยา,พระนครศรีอยุธยา,มาตรฐาน SAN,2024-06-23,หมดอายุ
เดอะเทอร์เรส,ร้านจำหน่ายอาหาร,ไผ่ลิง,พระนครศรีอยุธยา,พระนครศรีอยุธยา,มาตรฐาน SAN,2024-06-23,หมดอายุ
ร้านอยากรวย,ร้านจำหน่ายอาหาร,ไผ่ลิง,พระนครศรีอยุธยา,พระนครศรีอยุธยา,SAN,2024-06-23,ไม่ผ่านเกณฑ์
บริษัท ข้าว ซี.พี.จำกัด (โรงงานข้าววังแดง),ร้านจำหน่ายอาหาร,วังแดง,ท่าเรือ,พระนครศรีอยุธยา,SAN PLUS,2024-06-24,หมดอายุ
บริษัท เอคโค่ (ประเทศไทย) จำกัด,ร้านจำหน่ายอาหาร,แม่ลา,นครหลวง,พระนครศรีอยุธยา,มาตรฐาน SAN,2024-07-15,หมดอายุ
บริษัท ทีดีเค (ประเทศไทย) จำกัด,ร้านจำหน่ายอาหาร,คานหาม,อุทัย,พระนครศรีอยุธยา,SAN,2024-09-06,ไม่ผ่านเกณฑ์
โรงอาหารบริษัทลินเซ่นส์ ประเทศไทย โรงงานที่ 4,โรงอาหาร,บ้านเลน,บางปะอิน,พระนครศรีอยุธยา,มาตรฐาน SAN,2024-09-06,หมดอายุ
โรงอาหารลินเซ่นส์ ประเทศไทย โรงงานที่ 2,โรงอาหาร,บ้านเลน,บางปะอิน,พระนครศรีอยุธยา,มาตรฐาน SAN,2024-09-06,หมดอายุ
บริษัท ทีเอ็มที สตีล จำกัด (มหาชน),ร้านจำหน่ายอาหาร,บ่อตาโล่,วังน้อย,พระนครศรีอยุธยา,มาตรฐาน SAN,2024-09-06,หมดอายุ
โรงอาหารบริษัท ลินเซ่นส์ ประเทศไทย โรงงานที่ 3,โรงอาหาร,บ้านเลน,บางปะอิน,พระนครศรีอยุธยา,SAN,2024-09-06,ไม่ผ่านเกณฑ์
โรงอาหาร ลินเซ่นส์ ประเทศไทย โรงงานที่ 1,โรงอาหาร,บ้านเลน,บางปะอิน,พระนครศรีอยุธยา,SAN,2024-09-06,ไม่ผ่านเกณฑ์
บริษัท เวสเทิร์นดิจิตอล สตอเรจ เทคโนโลยีส์ (ประเทศไทย) จำกัด โรงอาหารอาคาร 8,ร้านจำหน่ายอาหาร,คลองจิก,บางปะอิน,พระนครศรีอยุธยา,มาตรฐาน SAN,2024-11-18,หมดอายุ
บริษัท เวสเทิร์นดิจิตอล สตอเรจ เทคโนโลยีส์ (ประเทศไทย) จำกัด โรงอาหารอาคาร 2,ร้านจำหน่ายอาหาร,คลองจิก,บางปะอิน,พระนครศรีอยุธยา,SAN,2025-03-05,รับรอง
บริษัท เวสเทิร์นดิจิตอล สตอเรจ เทคโนโลยีส์ (ประเทศไทย) จำกัด โรงอาหารอาคารกลาง,ร้านจำหน่ายอาหาร,คลองจิก,บางปะอิน,พระนครศรีอยุธยา,SAN,2024-11-18,ไม่ผ่านเกณฑ์
บริษัท เวสเทิร์นดิจิตอล สตอเรจ เทคโนโลยีส์ (ประเทศไทย) จำกัด (ร้านนภัชนันท์),ร้านจำหน่ายอาหาร,คลองจิก,บางปะอิน,พระนครศรีอยุธยา,มาตรฐาน SAN,2024-11-18,หมดอายุ
ร้านอาหารกระท่อมเจ้าพระยา,ร้านจำหน่ายอาหาร,บ้านใหม่,พระนครศรีอยุธยา,พระนครศรีอยุธยา,มาตรฐาน SAN,2024-11-20,หมดอายุ
บริษัท แคนนอน ไฮ-เทค (ประเทศไทย) จำกัด ,ร้านจำหน่ายอาหาร,บ้านเลน,บางปะอิน,พระนครศรีอยุธยา,SAN,2025-08-19,รับรอง
บริษัท ทิปโก้ เอฟแอนด์บี จำกัด,ร้านจำหน่ายอาหาร,สนับทึบ,วังน้อย,พระนครศรีอยุธยา,มาตรฐาน SAN,2024-11-21,หมดอายุ
บริษัท เอ็นเอ็มบี มินีแบ ไทย จำกัด (บ้านหว้า),โรงอาหาร,บ้านเลน,บางปะอิน,พระนครศรีอยุธยา,มาตรฐาน SAN,2024-11-21,หมดอายุ
บริษัท แคนนอน ไฮ-เทค (ประเทศไทย) จำกัด ,ร้านจำหน่ายอาหาร,บ้านเลน,บางปะอิน,พระนครศรีอยุธยา,SAN,2024-12-12,ไม่ผ่านเกณฑ์
บริษัท สตาร์ส ไมโครอิเล็กทรอนิกส์ (ประเทศไทย) จำกัด (มหาชน),ร้านจำหน่ายอาหาร,คลองจิก,บางปะอิน,พระนครศรีอยุธยา,มาตรฐาน SAN,2025-03-19,หมดอายุ
บริษัท อายิโนะโมะโต๊ะ (ประเทศไทย) จำกัด,ร้านจำหน่ายอาหาร,บางระกำ,นครหลวง,พระนครศรีอยุธยา,SAN,2025-01-21,ไม่ผ่านเกณฑ์
บริษัทนิปปอน ซุปเปอร์ พรีซิชั่น จำกัด,ร้านจำหน่ายอาหาร,บางกระสั้น,บางปะอิน,พระนครศรีอยุธยา,มาตรฐาน SAN,2025-02-14,หมดอายุ
หวาน ชาบู,ร้านบุฟเฟ่ต์ (ปิ้งย่าง/ชาบู/สุกี้),ไผ่ลิง,พระนครศรีอยุธยา,พระนครศรีอยุธยา,SAN,2025-04-09,ไม่ผ่านเกณฑ์
หวาน ชาบู,ร้านบุฟเฟ่ต์ (ปิ้งย่าง/ชาบู/สุกี้),ไผ่ลิง,พระนครศรีอยุธยา,พระนครศรีอยุธยา,SAN,2025-04-10,ไม่ผ่านเกณฑ์
บอล ตามสั่ง,ร้านจำหน่ายอาหาร,ไผ่ลิง,พระนครศรีอยุธยา,พระนครศรีอยุธยา,SAN,2024-09-11,รับรอง
หวาน  ,ร้านจำหน่ายอาหาร,ไผ่ลิง,พระนครศรีอยุธยา,พระนครศรีอยุธยา,SAN,2024-09-11,รับรอง
มื้อพิเศษ,ร้านจำหน่ายอาหาร,ไผ่ลิง,พระนครศรีอยุธยา,พระนครศรีอยุธยา,SAN,2025-05-27,ไม่ผ่านเกณฑ์
ขนมจีนต้นก้ามปู,ร้านจำหน่ายอาหาร,ไผ่ลิง,พระนครศรีอยุธยา,พระนครศรีอยุธยา,SAN,2024-10-04,รับรอง
บริษัท เอ็นเอ็มบี-มินีแบ ไทย จำกัด โรงงานอยุธยา,โรงอาหาร,ธนู,อุทัย,พระนครศรีอยุธยา,SAN,2025-06-14,ไม่ผ่านเกณฑ์
ร้านอาหารป้าเล็ก,ร้านจำหน่ายอาหาร,บางกระสั้น,บางปะอิน,พระนครศรีอยุธยา,SAN,2024-11-05,รับรอง
บริษัท เม็กเท็ค พรีซิชั่น คอมโพเนนท์ (ประเทศไทย) จำกัด,โรงอาหาร,บางกระสั้น,บางปะอิน,พระนครศรีอยุธยา,SAN,2025-07-28,รับรอง
บริษัท นิเด็ค อีเล็คโทรนิคส์ (ประเทศไทย) จำกัด,โรงอาหาร,ธนู,อุทัย,พระนครศรีอยุธยา,SAN,2025-07-28,รับรอง
บริษัท พานาโซนิค แมนูแฟคเจอริ่ง อยุธยา จำกัด ,โรงอาหาร,คานหาม,อุทัย,พระนครศรีอยุธยา,SAN,2025-03-21,รับรอง
บริษัทวังน้อย เบเวอเรช จำกัด,โรงอาหาร,วังน้อย,วังน้อย,พระนครศรีอยุธยา,SAN,2025-07-26,รับรอง
ครัวบึงบอน,ร้านจำหน่ายอาหาร,เชียงรากน้อย,บางปะอิน,พระนครศรีอยุธยา,SAN,2025-06-30,ไม่ผ่านเกณฑ์
นางเรไร  ซาเอาะ,ร้านจำหน่ายอาหาร,เชียงรากน้อย,บางปะอิน,พระนครศรีอยุธยา,SAN,2025-06-30,ไม่ผ่านเกณฑ์
ครัวป้ากุหลาบ,ร้านจำหน่ายอาหาร,เชียงรากน้อย,บางปะอิน,พระนครศรีอยุธยา,SAN,2025-06-30,ไม่ผ่านเกณฑ์
ครัวย่าณา,ร้านจำหน่ายอาหาร,เชียงรากน้อย,บางปะอิน,พระนครศรีอยุธยา,SAN,2025-03-21,รับรอง
ร้านป้าเจ็ก,ร้านจำหน่ายอาหาร,เชียงรากน้อย,บางปะอิน,พระนครศรีอยุธยา,SAN,2025-06-30,ไม่ผ่านเกณฑ์
ร้านลานนา,ร้านจำหน่ายอาหาร,เชียงรากน้อย,บางปะอิน,พระนครศรีอยุธยา,SAN,2025-05-29,รับรอง
นายประกิต  พิมพ์พันธ์,ร้านจำหน่ายอาหาร,เชียงรากน้อย,บางปะอิน,พระนครศรีอยุธยา,SAN,2025-06-30,ไม่ผ่านเกณฑ์
นางสาววรรณา  แหวนทอง,ร้านเครื่องดื่ม,เชียงรากน้อย,บางปะอิน,พระนครศรีอยุธยา,SAN,2025-06-30,ไม่ผ่านเกณฑ์
ชาพยอม,ร้านเครื่องดื่ม,เชียงรากน้อย,บางปะอิน,พระนครศรีอยุธยา,SAN,2025-01-23,รับรอง
แดรี่ ควีน,ร้านจำหน่ายอาหาร,เชียงรากน้อย,บางปะอิน,พระนครศรีอยุธยา,SAN,2025-01-23,รับรอง
ดังกิ้น โดนัท ,ร้านจำหน่ายอาหาร,เชียงรากน้อย,บางปะอิน,พระนครศรีอยุธยา,SAN,2025-06-30,ไม่ผ่านเกณฑ์
KFC สาขาบางจาก รวยมหาทรัพย์,ร้านจำหน่ายอาหาร,เชียงรากน้อย,บางปะอิน,พระนครศรีอยุธยา,SAN,2025-01-23,รับรอง
KFC สาขาเทสโก้ โลตัส บางปะอิน,ร้านจำหน่ายอาหาร,เชียงรากน้อย,บางปะอิน,พระนครศรีอยุธยา,SAN,2025-06-30,ไม่ผ่านเกณฑ์
กาแฟอเมซอน ปตท. หมู่ที่ 8,ร้านจำหน่ายอาหาร,เชียงรากน้อย,บางปะอิน,พระนครศรีอยุธยา,SAN,2025-06-30,ไม่ผ่านเกณฑ์
กาแฟอินทนิล,ร้านจำหน่ายอาหาร,เชียงรากน้อย,บางปะอิน,พระนครศรีอยุธยา,SAN,2025-06-30,ไม่ผ่านเกณฑ์
ก๋วยเตี๋ยวไก่บุฟเฟ่ต์,ร้านจำหน่ายอาหาร,เชียงรากน้อย,บางปะอิน,พระนครศรีอยุธยา,SAN,2025-03-21,รับรอง
จ๊ะเอ๋ กาแฟ,ร้านจำหน่ายอาหาร,เชียงรากน้อย,บางปะอิน,พระนครศรีอยุธยา,SAN,2025-06-30,ไม่ผ่านเกณฑ์
นางเบ็ญจา    หว่างรักษาวงษ์ ,ร้านจำหน่ายอาหาร,เชียงรากน้อย,บางปะอิน,พระนครศรีอยุธยา,SAN,2025-06-30,ไม่ผ่านเกณฑ์
นางสาวอัจฉรา  ฮวดตระกูล,ร้านจำหน่ายอาหาร,เชียงรากน้อย,บางปะอิน,พระนครศรีอยุธยา,SAN,2025-03-21,รับรอง
นายชัยพร   เลิศสถิตย์วงศ์,ร้านจำหน่ายอาหาร,เชียงรากน้อย,บางปะอิน,พระนครศรีอยุธยา,SAN,2025-06-30,ไม่ผ่านเกณฑ์
นางสาวณัฏฐนิชา   มาตย์นอก,ร้านจำหน่ายอาหาร,เชียงรากน้อย,บางปะอิน,พระนครศรีอยุธยา,SAN PLUS,2025-01-24,รับรอง
นางสาวจิตติพร  คำนนท์,ร้านจำหน่ายอาหาร,เชียงรากน้อย,บางปะอิน,พระนครศรีอยุธยา,SAN PLUS,2025-08-03,รับรอง
นางคำจิต  สระแก้ว,ร้านจำหน่ายอาหาร,เชียงรากน้อย,บางปะอิน,พระนครศรีอยุธยา,SAN,2025-01-24,รับรอง
นางสาวอัจฉรา  อุบลครุฑ,ร้านจำหน่ายอาหาร,เชียงรากน้อย,บางปะอิน,พระนครศรีอยุธยา,SAN PLUS,2025-01-24,รับรอง
ร้านชา กาแฟ,ร้านจำหน่ายอาหาร,เชียงรากน้อย,บางปะอิน,พระนครศรีอยุธยา,SAN PLUS,2025-01-24,รับรอง
ร้านก๋วยเตี๋ยว,ร้านจำหน่ายอาหาร,เชียงรากน้อย,บางปะอิน,พระนครศรีอยุธยา,SAN,2025-01-24,รับรอง
ก๋วยเตี๋ยว,ร้านจำหน่ายอาหาร,เชียงรากน้อย,บางปะอิน,พระนครศรีอยุธยา,SAN,2025-01-24,รับรอง
ร้านชา กาแฟ ม.1,ร้านจำหน่ายอาหาร,เชียงรากน้อย,บางปะอิน,พระนครศรีอยุธยา,SAN PLUS,2025-01-24,รับรอง
ยงยุทธ อาหารตามสั่ง,ร้านจำหน่ายอาหาร,เชียงรากน้อย,บางปะอิน,พระนครศรีอยุธยา,SAN PLUS,2025-01-24,รับรอง
ร้านป้าสมัคร ม.5,ร้านจำหน่ายอาหาร,เชียงรากน้อย,บางปะอิน,พระนครศรีอยุธยา,SAN,2025-06-30,ไม่ผ่านเกณฑ์
นางสาวทิพวรรณ   แม้นอ่วม,ร้านจำหน่ายอาหาร,เชียงรากน้อย,บางปะอิน,พระนครศรีอยุธยา,SAN,2025-01-24,รับรอง
น.ส.เนตรทราย   อ่อนนิ่ม,ร้านจำหน่ายอาหาร,เชียงรากน้อย,บางปะอิน,พระนครศรีอยุธยา,SAN,2025-01-24,รับรอง
นายประภากรณ์      ตุ้มคุ้ม,ร้านจำหน่ายอาหาร,เชียงรากน้อย,บางปะอิน,พระนครศรีอยุธยา,SAN,2025-06-30,ไม่ผ่านเกณฑ์
นายสาลี     ดวงแก้ว,ร้านจำหน่ายอาหาร,เชียงรากน้อย,บางปะอิน,พระนครศรีอยุธยา,SAN,2025-06-30,ไม่ผ่านเกณฑ์
MK สุกี้,ร้านจำหน่ายอาหาร,เชียงรากน้อย,บางปะอิน,พระนครศรีอยุธยา,SAN,2025-06-30,ไม่ผ่านเกณฑ์
ตำไปเว้าไป,ร้านจำหน่ายอาหาร,ตลาดเกรียบ,บางปะอิน,พระนครศรีอยุธยา,SAN,2025-03-13,รับรอง
บริษัท ฮานา เซมิคอนดักเตอร์ (อยุธยา) จำกัด,ร้านจำหน่ายอาหาร,บ้านเลน,บางปะอิน,พระนครศรีอยุธยา,SAN,2025-04-21,รับรอง
บริษัท เอคโค่ (ประเทศไทย) จำกัด,ร้านจำหน่ายอาหาร,แม่ลา,นครหลวง,พระนครศรีอยุธยา,SAN,2025-07-26,รับรอง
บริษัท เอ็นเอ็มบี-มินีแบไทย จำกัด (โรงงานโรจนะ),โรงอาหาร,คานหาม,อุทัย,พระนครศรีอยุธยา,SAN,2025-05-02,รับรอง
น้องแนน อาหารป่า,ร้านจำหน่ายอาหาร,บางประแดง,บางปะอิน,พระนครศรีอยุธยา,SAN,2025-05-04,รับรอง
ร้านบิ๊กบะหมี่ สเต็ก บางปะอิน,ร้านจำหน่ายอาหาร,คุ้งลาน,บางปะอิน,พระนครศรีอยุธยา,SAN,2025-05-07,รับรอง
ร้านก๋วยเตี๋ยวเรือขั้นเทพ,ร้านจำหน่ายอาหาร,คุ้งลาน,บางปะอิน,พระนครศรีอยุธยา,SAN,2025-08-19,ไม่ผ่านเกณฑ์
