name,type,subdistrict,district,province,standard,approve_date,status
ร้านศิริวรรณ,ร้านจำหน่ายอาหาร,นาโพธิ์,สวี,ชุมพร,SAN,2023-12-22,ไม่ผ่านเกณฑ์
เฌอ cafe & homemade bakery,ร้านจำหน่ายอาหาร,วังตะกอ,หลังสวน,ชุมพร,SAN PLUS,2025-06-11,รับรอง
สุกี้รถไฟ,ร้านจำหน่ายอาหาร,ท่าตะเภา,เมืองชุมพร,ชุมพร,SAN,2025-05-26,ไม่ผ่านเกณฑ์
โฮมคอฟฟี่ชุมพร,ร้านจำหน่ายอาหาร,ขุนกระทิง,เมืองชุมพร,ชุมพร,SAN,2023-06-19,ไม่ผ่านเกณฑ์
ครัวศิลา,ร้านจำหน่ายอาหาร,บางสน,ปะทิว,ชุมพร,SAN,2024-11-23,ไม่ผ่านเกณฑ์
ครัวพริกสด,ร้านจำหน่ายอาหาร,ท่ายาง,เมืองชุมพร,ชุมพร,SAN,2024-09-06,ไม่ผ่านเกณฑ์
สถานีสุวรรณภูมิ,ร้านจำหน่ายอาหาร,ทุ่งตะไคร,ทุ่งตะโก,ชุมพร,SAN,2024-11-23,ไม่ผ่านเกณฑ์
บ้านสวนสายธารรีเวอร์ไซต์,ร้านจำหน่ายอาหาร,บางหมาก,เมืองชุมพร,ชุมพร,SAN,2025-02-14,ไม่ผ่านเกณฑ์
ชมทุ่งสเต็กเฮาท์,ร้านจำหน่ายอาหาร,นาทุ่ง,เมืองชุมพร,ชุมพร,SAN,2025-05-21,ไม่ผ่านเกณฑ์
โรงครัวโรงพยาบาลพะโต๊ะ,อื่นๆ,พะโต๊ะ,พะโต๊ะ,ชุมพร,SAN,2023-06-08,ไม่ผ่านเกณฑ์
บัณฑิตา คาเฟ่,ร้านเครื่องดื่ม,พะโต๊ะ,พะโต๊ะ,ชุมพร,SAN,2023-12-22,ไม่ผ่านเกณฑ์
บ้านเอื้อง Bar&Restaurant,ร้านจำหน่ายอาหาร,สะพลี,ปะทิว,ชุมพร,SAN,2024-12-09,รับรอง
Momento Coffee Roaster,ร้านเครื่องดื่ม,พะโต๊ะ,พะโต๊ะ,ชุมพร,SAN,2025-04-03,ไม่ผ่านเกณฑ์
โรงครัวโรงพยาบาลปะทิว,อื่นๆ,บางสน,ปะทิว,ชุมพร,SAN,2025-07-01,รับรอง
ร้านบ้านปลัดบ้านอร่อย,ร้านจำหน่ายอาหาร,ดอนยาง,ปะทิว,ชุมพร,SAN,2024-11-23,ไม่ผ่านเกณฑ์
บริษัท หอมเคย ชุมพร จำกัด,ร้านจำหน่ายอาหาร,ทุ่งตะไคร,ทุ่งตะโก,ชุมพร,SAN,2024-11-23,ไม่ผ่านเกณฑ์
โรงครัวโรงพยาบาลพะโต๊ะ,อื่นๆ,พะโต๊ะ,พะโต๊ะ,ชุมพร,SAN,2024-01-25,ไม่ผ่านเกณฑ์
Morning drug ,ร้านเครื่องดื่ม,นาทุ่ง,เมืองชุมพร,ชุมพร,SAN,2024-05-07,ไม่ผ่านเกณฑ์
Ma-Meaw cafe,ร้านเครื่องดื่ม,นาทุ่ง,เมืองชุมพร,ชุมพร,มาตรฐาน SAN,2024-05-02,หมดอายุ
ร้านก๋วยเตี่ยวพี่ษา,ศูนย์อาหาร,วังตะกอ,หลังสวน,ชุมพร,SAN,2025-05-29,รับรอง
หัตถพร นาคเพชร,ศูนย์อาหาร,วังตะกอ,หลังสวน,ชุมพร,SAN,2024-02-10,ไม่ผ่านเกณฑ์
ร้านข้าวแกงอิ่มโอษฐ์,ศูนย์อาหาร,วังตะกอ,หลังสวน,ชุมพร,SAN,2024-06-20,ไม่ผ่านเกณฑ์
ร้านหมูทอดนายเอ็ม,ศูนย์อาหาร,วังตะกอ,หลังสวน,ชุมพร,SAN,2025-05-29,รับรอง
ร้านข้าวแกงพี่ปู,ศูนย์อาหาร,วังตะกอ,หลังสวน,ชุมพร,SAN,2025-05-29,รับรอง
ร้านลูกชิ้นทอด,ศูนย์อาหาร,วังตะกอ,หลังสวน,ชุมพร,SAN,2025-05-29,รับรอง
ปิ่นโตแม่,ศูนย์อาหาร,วังตะกอ,หลังสวน,ชุมพร,SAN,2025-05-29,รับรอง
วิแวว นำ้สมุนไพร,ร้านเครื่องดื่ม,วังตะกอ,หลังสวน,ชุมพร,SAN,2024-02-10,ไม่ผ่านเกณฑ์
มุมกาแฟ,ร้านเครื่องดื่ม,วังตะกอ,หลังสวน,ชุมพร,SAN,2025-05-29,รับรอง
กาแฟริมน้ำ,ร้านเครื่องดื่ม,บางหมาก,เมืองชุมพร,ชุมพร,SAN,2024-07-17,ไม่ผ่านเกณฑ์
มันทนาข้าวยำ,ร้านจำหน่ายอาหาร,ตากแดด,เมืองชุมพร,ชุมพร,SAN,2024-02-16,ไม่ผ่านเกณฑ์
ครัวเณรน้อยคันทรี่,ร้านจำหน่ายอาหาร,ตากแดด,เมืองชุมพร,ชุมพร,SAN,2024-06-11,ไม่ผ่านเกณฑ์
ร้านผลไม้,ร้านจำหน่ายอาหาร,ท่าตะเภา,เมืองชุมพร,ชุมพร,SAN,2025-07-03,ไม่ผ่านเกณฑ์
น้องเจ้าขา เลิฟ แคท ฟาร์ม คาเฟ่,ร้านเครื่องดื่ม,ตากแดด,เมืองชุมพร,ชุมพร,SAN,2024-10-10,รับรอง
เรือนชะเมา,ร้านจำหน่ายอาหาร,ชุมโค,ปะทิว,ชุมพร,มาตรฐาน SAN,2024-05-27,หมดอายุ
โรงเรียนอนุบาลพะโต๊ะ,โรงอาหาร,พะโต๊ะ,พะโต๊ะ,ชุมพร,SAN,2024-06-18,ไม่ผ่านเกณฑ์
ครัวบ้านริมเล,อื่นๆ,บางน้ำจืด,หลังสวน,ชุมพร,SAN,2024-05-27,ไม่ผ่านเกณฑ์
บ้านไม้ชายเล,ร้านจำหน่ายอาหาร,บางน้ำจืด,หลังสวน,ชุมพร,SAN,2024-04-23,ไม่ผ่านเกณฑ์
บ้านริมเลโฮมสเตย์เกาะพิทักษ์ 2,ร้านจำหน่ายอาหาร,บางน้ำจืด,หลังสวน,ชุมพร,SAN,2024-03-19,ไม่ผ่านเกณฑ์
บ้านริมเลโฮมสเตย์ เกาะพิทักษ์,ร้านจำหน่ายอาหาร,บางน้ำจืด,หลังสวน,ชุมพร,SAN,2024-03-19,ไม่ผ่านเกณฑ์
บ้านโกงกางโฮมสเตย์,อื่นๆ,บางน้ำจืด,หลังสวน,ชุมพร,SAN,2024-03-19,ไม่ผ่านเกณฑ์
ป้าเมียดโฮมสเตย์,อื่นๆ,บางน้ำจืด,หลังสวน,ชุมพร,SAN,2024-03-19,ไม่ผ่านเกณฑ์
เรือนปาริฉัตร โฮมสเตย์,อื่นๆ,,หลังสวน,ชุมพร,SAN,2024-03-19,ไม่ผ่านเกณฑ์
บ้านไออุ่นทะเลโฮมสเตย์เกาะพิทักษ์,อื่นๆ,บางน้ำจืด,หลังสวน,ชุมพร,SAN,2024-03-19,ไม่ผ่านเกณฑ์
น้องแนนโฮมสเตย์ เกาะพิทักษ์,อื่นๆ,บางน้ำจืด,หลังสวน,ชุมพร,SAN,2024-03-19,ไม่ผ่านเกณฑ์
โรงเรียนบ้านตรัง(จันทสิงห์อุทิศ),โรงอาหาร,พะโต๊ะ,พะโต๊ะ,ชุมพร,SAN,2025-07-23,รับรอง
สวนอาหารอิ่มมหาศาล,ร้านจำหน่ายอาหาร,หงษ์เจริญ,ท่าแซะ,ชุมพร,SAN,2024-06-10,ไม่ผ่านเกณฑ์
ร้านป้าเตือน (โรงเรียนพะโต๊ะวิทยา),โรงอาหาร,พะโต๊ะ,พะโต๊ะ,ชุมพร,มาตรฐาน SAN,2024-06-25,หมดอายุ
ร้านยำป้ายา (โรงเรียนพะโต๊ะวิทยา),โรงอาหาร,พะโต๊ะ,พะโต๊ะ,ชุมพร,SAN,2024-06-25,ไม่ผ่านเกณฑ์
ร้านป้าเอี๊ยบขายน้ำ (โรงเรียนพะโต๊ะวิทยา),โรงอาหาร,พะโต๊ะ,พะโต๊ะ,ชุมพร,SAN,2024-06-25,ไม่ผ่านเกณฑ์
ร้านพอเพียงคาเฟ่&ซีฟู๊ด,ร้านจำหน่ายอาหาร,ท่ายาง,เมืองชุมพร,ชุมพร,SAN,2025-08-14,รับรอง
ไดมอน คอฟฟี่,ร้านจำหน่ายอาหาร,ท่ายาง,เมืองชุมพร,ชุมพร,SAN,2024-07-17,ไม่ผ่านเกณฑ์
OWL CHA,ร้านเครื่องดื่ม,ท่ายาง,เมืองชุมพร,ชุมพร,SAN,2025-05-19,รับรอง
ร้านอร่อยดี เอสทีเรสเตอรอง,ร้านจำหน่ายอาหาร,นาโพธิ์,สวี,ชุมพร,SAN,2024-07-17,ไม่ผ่านเกณฑ์
ครัวศิลา,ร้านจำหน่ายอาหาร,บางสน,ปะทิว,ชุมพร,SAN,2024-07-17,ไม่ผ่านเกณฑ์
บ้านริมเลโฮมสเตย์เกาะพิทักษ์ 2,ร้านจำหน่ายอาหาร,บางน้ำจืด,หลังสวน,ชุมพร,SAN,2024-07-17,ไม่ผ่านเกณฑ์
บ้านริมเลโฮมสเตย์ เกาะพิทักษ์,ร้านจำหน่ายอาหาร,บางน้ำจืด,หลังสวน,ชุมพร,SAN,2024-07-17,ไม่ผ่านเกณฑ์
บ้านริมเลโฮมสเตย์ เกาะพิทักษ์,ร้านจำหน่ายอาหาร,บางน้ำจืด,หลังสวน,ชุมพร,SAN,2024-07-17,ไม่ผ่านเกณฑ์
นางยินดี คงเจริญ,อื่นๆ,บางน้ำจืด,หลังสวน,ชุมพร,SAN,2025-05-19,รับรอง
โรงเรียนบ้านเขาตะเภาทอง,โรงอาหาร,พะโต๊ะ,พะโต๊ะ,ชุมพร,SAN,2025-05-19,รับรอง
สวัสดิการร้านค้าโรงเรียนพะโต๊ะวิทยา,อื่นๆ,พะโต๊ะ,พะโต๊ะ,ชุมพร,มาตรฐาน SAN,2024-07-17,หมดอายุ
โรงเรียนบ้านปากเลข,โรงอาหาร,พะโต๊ะ,พะโต๊ะ,ชุมพร,มาตรฐาน SAN,2024-07-17,หมดอายุ
โรงเรียนเพียงหลวง ๕ฯ ,โรงอาหาร,พะโต๊ะ,พะโต๊ะ,ชุมพร,SAN,2025-05-19,รับรอง
ฮกไถ่ กระเพาะปลาน้ำแดงสูตรแต้จิ๋วโบราญ,ร้านจำหน่ายอาหาร,หลังสวน,หลังสวน,ชุมพร,SAN,2025-05-19,รับรอง
ร้านครัวผักสด,ร้านจำหน่ายอาหาร,ท่าตะเภา,เมืองชุมพร,ชุมพร,SAN,2025-05-19,รับรอง
ก๋วยเตี๋ยวหมูน้ำตกบ้านสวนแตง,ร้านจำหน่ายอาหาร,บางลึก,เมืองชุมพร,ชุมพร,SAN,2025-05-19,รับรอง
ร้านครัวเจ๊อ้อย บ้านสวน,ร้านจำหน่ายอาหาร,ท่ายาง,เมืองชุมพร,ชุมพร,มาตรฐาน SAN,2024-12-03,หมดอายุ
อาหารเช้าบ้านแปด-เจ็ด,ร้านจำหน่ายอาหาร,หลังสวน,หลังสวน,ชุมพร,SAN,2024-08-09,ไม่ผ่านเกณฑ์
กันเกราคาเฟ่,ร้านจำหน่ายอาหาร,ท่ายาง,เมืองชุมพร,ชุมพร,SAN,2025-06-30,รับรอง
ไข่หวานบ้านซูชิ,ร้านจำหน่ายอาหาร,หลังสวน,หลังสวน,ชุมพร,SAN,2024-08-09,ไม่ผ่านเกณฑ์
Shabu-Na,ร้านจำหน่ายอาหาร,หลังสวน,หลังสวน,ชุมพร,มาตรฐาน SAN,2024-11-19,หมดอายุ
Eat Me More Cafe',ร้านจำหน่ายอาหาร,หลังสวน,หลังสวน,ชุมพร,SAN,2024-08-09,ไม่ผ่านเกณฑ์
เจ๊นันท์เกาเหลาเลือดหมู,ร้านจำหน่ายอาหาร,หลังสวน,หลังสวน,ชุมพร,SAN,2025-06-10,รับรอง
บิงซู นู๋จ๋า,ร้านจำหน่ายอาหาร,หลังสวน,หลังสวน,ชุมพร,มาตรฐาน SAN,2025-05-14,หมดอายุ
ร้านอาหารเจ๊ยินดี,ร้านจำหน่ายอาหาร,ท่ายาง,เมืองชุมพร,ชุมพร,SAN,2024-09-06,ไม่ผ่านเกณฑ์
Owl cha สาขาบางคอย,ร้านเครื่องดื่ม,ท่ายาง,เมืองชุมพร,ชุมพร,SAN,2024-08-10,ไม่ผ่านเกณฑ์
บ้านโบราณซีฟูีด,ร้านจำหน่ายอาหาร,ท่ายาง,เมืองชุมพร,ชุมพร,SAN,2024-11-23,ไม่ผ่านเกณฑ์
ร้านทัพพีซีฟู๊ด,ร้านจำหน่ายอาหาร,ท่ายาง,เมืองชุมพร,ชุมพร,SAN,2024-11-28,ไม่ผ่านเกณฑ์
ร้านป้าสิน,ร้านจำหน่ายอาหาร,ท่ายาง,เมืองชุมพร,ชุมพร,SAN,2024-11-28,ไม่ผ่านเกณฑ์
โรงแรมชุมพรการ์เดนส์,ร้านจำหน่ายอาหาร,ท่าตะเภา,เมืองชุมพร,ชุมพร,มาตรฐาน SAN,2025-05-14,หมดอายุ
ร้านสุกี้เจ๊กี่ท่ายาง,ร้านจำหน่ายอาหาร,ท่ายาง,เมืองชุมพร,ชุมพร,SAN,2024-11-23,ไม่ผ่านเกณฑ์
ส้มตำต้นรัก,ร้านจำหน่ายอาหาร,ท่ายาง,เมืองชุมพร,ชุมพร,SAN,2024-11-23,ไม่ผ่านเกณฑ์
เจ๊ไพอาหารตามสั่ง,ร้านจำหน่ายอาหาร,ท่ายาง,เมืองชุมพร,ชุมพร,SAN,2025-05-21,ไม่ผ่านเกณฑ์
ชายคอฟฟี่,ร้านจำหน่ายอาหาร,ท่ายาง,เมืองชุมพร,ชุมพร,SAN,2024-11-28,ไม่ผ่านเกณฑ์
BAR HORIZON,ร้านเครื่องดื่ม,ท่ายาง,เมืองชุมพร,ชุมพร,มาตรฐาน SAN,2024-11-28,หมดอายุ
พี่เจ๊ยบขายโจ๊ก,ร้านจำหน่ายอาหาร,ท่ายาง,เมืองชุมพร,ชุมพร,มาตรฐาน SAN,2024-11-29,หมดอายุ
ก๋วยเตี๋ยวเด็กเส้นบางคอย,ร้านจำหน่ายอาหาร,ท่ายาง,เมืองชุมพร,ชุมพร,มาตรฐาน SAN,2024-11-28,หมดอายุ
ร้านอาหารขาว-แหวว,ร้านจำหน่ายอาหาร,ท่ายาง,เมืองชุมพร,ชุมพร,มาตรฐาน SAN,2024-11-29,หมดอายุ
ร้านเจ๊ตา ท่ายาง,ร้านจำหน่ายอาหาร,ท่ายาง,เมืองชุมพร,ชุมพร,SAN,2024-12-03,ไม่ผ่านเกณฑ์
ก๋วยเตี๋ยวไก่มะระบุฟเฟ่,ร้านจำหน่ายอาหาร,ท่ายาง,เมืองชุมพร,ชุมพร,มาตรฐาน SAN,2024-12-11,หมดอายุ
อเมซอน โอเชี่ยน,ร้านเครื่องดื่ม,ท่าตะเภา,เมืองชุมพร,ชุมพร,SAN,2025-01-29,ไม่ผ่านเกณฑ์
ร้านครัวทรายรี,ร้านจำหน่ายอาหาร,หาดทรายรี,เมืองชุมพร,ชุมพร,มาตรฐาน SAN,2025-02-14,หมดอายุ
Iconic  club  style,ร้านจำหน่ายอาหาร,นาทุ่ง,เมืองชุมพร,ชุมพร,SAN,2025-07-08,รับรอง
 COOK & COFF @ chumphon,ร้านจำหน่ายอาหาร,บางหมาก,เมืองชุมพร,ชุมพร,มาตรฐาน SAN,2025-02-28,หมดอายุ
ลานแลเล,ร้านจำหน่ายอาหาร,หาดทรายรี,เมืองชุมพร,ชุมพร,SAN,2025-07-31,รับรอง
ร้านครัวผักสด,ร้านจำหน่ายอาหาร,ท่าตะเภา,เมืองชุมพร,ชุมพร,SAN,2025-04-03,ไม่ผ่านเกณฑ์
เชฟฝ้าย,ร้านจำหน่ายอาหาร,บางหมาก,เมืองชุมพร,ชุมพร,SAN,2025-07-16,รับรอง
หจก.ประตูเมือง คอฟฟี่,ร้านเครื่องดื่ม,หาดพันไกร,เมืองชุมพร,ชุมพร,SAN,2025-03-18,ไม่ผ่านเกณฑ์
บริษัท หอมเคย ชุมพร จำกัด,ร้านจำหน่ายอาหาร,ทุ่งตะไคร,ทุ่งตะโก,ชุมพร,มาตรฐาน SAN,2025-04-08,หมดอายุ
บ้านไม้ชายเล,ร้านจำหน่ายอาหาร,บางน้ำจืด,หลังสวน,ชุมพร,มาตรฐาน SAN,2025-05-21,หมดอายุ
วิแวว นำ้สมุนไพร,ร้านเครื่องดื่ม,วังตะกอ,หลังสวน,ชุมพร,SAN,2025-05-21,ไม่ผ่านเกณฑ์
ครัวศิลา,ร้านจำหน่ายอาหาร,บางสน,ปะทิว,ชุมพร,SAN,2025-04-22,ไม่ผ่านเกณฑ์
ครัวศิลา,ร้านจำหน่ายอาหาร,บางสน,ปะทิว,ชุมพร,SAN,2025-05-20,ไม่ผ่านเกณฑ์
 COOK & COFF @ chumphon,ร้านจำหน่ายอาหาร,บางหมาก,เมืองชุมพร,ชุมพร,SAN,2025-05-01,ไม่ผ่านเกณฑ์
เดอะเนสท์ ไพรเวท บีช รีสอร์ท ชุมพร,ร้านจำหน่ายอาหาร,หาดทรายรี,เมืองชุมพร,ชุมพร,มาตรฐาน SAN,2025-04-30,หมดอายุ
เดอะเนสท์ ไพรเวท บีช รีสอร์ท ชุมพร,ร้านจำหน่ายอาหาร,หาดทรายรี,เมืองชุมพร,ชุมพร,มาตรฐาน SAN,2025-04-30,หมดอายุ
ร้านน้องใหม่,ร้านจำหน่ายอาหาร,หาดทรายรี,เมืองชุมพร,ชุมพร,SAN,2025-04-30,ไม่ผ่านเกณฑ์
เก๊าไม้คาเฟ่,ร้านจำหน่ายอาหาร,หาดทรายรี,เมืองชุมพร,ชุมพร,SAN,2024-11-23,รับรอง
ครัวเอริน,ร้านจำหน่ายอาหาร,หาดทรายรี,เมืองชุมพร,ชุมพร,SAN,2025-04-30,ไม่ผ่านเกณฑ์
ผัดไทยหมอแต๋ว,ร้านจำหน่ายอาหาร,หาดทรายรี,เมืองชุมพร,ชุมพร,มาตรฐาน SAN,2025-04-30,หมดอายุ
ร้านซีไลน์ ทรายรี ซีฟู้ด,ร้านจำหน่ายอาหาร,หาดทรายรี,เมืองชุมพร,ชุมพร,มาตรฐาน SAN,2025-04-30,หมดอายุ
ร้านอาหาร The Seaside Tharuea Cafe&Bistro,ร้านจำหน่ายอาหาร,หาดทรายรี,เมืองชุมพร,ชุมพร,SAN,2025-04-30,ไม่ผ่านเกณฑ์
Ma-Meaw cafe,ร้านเครื่องดื่ม,นาทุ่ง,เมืองชุมพร,ชุมพร,SAN,2025-05-21,ไม่ผ่านเกณฑ์
ร้านก๋วยเตี๋ยวขุนทอง 2,ร้านจำหน่ายอาหาร,ท่าแซะ,ท่าแซะ,ชุมพร,SAN,2025-05-14,ไม่ผ่านเกณฑ์
ครัวอีสานรสแซ่บ,ร้านจำหน่ายอาหาร,ท่าแซะ,ท่าแซะ,ชุมพร,SAN,2024-09-05,รับรอง
เรื่องกินคาเฟ่,ร้านจำหน่ายอาหาร,ดอนยาง,ปะทิว,ชุมพร,SAN,2025-05-14,ไม่ผ่านเกณฑ์
ร้านกาแฟหน้าสวน,ร้านจำหน่ายอาหาร,ดอนยาง,ปะทิว,ชุมพร,SAN,2025-05-14,ไม่ผ่านเกณฑ์
ร้านชุมพร  คาบาน่า,ร้านจำหน่ายอาหาร,สะพลี,ปะทิว,ชุมพร,SAN,2025-05-14,ไม่ผ่านเกณฑ์
บ้านไออุ่นทะเลโฮมสเตย์เกาะพิทักษ์,อื่นๆ,บางน้ำจืด,หลังสวน,ชุมพร,SAN,2025-06-20,รับรอง
ป้าเมียดโฮมสเตย์,อื่นๆ,บางน้ำจืด,หลังสวน,ชุมพร,SAN,2025-06-20,รับรอง
น้องแนนโฮมสเตย์ เกาะพิทักษ์,อื่นๆ,บางน้ำจืด,หลังสวน,ชุมพร,SAN,2025-05-21,ไม่ผ่านเกณฑ์
หัตถพร นาคเพชร,ศูนย์อาหาร,วังตะกอ,หลังสวน,ชุมพร,SAN,2025-05-21,ไม่ผ่านเกณฑ์
ปิ่นโตแม่,ศูนย์อาหาร,วังตะกอ,หลังสวน,ชุมพร,SAN,2025-05-21,ไม่ผ่านเกณฑ์
ร้านข้าวแกงพี่ปู,ศูนย์อาหาร,วังตะกอ,หลังสวน,ชุมพร,SAN,2025-05-21,ไม่ผ่านเกณฑ์
ร้านลูกชิ้นทอด,ศูนย์อาหาร,วังตะกอ,หลังสวน,ชุมพร,SAN,2025-05-21,ไม่ผ่านเกณฑ์
มันทนาข้าวยำ,ร้านจำหน่ายอาหาร,ตากแดด,เมืองชุมพร,ชุมพร,SAN,2025-05-21,ไม่ผ่านเกณฑ์
บ้านโกงกางโฮมสเตย์,อื่นๆ,บางน้ำจืด,หลังสวน,ชุมพร,SAN,2025-05-21,ไม่ผ่านเกณฑ์
เรือนปาริฉัตร โฮมสเตย์,อื่นๆ,,หลังสวน,ชุมพร,SAN,2024-12-15,รับรอง
เนื้อตุ๋น กะ เพรา,ร้านจำหน่ายอาหาร,นาทุ่ง,เมืองชุมพร,ชุมพร,SAN,2025-05-21,ไม่ผ่านเกณฑ์
ร้านกาแฟพันธุ์ไทย,ร้านเครื่องดื่ม,ท่าตะเภา,เมืองชุมพร,ชุมพร,SAN PLUS,2025-05-23,รับรอง
ร้านอาหารลมโชยละแม@รีสอร์ท,ร้านจำหน่ายอาหาร,ทุ่งหลวง,ละแม,ชุมพร,SAN,2024-10-17,รับรอง
สวนอาหารอิ่มมหาศาล,ร้านจำหน่ายอาหาร,หงษ์เจริญ,ท่าแซะ,ชุมพร,SAN,2025-06-09,ไม่ผ่านเกณฑ์
ร้าน ตำมั่ว,ร้านจำหน่ายอาหาร,ท่าตะเภา,เมืองชุมพร,ชุมพร,SAN,2025-03-21,รับรอง
นวยข้าวมันไก่วัดท่ายางใต้,ร้านจำหน่ายอาหาร,ท่ายาง,เมืองชุมพร,ชุมพร,SAN,2025-08-06,ไม่ผ่านเกณฑ์
ก๋วยเตี๋ยวเนื้อนายดำ,ร้านจำหน่ายอาหาร,ท่าตะเภา,เมืองชุมพร,ชุมพร,SAN PLUS,2025-05-01,รับรอง
ชุมพรแต่เตี้ยม,ร้านจำหน่ายอาหาร,ท่าตะเภา,เมืองชุมพร,ชุมพร,SAN,2025-06-10,รับรอง
ตำมั่ว,ร้านจำหน่ายอาหาร,ท่าตะเภา,เมืองชุมพร,ชุมพร,SAN,2025-04-21,รับรอง
ร้านก๋วยเตี่ยวพี่ษา,ศูนย์อาหาร,วังตะกอ,หลังสวน,ชุมพร,SAN,2025-01-31,รับรอง
มุมกาแฟ,ร้านเครื่องดื่ม,วังตะกอ,หลังสวน,ชุมพร,SAN,2025-01-31,รับรอง
ร้านข้าวแกงอิ่มโอษฐ์,ศูนย์อาหาร,วังตะกอ,หลังสวน,ชุมพร,SAN,2025-01-31,รับรอง
ครัวบ้านริมเล,อื่นๆ,บางน้ำจืด,หลังสวน,ชุมพร,SAN,2025-01-31,รับรอง
ร้านป้าเตือน (โรงเรียนพะโต๊ะวิทยา),โรงอาหาร,พะโต๊ะ,พะโต๊ะ,ชุมพร,SAN,2025-01-31,รับรอง
ร้านยำป้ายา (โรงเรียนพะโต๊ะวิทยา),โรงอาหาร,พะโต๊ะ,พะโต๊ะ,ชุมพร,SAN,2025-01-31,รับรอง
ร้านป้าเอี๊ยบขายน้ำ (โรงเรียนพะโต๊ะวิทยา),โรงอาหาร,พะโต๊ะ,พะโต๊ะ,ชุมพร,SAN,2025-01-31,รับรอง
โรงครัวโรงพยาบาลปะทิว,อื่นๆ,บางสน,ปะทิว,ชุมพร,SAN,2025-01-31,รับรอง
Morning drug ,ร้านเครื่องดื่ม,นาทุ่ง,เมืองชุมพร,ชุมพร,SAN,2025-07-04,ไม่ผ่านเกณฑ์
Morning drug ,ร้านเครื่องดื่ม,นาทุ่ง,เมืองชุมพร,ชุมพร,SAN,2025-02-02,รับรอง
ข้าวแกงน้องไนท์,ร้านจำหน่ายอาหาร,ท่าตะเภา,เมืองชุมพร,ชุมพร,SAN,2025-07-04,ไม่ผ่านเกณฑ์
โชคชัยข้าวมันไก่,ร้านจำหน่ายอาหาร,ท่าตะเภา,เมืองชุมพร,ชุมพร,SAN,2025-07-04,ไม่ผ่านเกณฑ์
ร้าน Auntie Ben,ร้านจำหน่ายอาหาร,ท่าตะเภา,เมืองชุมพร,ชุมพร,SAN,2025-07-04,ไม่ผ่านเกณฑ์
ครัวเณรน้อยคันทรี่,ร้านจำหน่ายอาหาร,ตากแดด,เมืองชุมพร,ชุมพร,SAN,2025-02-05,รับรอง
ครัวเณรน้อยคันทรี่,ร้านจำหน่ายอาหาร,ตากแดด,เมืองชุมพร,ชุมพร,SAN,2025-07-04,ไม่ผ่านเกณฑ์
โรงเรียนอนุบาลพะโต๊ะ,โรงอาหาร,พะโต๊ะ,พะโต๊ะ,ชุมพร,SAN,2025-07-04,ไม่ผ่านเกณฑ์
บุญศิริซีฟู้ด,ร้านจำหน่ายอาหาร,นาทุ่ง,เมืองชุมพร,ชุมพร,SAN,2025-02-03,รับรอง
ร้านทองมีคอฟฟี่,ร้านจำหน่ายอาหาร,ท่าตะเภา,เมืองชุมพร,ชุมพร,SAN,2025-04-24,รับรอง
ร้านส้มตำซีฟู้ด,ร้านจำหน่ายอาหาร,บางหมาก,เมืองชุมพร,ชุมพร,SAN,2025-02-07,รับรอง
โอเคหมูกระทะ,ร้านบุฟเฟ่ต์ (ปิ้งย่าง/ชาบู/สุกี้),นาทุ่ง,เมืองชุมพร,ชุมพร,SAN,2025-02-03,รับรอง
ร้านปาป้า,ร้านจำหน่ายอาหาร,ท่าตะเภา,เมืองชุมพร,ชุมพร,SAN,2025-02-03,รับรอง
ฟารีดา สาขา 2,ร้านจำหน่ายอาหาร,ท่าตะเภา,เมืองชุมพร,ชุมพร,SAN,2025-04-24,รับรอง
ร้านตำแรด,ร้านจำหน่ายอาหาร,ท่าตะเภา,เมืองชุมพร,ชุมพร,SAN,2025-07-04,ไม่ผ่านเกณฑ์
ร้านตำเพลิน,ร้านจำหน่ายอาหาร,นาทุ่ง,เมืองชุมพร,ชุมพร,SAN,2025-04-24,รับรอง
เรือนชะเมา,ร้านจำหน่ายอาหาร,ชุมโค,ปะทิว,ชุมพร,SAN,2025-03-12,รับรอง
ชูเกียรติ 2,ร้านจำหน่ายอาหาร,ท่าตะเภา,เมืองชุมพร,ชุมพร,SAN,2025-08-01,ไม่ผ่านเกณฑ์
The glass cafe & Restaurant,ร้านจำหน่ายอาหาร,ท่าตะเภา,เมืองชุมพร,ชุมพร,SAN,2025-08-01,ไม่ผ่านเกณฑ์
สเต็กบาร์,ร้านจำหน่ายอาหาร,บางหมาก,เมืองชุมพร,ชุมพร,SAN,2025-08-01,ไม่ผ่านเกณฑ์
ร้านเทียนชัย,ร้านจำหน่ายอาหาร,ท่าตะเภา,เมืองชุมพร,ชุมพร,SAN,2025-08-01,ไม่ผ่านเกณฑ์
มังกรหยก,ร้านจำหน่ายอาหาร,ท่าตะเภา,เมืองชุมพร,ชุมพร,SAN,2025-08-01,ไม่ผ่านเกณฑ์
ก๋วยเตี๋ยวเนื้อนายศาล,ร้านจำหน่ายอาหาร,นาทุ่ง,เมืองชุมพร,ชุมพร,SAN,2025-08-01,ไม่ผ่านเกณฑ์
Aiyacha,ร้านเครื่องดื่ม,ท่าตะเภา,เมืองชุมพร,ชุมพร,SAN,2025-04-23,รับรอง
บาร์ลาเต้ คอฟฟี่,ร้านเครื่องดื่ม,นาทุ่ง,เมืองชุมพร,ชุมพร,SAN,2025-04-23,รับรอง
ร้านตำแรด,ร้านจำหน่ายอาหาร,ท่าตะเภา,เมืองชุมพร,ชุมพร,SAN,2025-08-01,ไม่ผ่านเกณฑ์
ก๋วยเตี๋ยวต้นโพธิ์,ร้านจำหน่ายอาหาร,ท่าตะเภา,เมืองชุมพร,ชุมพร,SAN,2025-04-23,รับรอง
อเมซอน (รพ.ชุมพรฯ),ร้านเครื่องดื่ม,ท่าตะเภา,เมืองชุมพร,ชุมพร,SAN,2025-06-05,รับรอง
ร้านซูชิมั้ย,ร้านจำหน่ายอาหาร,ท่าตะเภา,เมืองชุมพร,ชุมพร,SAN,2025-08-01,ไม่ผ่านเกณฑ์
อินทนิล คอฟฟี่,ร้านเครื่องดื่ม,ท่าตะเภา,เมืองชุมพร,ชุมพร,SAN,2025-04-23,รับรอง
ร้านโฮม สุขเสมอ,ร้านจำหน่ายอาหาร,ท่าตะเภา,เมืองชุมพร,ชุมพร,SAN,2025-06-05,รับรอง
แมนดาริน,ร้านเครื่องดื่ม,ท่าตะเภา,เมืองชุมพร,ชุมพร,SAN,2025-04-23,รับรอง
บริษัท ซีพี ออลล์ จำกัด (มหาชน) สาขาท่ายาง ชุมพร (14552),ร้านเครื่องดื่ม,ท่ายาง,เมืองชุมพร,ชุมพร,SAN,2025-08-06,ไม่ผ่านเกณฑ์
ยิ้มแป้นเบเกอรี่,อื่นๆ,ท่ายาง,เมืองชุมพร,ชุมพร,SAN,2025-08-07,ไม่ผ่านเกณฑ์
ร้านข้าวมันไก่ เซ็งกี่,ร้านจำหน่ายอาหาร,ท่ายาง,เมืองชุมพร,ชุมพร,SAN,2025-08-07,ไม่ผ่านเกณฑ์
บมจ.เจริญโภคภัณฑ์อาหาร (ศูนย์ปรับปรุงพันธุกรรมกุ้ง ปะทิว),โรงอาหาร,บางสน,ปะทิว,ชุมพร,SAN,2025-05-13,รับรอง
นางยินดี คงเจริญ,อื่นๆ,บางน้ำจืด,หลังสวน,ชุมพร,SAN,2025-08-25,ไม่ผ่านเกณฑ์
บ้านริมเลโฮมสเตย์เกาะพิทักษ์ 2,ร้านจำหน่ายอาหาร,บางน้ำจืด,หลังสวน,ชุมพร,SAN,2025-05-14,รับรอง
