name,type,subdistrict,district,province,standard,approve_date,status
สวนอาหารบัวหลวง,สวนอาหาร,ท่าศาลา,เมืองลพบุรี,ลพบุรี,SAN,2024-10-24,รับรอง
สถานีนมสดลพบุรี ,ร้านจำหน่ายอาหาร,ทะเลชุบศร,เมืองลพบุรี,ลพบุรี,SAN,2024-10-24,รับรอง
 ร้านภูคา,ร้านจำหน่ายอาหาร,ป่าตาล,เมืองลพบุรี,ลพบุรี,SAN,2024-10-24,รับรอง
On the grill steak & bistro,ร้านจำหน่ายอาหาร,ท่าศาลา,เมืองลพบุรี,ลพบุรี,SAN,2024-10-24,รับรอง
ร้านริน,ร้านจำหน่ายอาหาร,ทะเลชุบศร,เมืองลพบุรี,ลพบุรี,SAN,2024-10-24,รับรอง
ร้านอาหารตามสั่งเจ๊อร,ร้านจำหน่ายอาหาร,ไผ่ใหญ่,บ้านหมี่,ลพบุรี,SAN,2025-06-06,รับรอง
ร้านก๋วยเตี๋ยวคุณป้าเขี่ยม,ร้านจำหน่ายอาหาร,ไผ่ใหญ่,บ้านหมี่,ลพบุรี,SAN,2023-09-28,ไม่ผ่านเกณฑ์
ร้านก๋วยเตี๋ยวคุณนิยม,ร้านจำหน่ายอาหาร,ไผ่ใหญ่,บ้านหมี่,ลพบุรี,มาตรฐาน SAN,2023-08-04,หมดอายุ
ร้านก๋วยเตี๋ยวคุณสำรี,ร้านจำหน่ายอาหาร,ไผ่ใหญ่,บ้านหมี่,ลพบุรี,มาตรฐาน SAN,2023-08-04,หมดอายุ
ครัวคุณตุ๊ก,ร้านจำหน่ายอาหาร,ดอนดึง,บ้านหมี่,ลพบุรี,SAN,2025-02-19,ไม่ผ่านเกณฑ์
อาหารป่าดอนดึง,ร้านจำหน่ายอาหาร,ดอนดึง,บ้านหมี่,ลพบุรี,มาตรฐาน SAN,2023-09-25,หมดอายุ
ร้านก๋วยเตี๊ยวนำชัย,ร้านจำหน่ายอาหาร,เขาพระงาม,เมืองลพบุรี,ลพบุรี,SAN,2025-02-24,ไม่ผ่านเกณฑ์
ครัวชาวซอย,ร้านจำหน่ายอาหาร,ดีลัง,พัฒนานิคม,ลพบุรี,มาตรฐาน SAN,2025-02-10,หมดอายุ
ร้านป๊อป เรสเตอรองต์,ร้านจำหน่ายอาหาร,ลำนารายณ์,ชัยบาดาล,ลพบุรี,SAN,2025-05-08,ไม่ผ่านเกณฑ์
วุ้นหอมปาก​ หอมคอ,ร้านจำหน่ายอาหาร,ทะเลชุบศร,เมืองลพบุรี,ลพบุรี,มาตรฐาน SAN,2025-02-24,หมดอายุ
ร้าน Na-baan 58 cafe',ร้านจำหน่ายอาหาร,หัวลำ,ท่าหลวง,ลพบุรี,SAN,2025-05-08,ไม่ผ่านเกณฑ์
ร้านชาวดอย ท่าหลวง,ร้านเครื่องดื่ม,ท่าหลวง,ท่าหลวง,ลพบุรี,SAN,2025-05-08,ไม่ผ่านเกณฑ์
ร้านอาหารไทยภูนารายณ์,ร้านจำหน่ายอาหาร,หนองผักแว่น,ท่าหลวง,ลพบุรี,SAN,2025-05-08,ไม่ผ่านเกณฑ์
ร้านนุ้ยหมูกระทะ,ร้านจำหน่ายอาหาร,ท่าหลวง,ท่าหลวง,ลพบุรี,SAN,2025-05-08,ไม่ผ่านเกณฑ์
ร้านอมรเทพ,โรงอาหาร,นิคมสร้างตนเอง,เมืองลพบุรี,ลพบุรี,SAN,2025-03-07,ไม่ผ่านเกณฑ์
เอบิสึราเมน ลพบุรี,ร้านจำหน่ายอาหาร,ป่าตาล,เมืองลพบุรี,ลพบุรี,SAN,2024-03-11,ไม่ผ่านเกณฑ์
เหมียวโภชนา,ร้านจำหน่ายอาหาร,ป่าตาล,เมืองลพบุรี,ลพบุรี,SAN,2024-02-10,ไม่ผ่านเกณฑ์
ร้านบั๊ม by น้อง,โรงอาหาร,ท่าศาลา,เมืองลพบุรี,ลพบุรี,SAN,2024-05-27,ไม่ผ่านเกณฑ์
ร้านกังหันลม,ภัตาคาร,บางงา,ท่าวุ้ง,ลพบุรี,SAN,2024-05-30,ไม่ผ่านเกณฑ์
ร้านลาบตาเก๋,ร้านจำหน่ายอาหาร,โคกสลุง,พัฒนานิคม,ลพบุรี,SAN,2024-06-25,ไม่ผ่านเกณฑ์
ร้านพี่ตุ๊กอาหารตามสั่ง,ร้านจำหน่ายอาหาร,โคกสลุง,พัฒนานิคม,ลพบุรี,มาตรฐาน SAN,2024-06-25,หมดอายุ
ป้าน้อยอาหารตามสั่ง,ร้านจำหน่ายอาหาร,โคกสลุง,พัฒนานิคม,ลพบุรี,มาตรฐาน SAN,2024-06-25,หมดอายุ
ก๋วยเตี๋ยวต้มยำเจ๊แอ๋ม,ร้านจำหน่ายอาหาร,โคกสลุง,พัฒนานิคม,ลพบุรี,มาตรฐาน SAN,2024-06-25,หมดอายุ
ร้านส้มตำข้าวแกงพี่ทิพย์,ร้านจำหน่ายอาหาร,โคกสลุง,พัฒนานิคม,ลพบุรี,SAN,2025-03-20,รับรอง
ร้านก๋วยเตี๋ยวตำลึงต้มยำเมืองละโว้,ร้านจำหน่ายอาหาร,โคกสลุง,พัฒนานิคม,ลพบุรี,มาตรฐาน SAN,2024-06-25,หมดอายุ
ก๋วยเตี๋ยวคอแห้ง,ร้านจำหน่ายอาหาร,โคกสลุง,พัฒนานิคม,ลพบุรี,มาตรฐาน SAN,2024-06-25,หมดอายุ
ร้านพี่นุ้ย,ร้านจำหน่ายอาหาร,โคกสลุง,พัฒนานิคม,ลพบุรี,มาตรฐาน SAN,2024-06-25,หมดอายุ
ป้าน้อยตามสั่ง,ร้านจำหน่ายอาหาร,โคกสลุง,พัฒนานิคม,ลพบุรี,มาตรฐาน SAN,2024-06-25,หมดอายุ
ร้านลาบตาเก๋,ร้านจำหน่ายอาหาร,โคกสลุง,พัฒนานิคม,ลพบุรี,SAN,2025-05-14,รับรอง
Sirinapa test,ร้านจำหน่ายอาหาร,ช่องสาริกา,พัฒนานิคม,ลพบุรี,มาตรฐาน SAN,2024-06-25,หมดอายุ
บ้านไร่อิสระ,ร้านจำหน่ายอาหาร,ชอนสารเดช,หนองม่วง,ลพบุรี,มาตรฐาน SAN,2024-07-02,หมดอายุ
บ้านกล้วยไข่และไข่ค่าเฟ่,ร้านเครื่องดื่ม,หนองบัว,พัฒนานิคม,ลพบุรี,มาตรฐาน SAN,2024-07-02,หมดอายุ
ตองอู   คาเฟ่,ร้านจำหน่ายอาหาร,โคกสลุง,พัฒนานิคม,ลพบุรี,SAN,2024-09-09,รับรอง
ร้านศิรามณี,ร้านจำหน่ายอาหาร,เขาพระงาม,เมืองลพบุรี,ลพบุรี,SAN,2025-07-17,รับรอง
ชายสี่บะหมี่เกี๊ยว,ร้านจำหน่ายอาหาร,หนองม่วง,หนองม่วง,ลพบุรี,SAN,2024-07-03,ไม่ผ่านเกณฑ์
เจ๊นาก๋วยเตี๋ยวเนื้อ,ร้านจำหน่ายอาหาร,เขาพระงาม,เมืองลพบุรี,ลพบุรี,SAN,2025-07-17,รับรอง
ข้าวมันไก่ตาโต,ร้านจำหน่ายอาหาร,หนองม่วง,หนองม่วง,ลพบุรี,SAN,2024-07-03,ไม่ผ่านเกณฑ์
ก๋วยเตี๋ยวมรดกแม่,อื่นๆ,หนองม่วง,หนองม่วง,ลพบุรี,SAN,2024-07-03,ไม่ผ่านเกณฑ์
ครัวติดดาว,ร้านจำหน่ายอาหาร,หนองม่วง,หนองม่วง,ลพบุรี,SAN,2025-07-17,รับรอง
ร้านผู้ใหญ่บัติสมบัติหมูกระทะ,อื่นๆ,หนองม่วง,หนองม่วง,ลพบุรี,SAN,2024-07-03,ไม่ผ่านเกณฑ์
ครัวแม่สุรางค์,ร้านจำหน่ายอาหาร,หนองม่วง,หนองม่วง,ลพบุรี,SAN,2025-07-17,รับรอง
ต้นอ้อหมูกระทะ,ร้านจำหน่ายอาหาร,หนองม่วง,หนองม่วง,ลพบุรี,SAN,2024-07-03,ไม่ผ่านเกณฑ์
เตี๋ยวเตาฟืนอาหารตามสั่ง,ร้านจำหน่ายอาหาร,หนองม่วง,หนองม่วง,ลพบุรี,SAN,2025-07-23,รับรอง
ก๋วยเตี๋ยวมาลี,ร้านจำหน่ายอาหาร,หนองม่วง,หนองม่วง,ลพบุรี,SAN,2025-07-17,รับรอง
ครัวแม่ยาย,อื่นๆ,หนองม่วง,หนองม่วง,ลพบุรี,SAN,2024-07-03,ไม่ผ่านเกณฑ์
ครัวป้าแอ๊ด,ร้านจำหน่ายอาหาร,หนองม่วง,หนองม่วง,ลพบุรี,SAN,2024-07-03,ไม่ผ่านเกณฑ์
ข้าวมันไก่,ร้านจำหน่ายอาหาร,เขาสามยอด,เมืองลพบุรี,ลพบุรี,มาตรฐาน SAN,2024-07-05,หมดอายุ
ร้านนครปฐมเป็ดย่าง,ร้านจำหน่ายอาหาร,เขาสามยอด,เมืองลพบุรี,ลพบุรี,SAN,2024-07-05,ไม่ผ่านเกณฑ์
ร้านข้าวต้มครปฐม ลพบุรี,ร้านจำหน่ายอาหาร,เขาสามยอด,เมืองลพบุรี,ลพบุรี,SAN,2024-07-05,ไม่ผ่านเกณฑ์
ร้านดวงเจริญหมูกระทะ,ร้านจำหน่ายอาหาร,ดีลัง,พัฒนานิคม,ลพบุรี,SAN,2024-07-12,ไม่ผ่านเกณฑ์
เชฟอั๋น,ร้านจำหน่ายอาหาร,ดีลัง,พัฒนานิคม,ลพบุรี,SAN,2024-07-12,ไม่ผ่านเกณฑ์
บริษัท ซี พี ออลล์ จำกัด (มหาชน) สาขาดงสวอง,ร้านจำหน่ายอาหาร,เขาสามยอด,เมืองลพบุรี,ลพบุรี,มาตรฐาน SAN,2024-07-12,หมดอายุ
บริษัท ซี.เจ. เอ็กซ์เพลส กรุ๊ป จำกัด สาขาดงสวอง,ร้านเครื่องดื่ม,เขาสามยอด,เมืองลพบุรี,ลพบุรี,มาตรฐาน SAN,2024-07-12,หมดอายุ
บริษัท ซี พี ออลล์ จำกัด (มหาชน) สาขาละโว้,ร้านจำหน่ายอาหาร,เขาสามยอด,เมืองลพบุรี,ลพบุรี,มาตรฐาน SAN,2024-07-11,หมดอายุ
บริษัท ซี พี ออลล์ จำกัด (มหาชน) สาขาทะเลชุบศร,ร้านจำหน่ายอาหาร,เขาสามยอด,เมืองลพบุรี,ลพบุรี,SAN,2024-07-11,ไม่ผ่านเกณฑ์
บริษัท ซี พี แอ๊กซ์ตร้า จำกัด (มหาชน) (โลตัสทะเลชุบศร),ร้านจำหน่ายอาหาร,เขาสามยอด,เมืองลพบุรี,ลพบุรี,SAN,2024-07-11,ไม่ผ่านเกณฑ์
บริษัท บิ๊กซี ซุปเปอร์ เซ็นต์เตอร์ จำกัด (มหาชน) เขาสามยอด (สาขาวัดดงสวอง),ร้านจำหน่ายอาหาร,เขาสามยอด,เมืองลพบุรี,ลพบุรี,มาตรฐาน SAN,2024-07-12,หมดอายุ
ครัวชาวซอย,ร้านจำหน่ายอาหาร,ดีลัง,พัฒนานิคม,ลพบุรี,SAN,2024-07-12,ไม่ผ่านเกณฑ์
โรงครัวโรงพยาบาลพัฒนานิคม,อื่นๆ,พัฒนานิคม,พัฒนานิคม,ลพบุรี,มาตรฐาน SAN,2024-07-12,หมดอายุ
บริษัท ซี.เจ. เอ็กซ์เพลส กรุ๊ป จำกัด สาขาเอราวัณ,ร้านจำหน่ายอาหาร,เขาสามยอด,เมืองลพบุรี,ลพบุรี,SAN,2024-07-12,ไม่ผ่านเกณฑ์
บริษัท บิ๊กซี ซุปเปอร์ เซ็นต์เตอร์ จำกัด (มหาชน) สาขาเอราวัณ,อื่นๆ,เขาสามยอด,เมืองลพบุรี,ลพบุรี,SAN,2024-07-12,ไม่ผ่านเกณฑ์
บริษัท ซีพี แอ๊กซ์ตร้า จำกัด (มหาชน) (โลตัสสาขาเอราวัณ),ร้านจำหน่ายอาหาร,เขาสามยอด,เมืองลพบุรี,ลพบุรี,SAN,2024-07-11,ไม่ผ่านเกณฑ์
บริษัท ซี พี ออลล์ จำกัด (มหาชน) สาขาเอราวัณ,ร้านจำหน่ายอาหาร,เขาสามยอด,เมืองลพบุรี,ลพบุรี,SAN,2025-06-10,รับรอง
บริษัท ซี พี ออลล์ จำกัด (มหาชน) สาขา 18985,ร้านจำหน่ายอาหาร,เขาสามยอด,เมืองลพบุรี,ลพบุรี,SAN PLUS,2024-03-21,หมดอายุ
ครัวแม่จำลอง,ร้านจำหน่ายอาหาร,ดีลัง,พัฒนานิคม,ลพบุรี,มาตรฐาน SAN,2024-07-12,หมดอายุ
บริษัท ซี พี ออลล์ จำกัด (มหาชน) สาขาไฟฟ้าลพบุรี,ร้านจำหน่ายอาหาร,เขาสามยอด,เมืองลพบุรี,ลพบุรี,SAN,2024-08-14,ไม่ผ่านเกณฑ์
บริษัท ซี พี ออลล์ จำกัด (มหาชน) สาขา รพ.พระนารายณ์,ร้านจำหน่ายอาหาร,เขาสามยอด,เมืองลพบุรี,ลพบุรี,มาตรฐาน SAN,2024-08-14,หมดอายุ
โรงเลี้ยง พัน.ป.ศป.,โรงอาหาร,เขาพระงาม,เมืองลพบุรี,ลพบุรี,SAN,2025-02-24,ไม่ผ่านเกณฑ์
Time Frame Day Cafe',ร้านเครื่องดื่ม,เขาสามยอด,เมืองลพบุรี,ลพบุรี,SAN,2024-09-13,ไม่ผ่านเกณฑ์
สหายหมูกระทะ,ร้านจำหน่ายอาหาร,เขาสามยอด,เมืองลพบุรี,ลพบุรี,SAN,2024-09-13,ไม่ผ่านเกณฑ์
ตึ๋ง ลาบเป็ด,ร้านจำหน่ายอาหาร,เขาสามยอด,เมืองลพบุรี,ลพบุรี,SAN,2024-09-13,ไม่ผ่านเกณฑ์
2 มอ ก๋วยเตี๋ยวเรือ & เบเกอร์รี่,ร้านจำหน่ายอาหาร,เขาสามยอด,เมืองลพบุรี,ลพบุรี,SAN,2024-09-13,ไม่ผ่านเกณฑ์
Moon Cafe' & Bar,ร้านเครื่องดื่ม,เขาสามยอด,เมืองลพบุรี,ลพบุรี,SAN,2025-07-14,รับรอง
บริษัท ซี พี ออลล์ จำกัด (มหาชน) สาขาตลาดเอราวัณ (สระมะเกลือ),ร้านจำหน่ายอาหาร,เขาสามยอด,เมืองลพบุรี,ลพบุรี,มาตรฐาน SAN,2024-09-13,หมดอายุ
บริษัท ส.บุญเรือง กรุ๊ป จำกัด (อเมซอน สาขาสระมะเกลือ),ร้านเครื่องดื่ม,เขาสามยอด,เมืองลพบุรี,ลพบุรี,มาตรฐาน SAN,2024-09-13,หมดอายุ
อำพร,ร้านจำหน่ายอาหาร,หนองกระเบียน,บ้านหมี่,ลพบุรี,SAN,2025-06-27,รับรอง
โกชาย,ร้านจำหน่ายอาหาร,เขาสามยอด,เมืองลพบุรี,ลพบุรี,SAN,2024-09-19,ไม่ผ่านเกณฑ์
แก้วเจ้าจอม อาหารปักษ์ใต้,ร้านจำหน่ายอาหาร,เขาสามยอด,เมืองลพบุรี,ลพบุรี,SAN,2024-09-19,ไม่ผ่านเกณฑ์
ลวกเส้น,ร้านจำหน่ายอาหาร,เขาสามยอด,เมืองลพบุรี,ลพบุรี,SAN,2024-09-19,ไม่ผ่านเกณฑ์
ก๋วยเตี๋ยวต้มยำกะละมัง,ร้านจำหน่ายอาหาร,เขาสามยอด,เมืองลพบุรี,ลพบุรี,SAN,2024-09-19,ไม่ผ่านเกณฑ์
สุกี้แหลมทอง,ร้านจำหน่ายอาหาร,เขาสามยอด,เมืองลพบุรี,ลพบุรี,SAN,2024-09-19,ไม่ผ่านเกณฑ์
น้ำทิพย์แสนอร่อย,ร้านจำหน่ายอาหาร,พัฒนานิคม,พัฒนานิคม,ลพบุรี,มาตรฐาน SAN,2025-05-08,หมดอายุ
ร้านอาหารตามสั่งเจ๊อร,ร้านจำหน่ายอาหาร,ไผ่ใหญ่,บ้านหมี่,ลพบุรี,มาตรฐาน SAN,2025-03-04,หมดอายุ
ร้านก๋วยเตี๋ยวคุณป้าเขี่ยม,ร้านจำหน่ายอาหาร,ไผ่ใหญ่,บ้านหมี่,ลพบุรี,SAN,2025-03-04,ไม่ผ่านเกณฑ์
ปรีชญา,ร้านจำหน่ายอาหาร,หนองกระเบียน,บ้านหมี่,ลพบุรี,SAN,2025-05-13,ไม่ผ่านเกณฑ์
ร้านก๋วยเตี๋ยวคุณนิยม,ร้านจำหน่ายอาหาร,ไผ่ใหญ่,บ้านหมี่,ลพบุรี,SAN,2025-03-04,ไม่ผ่านเกณฑ์
ร้านก๋วยเตี๋ยวคุณสำรี,ร้านจำหน่ายอาหาร,ไผ่ใหญ่,บ้านหมี่,ลพบุรี,มาตรฐาน SAN,2025-03-04,หมดอายุ
ร้านส้มตำคุณโบว์,อื่นๆ,ไผ่ใหญ่,บ้านหมี่,ลพบุรี,SAN,2025-03-04,ไม่ผ่านเกณฑ์
ร้านข้าวขาหมูคุณรัตนา,อื่นๆ,ไผ่ใหญ่,บ้านหมี่,ลพบุรี,SAN,2025-03-04,ไม่ผ่านเกณฑ์
ร้านก๋วยเตี๋ยวป้าหนู,อื่นๆ,ไผ่ใหญ่,บ้านหมี่,ลพบุรี,SAN,2025-03-04,ไม่ผ่านเกณฑ์
ร้านก๋วยเตี๋ยวป้าจำรัส,อื่นๆ,ไผ่ใหญ่,บ้านหมี่,ลพบุรี,SAN,2025-03-04,ไม่ผ่านเกณฑ์
Local bar,ร้านจำหน่ายอาหาร,เขาสามยอด,เมืองลพบุรี,ลพบุรี,SAN,2024-09-25,ไม่ผ่านเกณฑ์
บ้านสวน,ร้านจำหน่ายอาหาร,เขาสามยอด,เมืองลพบุรี,ลพบุรี,SAN,2024-09-25,ไม่ผ่านเกณฑ์
ข้าวมันไก่ ป.7,ร้านจำหน่ายอาหาร,เขาสามยอด,เมืองลพบุรี,ลพบุรี,SAN,2024-09-25,ไม่ผ่านเกณฑ์
ห้องอาหารโรงแรม The tempo,ร้านจำหน่ายอาหาร,เขาสามยอด,เมืองลพบุรี,ลพบุรี,SAN,2024-09-25,ไม่ผ่านเกณฑ์
ก๋วยเตี๋ยวเนื้อตุ๋น หมูตุ๋น ยาจีน,ร้านจำหน่ายอาหาร,เขาสามยอด,เมืองลพบุรี,ลพบุรี,SAN,2024-09-25,ไม่ผ่านเกณฑ์
บริษัท กู๊ดเบก จำกัด (โอชิน),ร้านจำหน่ายอาหาร,เขาสามยอด,เมืองลพบุรี,ลพบุรี,SAN,2024-09-25,ไม่ผ่านเกณฑ์
ร้านป้าช่วย,ร้านจำหน่ายอาหาร,บ้านกล้วย,บ้านหมี่,ลพบุรี,SAN,2024-10-22,ไม่ผ่านเกณฑ์
ห้องอาหารโรงแรม The tempo,ร้านจำหน่ายอาหาร,เขาสามยอด,เมืองลพบุรี,ลพบุรี,SAN,2024-10-01,ไม่ผ่านเกณฑ์
บริษัท กู๊ดเบก จำกัด (โอชิน),ร้านจำหน่ายอาหาร,เขาสามยอด,เมืองลพบุรี,ลพบุรี,SAN,2024-10-01,ไม่ผ่านเกณฑ์
เจ๊อุ้มข้าวราดแกง,ร้านจำหน่ายอาหาร,พัฒนานิคม,พัฒนานิคม,ลพบุรี,มาตรฐาน SAN,2025-01-10,หมดอายุ
บริษัท กู๊ดเบก จำกัด (โอชิน),ร้านจำหน่ายอาหาร,เขาสามยอด,เมืองลพบุรี,ลพบุรี,มาตรฐาน SAN,2024-11-29,หมดอายุ
โรงอาหารโรงเรียนซอย 17 สาย 2 ซ้าย,โรงอาหาร,พัฒนานิคม,พัฒนานิคม,ลพบุรี,SAN,2025-01-10,ไม่ผ่านเกณฑ์
อ้อโภชนา,ร้านจำหน่ายอาหาร,เขาสามยอด,เมืองลพบุรี,ลพบุรี,SAN,2025-07-08,รับรอง
อ้อยเป็ดย่าง,ร้านจำหน่ายอาหาร,เขาสามยอด,เมืองลพบุรี,ลพบุรี,มาตรฐาน SAN,2024-12-16,หมดอายุ
บริษัท พศิน ออยล์ จำกัด (อเมซอน),ร้านเครื่องดื่ม,เขาสามยอด,เมืองลพบุรี,ลพบุรี,มาตรฐาน SAN,2024-12-16,หมดอายุ
โภชนาคลินิก,ร้านจำหน่ายอาหาร,เขาสามยอด,เมืองลพบุรี,ลพบุรี,SAN,2024-12-16,ไม่ผ่านเกณฑ์
รัชดาภรณ์,ร้านจำหน่ายอาหาร,เขาสามยอด,เมืองลพบุรี,ลพบุรี,SAN,2024-12-16,ไม่ผ่านเกณฑ์
ร้านตี๋ข้าวต้มเครื่องทะเล ตลาดโต้รุ่งวงเวียนสระแก้ว,อื่นๆ,ทะเลชุบศร,เมืองลพบุรี,ลพบุรี,SAN,2025-01-08,ไม่ผ่านเกณฑ์
ร้านตี๋ข้าวต้มเครื่องทะเล ตลาดโต้รุ่งวงเวียนสระแก้ว,อื่นๆ,ทะเลชุบศร,เมืองลพบุรี,ลพบุรี,SAN,2025-07-24,รับรอง
เรือนจำกลางลพบุรี,โรงอาหาร,ทะเลชุบศร,เมืองลพบุรี,ลพบุรี,SAN,2025-01-10,ไม่ผ่านเกณฑ์
ท่ากระยาง คาเฟ่,ร้านจำหน่ายอาหาร,ทะเลชุบศร,เมืองลพบุรี,ลพบุรี,มาตรฐาน SAN,2025-01-10,หมดอายุ
ท่ากระยาง คาเฟ่,ร้านจำหน่ายอาหาร,ทะเลชุบศร,เมืองลพบุรี,ลพบุรี,มาตรฐาน SAN,2025-01-10,หมดอายุ
ร้านพี่ต่าย,ร้านจำหน่ายอาหาร,เขาสมอคอน,ท่าวุ้ง,ลพบุรี,มาตรฐาน SAN,2025-04-22,หมดอายุ
ก๋วยเตี๋ยวป้าแป๊ว,ร้านจำหน่ายอาหาร,เขาสมอคอน,ท่าวุ้ง,ลพบุรี,SAN,2025-04-22,ไม่ผ่านเกณฑ์
ก๋วยเตี๋ยวพี่สายฝน,ร้านจำหน่ายอาหาร,เขาสมอคอน,ท่าวุ้ง,ลพบุรี,SAN PLUS,2024-06-25,หมดอายุ
น้ำปั่นพี่จั๊มพ์,ร้านจำหน่ายอาหาร,เขาสมอคอน,ท่าวุ้ง,ลพบุรี,SAN,2025-04-22,ไม่ผ่านเกณฑ์
ป.เตรียม,ร้านจำหน่ายอาหาร,เขาสมอคอน,ท่าวุ้ง,ลพบุรี,SAN,2025-04-22,ไม่ผ่านเกณฑ์
ร้านยำชาบู,ร้านจำหน่ายอาหาร,เขาสมอคอน,ท่าวุ้ง,ลพบุรี,SAN,2025-07-03,ไม่ผ่านเกณฑ์
ร้านแม่บุญลือ,ร้านจำหน่ายอาหาร,เขาสมอคอน,ท่าวุ้ง,ลพบุรี,มาตรฐาน SAN,2025-02-10,หมดอายุ
ร้านครูแนน,ร้านจำหน่ายอาหาร,เขาสมอคอน,ท่าวุ้ง,ลพบุรี,มาตรฐาน SAN,2025-02-10,หมดอายุ
ร้านน้ำน้องแสนดี,ร้านจำหน่ายอาหาร,เขาสมอคอน,ท่าวุ้ง,ลพบุรี,SAN,2025-02-10,ไม่ผ่านเกณฑ์
ศูนย์ฝึกและอบรมเด็กและเยาวชนลพบุรี,โรงอาหาร,พัฒนานิคม,พัฒนานิคม,ลพบุรี,SAN,2025-07-10,รับรอง
ร้านยายแก๋วส้มตำ,ร้านจำหน่ายอาหาร,หัวสำโรง,ท่าวุ้ง,ลพบุรี,SAN,2025-05-08,ไม่ผ่านเกณฑ์
ร้านแจ๋วขนมจีน,ร้านจำหน่ายอาหาร,หัวสำโรง,ท่าวุ้ง,ลพบุรี,SAN,2024-08-27,รับรอง
ร้านยายนอม,ร้านจำหน่ายอาหาร,หัวสำโรง,ท่าวุ้ง,ลพบุรี,SAN,2025-03-03,รับรอง
ร้านครัวสาธิต,ร้านจำหน่ายอาหาร,บ้านกล้วย,บ้านหมี่,ลพบุรี,มาตรฐาน SAN,2025-03-12,หมดอายุ
อาหารตามสั้งครัวสีนวล,ร้านจำหน่ายอาหาร,บ้านกล้วย,บ้านหมี่,ลพบุรี,SAN,2024-10-21,รับรอง
ร้านป้าน้อย,ร้านจำหน่ายอาหาร,บ้านกล้วย,บ้านหมี่,ลพบุรี,SAN,2024-10-21,รับรอง
ก๋วยเตี๋ยวเจ๊สมศรี,ร้านจำหน่ายอาหาร,ดอนดึง,บ้านหมี่,ลพบุรี,SAN,2025-02-19,ไม่ผ่านเกณฑ์
ร้านก่๋วยเตี๋ยวนฤมล,ร้านจำหน่ายอาหาร,ดอนดึง,บ้านหมี่,ลพบุรี,SAN,2025-02-19,ไม่ผ่านเกณฑ์
นิตยาอาหารตามสั่ง,ร้านจำหน่ายอาหาร,ดอนดึง,บ้านหมี่,ลพบุรี,SAN,2025-02-19,ไม่ผ่านเกณฑ์
อาหารป่าดอนดึง,ร้านจำหน่ายอาหาร,ดอนดึง,บ้านหมี่,ลพบุรี,SAN,2025-02-19,ไม่ผ่านเกณฑ์
ร้านบ้านโชกุน,ร้านจำหน่ายอาหาร,ดอนดึง,บ้านหมี่,ลพบุรี,SAN,2025-02-19,ไม่ผ่านเกณฑ์
ร้านมาลิน,ร้านจำหน่ายอาหาร,ดอนดึง,บ้านหมี่,ลพบุรี,SAN,2025-02-19,ไม่ผ่านเกณฑ์
ร้านป้าอ้ม,ร้านจำหน่ายอาหาร,ดอนดึง,บ้านหมี่,ลพบุรี,SAN,2025-07-30,รับรอง
วาสนาอาหารตามสั่ง,ร้านจำหน่ายอาหาร,ดอนดึง,บ้านหมี่,ลพบุรี,SAN,2025-02-19,ไม่ผ่านเกณฑ์
ร้านป้าติ๋ม,ร้านจำหน่ายอาหาร,ดอนดึง,บ้านหมี่,ลพบุรี,SAN,2025-02-19,ไม่ผ่านเกณฑ์
โรงแรมลพบุรีอินน์รีสอท,ภัตาคาร,ท่าศาลา,เมืองลพบุรี,ลพบุรี,มาตรฐาน SAN,2025-02-18,หมดอายุ
ป้าแหม่อาหารตามสั่ง,ร้านจำหน่ายอาหาร,โพนทอง,บ้านหมี่,ลพบุรี,SAN,2025-07-11,รับรอง
ส้มตำ ป.ปู,ร้านจำหน่ายอาหาร,โพนทอง,บ้านหมี่,ลพบุรี,SAN PLUS,2025-07-11,รับรอง
ร้านก๋วยเตี๋ยวเรือหายเหนื่อย,ร้านจำหน่ายอาหาร,โพนทอง,บ้านหมี่,ลพบุรี,SAN,2025-07-11,รับรอง
ลาบส้มตำ ยโส,ร้านจำหน่ายอาหาร,โพนทอง,บ้านหมี่,ลพบุรี,SAN PLUS,2025-07-21,รับรอง
ร้านสเต็กจอมมาร,ร้านจำหน่ายอาหาร,โพนทอง,บ้านหมี่,ลพบุรี,SAN PLUS,2024-07-04,หมดอายุ
ก๋วยเตี๋ยวอาหารตามสั่ง หน้ารพ,ร้านจำหน่ายอาหาร,โพนทอง,บ้านหมี่,ลพบุรี,มาตรฐาน SAN,2025-02-28,หมดอายุ
ร้านแก้วโปรด,ร้านเครื่องดื่ม,โพนทอง,บ้านหมี่,ลพบุรี,SAN,2025-07-11,รับรอง
ครัวลุงไหว,ร้านจำหน่ายอาหาร,โพนทอง,บ้านหมี่,ลพบุรี,SAN PLUS,2025-07-16,รับรอง
ร้านรสนิยม,ร้านจำหน่ายอาหาร,โพนทอง,บ้านหมี่,ลพบุรี,SAN,2025-02-28,ไม่ผ่านเกณฑ์
ก๋วยตี๋ยวโกเด้ง,ร้านจำหน่ายอาหาร,โพนทอง,บ้านหมี่,ลพบุรี,SAN,2025-02-28,ไม่ผ่านเกณฑ์
ข้าวราดแกงมนตรา,ร้านจำหน่ายอาหาร,โพนทอง,บ้านหมี่,ลพบุรี,SAN PLUS,2025-07-09,รับรอง
ข้าวแกงป้ารินหน้ารพ,ร้านจำหน่ายอาหาร,โพนทอง,บ้านหมี่,ลพบุรี,SAN,2025-07-08,รับรอง
ร้านก๋วยเตี๋ยวคุณสำรี,ร้านจำหน่ายอาหาร,ไผ่ใหญ่,บ้านหมี่,ลพบุรี,มาตรฐาน SAN,2025-03-04,หมดอายุ
ร้านก๋วยเตี๋ยวคุณป้าเขี่ยม,ร้านจำหน่ายอาหาร,ไผ่ใหญ่,บ้านหมี่,ลพบุรี,SAN,2025-05-26,รับรอง
ร้านก๋วยเตี๋ยวคุณป้าเขี่ยม,ร้านจำหน่ายอาหาร,ไผ่ใหญ่,บ้านหมี่,ลพบุรี,SAN,2025-07-16,รับรอง
ร้านก๋วยเตี๋ยวคุณป้าเขี่ยม,ร้านจำหน่ายอาหาร,ไผ่ใหญ่,บ้านหมี่,ลพบุรี,มาตรฐาน SAN,2025-03-04,หมดอายุ
ร้านก๋วยเตี๋ยวคุณสำรี,ร้านจำหน่ายอาหาร,ไผ่ใหญ่,บ้านหมี่,ลพบุรี,SAN,2025-07-16,รับรอง
ร้านก๋วยเตี๋ยวคุณนิยม,ร้านจำหน่ายอาหาร,ไผ่ใหญ่,บ้านหมี่,ลพบุรี,SAN,2025-07-16,รับรอง
ร้านก๋วยเตี๋ยวคุณนิยม,ร้านจำหน่ายอาหาร,ไผ่ใหญ่,บ้านหมี่,ลพบุรี,SAN,2025-03-04,ไม่ผ่านเกณฑ์
ร้านก๋วยเตี๋ยวคุณสมจิตร,ร้านจำหน่ายอาหาร,ไผ่ใหญ่,บ้านหมี่,ลพบุรี,มาตรฐาน SAN,2025-03-07,หมดอายุ
รัชนีอาหารตามสั่ง,ร้านจำหน่ายอาหาร,บางขาม,บ้านหมี่,ลพบุรี,มาตรฐาน SAN,2025-03-07,หมดอายุ
อลิชญาอาหารตามสั่ง,ร้านจำหน่ายอาหาร,บางขาม,บ้านหมี่,ลพบุรี,SAN,2025-03-07,ไม่ผ่านเกณฑ์
น.ส.จำลอง แสงเพ็ชร์,ร้านจำหน่ายอาหาร,หนองกระเบียน,บ้านหมี่,ลพบุรี,มาตรฐาน SAN,2025-07-15,หมดอายุ
ก๋วยเตี๋ยวป้าน้ำชา,ร้านจำหน่ายอาหาร,บางขาม,บ้านหมี่,ลพบุรี,มาตรฐาน SAN,2025-03-07,หมดอายุ
สุรชัยอาหารตามสั่ง,ร้านจำหน่ายอาหาร,บางขาม,บ้านหมี่,ลพบุรี,มาตรฐาน SAN,2025-03-07,หมดอายุ
ก๋วยเตี๋ยวป้าสมบัติ,ร้านจำหน่ายอาหาร,บางขาม,บ้านหมี่,ลพบุรี,SAN,2025-03-07,ไม่ผ่านเกณฑ์
สิริพรอาหารตามสั่ง,ร้านจำหน่ายอาหาร,บางขาม,บ้านหมี่,ลพบุรี,SAN,2025-03-07,ไม่ผ่านเกณฑ์
จินตนาตามสั่ง,ร้านจำหน่ายอาหาร,บางขาม,บ้านหมี่,ลพบุรี,SAN PLUS,2025-07-30,รับรอง
เรือนรับตะวัน,ร้านจำหน่ายอาหาร,บางขาม,บ้านหมี่,ลพบุรี,SAN,2025-03-07,ไม่ผ่านเกณฑ์
น.ส.ธนพร นิลพลา,ร้านจำหน่ายอาหาร,หนองกระเบียน,บ้านหมี่,ลพบุรี,SAN,2025-07-15,ไม่ผ่านเกณฑ์
นางสายรุ้ง วงประกรคำ,ร้านจำหน่ายอาหาร,หนองกระเบียน,บ้านหมี่,ลพบุรี,SAN,2025-07-15,ไม่ผ่านเกณฑ์
นายเสกสรรค์ ศรทอง,ร้านจำหน่ายอาหาร,หนองกระเบียน,บ้านหมี่,ลพบุรี,SAN,2025-07-15,ไม่ผ่านเกณฑ์
ร้านอาหารตามสั่งคุณคอง,ร้านจำหน่ายอาหาร,ไผ่ใหญ่,บ้านหมี่,ลพบุรี,SAN,2025-03-07,ไม่ผ่านเกณฑ์
นางชวนชม คล้ายกร,ร้านจำหน่ายอาหาร,หนองกระเบียน,บ้านหมี่,ลพบุรี,SAN,2025-07-15,ไม่ผ่านเกณฑ์
ร้านแผงลอยสุปราณี ,อื่นๆ,หนองเต่า,บ้านหมี่,ลพบุรี,SAN,2025-07-14,รับรอง
ตู่อาหารตามสั่ง,ร้านจำหน่ายอาหาร,บ้านชี,บ้านหมี่,ลพบุรี,SAN,2024-11-14,รับรอง
ร้านต๋อยส้มตำ/ตามสั่ง,ร้านจำหน่ายอาหาร,บ้านชี,บ้านหมี่,ลพบุรี,มาตรฐาน SAN,2025-03-10,หมดอายุ
ร้านบุ๊โภชนา,ร้านจำหน่ายอาหาร,หนองเต่า,บ้านหมี่,ลพบุรี,SAN,2025-03-10,ไม่ผ่านเกณฑ์
ร้านมารี,อื่นๆ,หนองเต่า,บ้านหมี่,ลพบุรี,SAN,2025-07-14,รับรอง
ร้านยายวาลย์,อื่นๆ,หนองเต่า,บ้านหมี่,ลพบุรี,มาตรฐาน SAN,2025-08-16,หมดอายุ
ร้านอาหารตามสั่งป้านันทรา,อื่นๆ,หนองเต่า,บ้านหมี่,ลพบุรี,SAN PLUS,2025-07-14,รับรอง
ตู่อาหารตามสั่ง,ร้านจำหน่ายอาหาร,บ้านชี,บ้านหมี่,ลพบุรี,SAN,2025-03-10,ไม่ผ่านเกณฑ์
อาหารตามสั่งน้อง-หนึ่ง,ร้านจำหน่ายอาหาร,บ้านชี,บ้านหมี่,ลพบุรี,SAN,2025-07-14,รับรอง
สุรัตวดี ศรีษะเกตุ,ร้านจำหน่ายอาหาร,บ้านชี,บ้านหมี่,ลพบุรี,SAN,2025-07-14,รับรอง
สังวอน พุ่มมะลิ,ร้านจำหน่ายอาหาร,บ้านชี,บ้านหมี่,ลพบุรี,SAN,2025-05-09,รับรอง
นางสุทัศน์ อุ่นรัมย์,ร้านจำหน่ายอาหาร,มหาสอน,บ้านหมี่,ลพบุรี,SAN,2025-04-02,ไม่ผ่านเกณฑ์
นางหลง ปาลวัฒน์,ร้านจำหน่ายอาหาร,มหาสอน,บ้านหมี่,ลพบุรี,SAN,2025-07-02,รับรอง
ครัวริมทุ่ง,ร้านจำหน่ายอาหาร,มหาสอน,บ้านหมี่,ลพบุรี,SAN,2025-08-07,ไม่ผ่านเกณฑ์
นายเชลินธร โตนดนอก,ร้านจำหน่ายอาหาร,มหาสอน,บ้านหมี่,ลพบุรี,มาตรฐาน SAN,2025-04-02,หมดอายุ
KFC ปตท.บ้านหมี่,ร้านจำหน่ายอาหาร,บ้านกล้วย,บ้านหมี่,ลพบุรี,SAN,2025-08-01,รับรอง
ร้านผัดไทห่อไข่กุ้งสด,ร้านจำหน่ายอาหาร,ดอนดึง,บ้านหมี่,ลพบุรี,มาตรฐาน SAN,2025-03-25,หมดอายุ
ร้านคุณหลอดก๋วยเตี๋ยวไก่ตุ๋น,ร้านจำหน่ายอาหาร,ดอนดึง,บ้านหมี่,ลพบุรี,SAN,2025-03-25,ไม่ผ่านเกณฑ์
ร้านตาญัติ,ร้านจำหน่ายอาหาร,ดอนดึง,บ้านหมี่,ลพบุรี,SAN,2025-07-30,รับรอง
ร้านก๋วยเตี๋ยวเจ้าเก่า,ร้านจำหน่ายอาหาร,บ้านกล้วย,บ้านหมี่,ลพบุรี,SAN,2025-04-02,ไม่ผ่านเกณฑ์
ร้านก๋วยเตี๋ยวเรือสระโพธิ์,ร้านจำหน่ายอาหาร,บ้านกล้วย,บ้านหมี่,ลพบุรี,SAN,2025-04-02,ไม่ผ่านเกณฑ์
นางสำเภา ฃื่นิตร,ร้านจำหน่ายอาหาร,หนองกระเบียน,บ้านหมี่,ลพบุรี,SAN,2025-04-02,ไม่ผ่านเกณฑ์
น.ส.วินัย จันทมา,ร้านจำหน่ายอาหาร,หนองกระเบียน,บ้านหมี่,ลพบุรี,SAN,2025-04-02,ไม่ผ่านเกณฑ์
นางเมี้ยน มีบุญเกิด,ร้านจำหน่ายอาหาร,หนองกระเบียน,บ้านหมี่,ลพบุรี,SAN,2025-04-02,ไม่ผ่านเกณฑ์
ร้านเรณู,ร้านจำหน่ายอาหาร,เขาสมอคอน,ท่าวุ้ง,ลพบุรี,SAN,2025-04-22,ไม่ผ่านเกณฑ์
ร้านสานฝันมินิมาร์ท,ร้านจำหน่ายอาหาร,สายห้วยแก้ว,บ้านหมี่,ลพบุรี,มาตรฐาน SAN,2025-07-14,หมดอายุ
ร้านป้าบุญมี,ร้านจำหน่ายอาหาร,สายห้วยแก้ว,บ้านหมี่,ลพบุรี,มาตรฐาน SAN,2025-07-14,หมดอายุ
ร้านตามใจ,ร้านจำหน่ายอาหาร,สายห้วยแก้ว,บ้านหมี่,ลพบุรี,SAN,2025-06-22,รับรอง
ครัวกวางน้อย,ร้านจำหน่ายอาหาร,บ้านหมี่,บ้านหมี่,ลพบุรี,SAN,2025-05-07,ไม่ผ่านเกณฑ์
ร้านก๋วยเตี๋ยวเจ้เปิ้ล,ร้านจำหน่ายอาหาร,สายห้วยแก้ว,บ้านหมี่,ลพบุรี,SAN,2025-07-14,ไม่ผ่านเกณฑ์
ร้านขวัญใจ,ร้านจำหน่ายอาหาร,สายห้วยแก้ว,บ้านหมี่,ลพบุรี,SAN,2025-04-04,รับรอง
ร้านป้าน้อย,ร้านจำหน่ายอาหาร,สายห้วยแก้ว,บ้านหมี่,ลพบุรี,SAN,2025-07-14,ไม่ผ่านเกณฑ์
N&J Coffee,ร้านเครื่องดื่ม,สายห้วยแก้ว,บ้านหมี่,ลพบุรี,SAN,2025-07-14,ไม่ผ่านเกณฑ์
ร้านก๋วยเตี๋ยวป้าบุญมี,ร้านจำหน่ายอาหาร,สายห้วยแก้ว,บ้านหมี่,ลพบุรี,SAN,2025-07-14,ไม่ผ่านเกณฑ์
บ้านมีคาเฟ่,ร้านจำหน่ายอาหาร,หินปัก,บ้านหมี่,ลพบุรี,SAN,2025-05-08,ไม่ผ่านเกณฑ์
โรงอาหารผลิต,ศูนย์อาหาร,ห้วยหิน,ชัยบาดาล,ลพบุรี,SAN,2024-09-02,รับรอง
โรงอาหารเรือนไทยวัตถุดิบ,ศูนย์อาหาร,ห้วยหิน,ชัยบาดาล,ลพบุรี,SAN,2024-09-02,รับรอง
บริการกลางต้อนรับ,ร้านจำหน่ายอาหาร,ห้วยหิน,ชัยบาดาล,ลพบุรี,SAN,2024-09-02,รับรอง
ร้านสเต๊กกัญชลี,ร้านจำหน่ายอาหาร,หนองเต่า,บ้านหมี่,ลพบุรี,SAN,2024-09-09,รับรอง
ร้านประภาพร,ร้านจำหน่ายอาหาร,หนองเต่า,บ้านหมี่,ลพบุรี,SAN,2024-09-13,รับรอง
ร้านชิวชิว,ร้านจำหน่ายอาหาร,หนองเต่า,บ้านหมี่,ลพบุรี,SAN,2024-09-18,รับรอง
ร้านกำนันใส,ร้านจำหน่ายอาหาร,สายห้วยแก้ว,บ้านหมี่,ลพบุรี,SAN,2024-10-30,รับรอง
ร้านกล้วยหมูย่างเกาหลี,ร้านจำหน่ายอาหาร,สระโบสถ์,สระโบสถ์,ลพบุรี,SAN,2025-06-16,รับรอง
ก๋วยเตี๋ยวริมคลอง,ร้านจำหน่ายอาหาร,หนองเมือง,บ้านหมี่,ลพบุรี,SAN,2025-07-28,รับรอง
ส้มตำแม่ลูกอ่อน,ร้านจำหน่ายอาหาร,หนองเมือง,บ้านหมี่,ลพบุรี,SAN,2025-07-28,รับรอง
ร้านพี่หน่อย,ร้านจำหน่ายอาหาร,หนองทรายขาว,บ้านหมี่,ลพบุรี,SAN,2024-11-11,รับรอง
ร้านป้าพยอมอาหารตามสั่ง,ร้านจำหน่ายอาหาร,หนองทรายขาว,บ้านหมี่,ลพบุรี,SAN,2024-11-11,รับรอง
ร้านก๋วยเตี๋ยวป้าโนช,ร้านจำหน่ายอาหาร,หนองทรายขาว,บ้านหมี่,ลพบุรี,SAN,2024-11-11,รับรอง
ร้าน ต.ต้า ต.ตาล,ร้านจำหน่ายอาหาร,หนองทรายขาว,บ้านหมี่,ลพบุรี,SAN,2024-11-11,รับรอง
ร้านส้มตำเนินยาว,ร้านจำหน่ายอาหาร,หนองทรายขาว,บ้านหมี่,ลพบุรี,SAN,2024-11-11,รับรอง
ครัวบ้านโคก,ร้านจำหน่ายอาหาร,โคกสำโรง,โคกสำโรง,ลพบุรี,SAN,2025-06-27,ไม่ผ่านเกณฑ์
กุ้งอาหารตามสั่ง,ร้านจำหน่ายอาหาร,หนองเมือง,บ้านหมี่,ลพบุรี,SAN,2025-01-02,รับรอง
ครัวลุงนันท์,ร้านจำหน่ายอาหาร,หนองเมือง,บ้านหมี่,ลพบุรี,SAN PLUS,2025-01-24,รับรอง
กุ้งอาหารตามสั่ง,ร้านจำหน่ายอาหาร,หนองเมือง,บ้านหมี่,ลพบุรี,SAN,2025-03-21,รับรอง
ครัวป้าเล็ก,ร้านจำหน่ายอาหาร,โคกสำโรง,โคกสำโรง,ลพบุรี,SAN,2025-01-16,รับรอง
กวิสรา,ร้านจำหน่ายอาหาร,ถนนใหญ่,เมืองลพบุรี,ลพบุรี,SAN,2025-04-22,รับรอง
Liberty Coffee,ร้านจำหน่ายอาหาร,ท่าแค,เมืองลพบุรี,ลพบุรี,SAN,2025-07-27,รับรอง
ร้านต้อย,ร้านจำหน่ายอาหาร,หนองเมือง,บ้านหมี่,ลพบุรี,SAN,2025-07-27,รับรอง
ร้านพบธรรม พานิช,ร้านจำหน่ายอาหาร,หนองเมือง,บ้านหมี่,ลพบุรี,SAN,2025-03-21,รับรอง
ร้านพี่เอฟ,ร้านจำหน่ายอาหาร,เขาสมอคอน,ท่าวุ้ง,ลพบุรี,SAN,2025-07-03,ไม่ผ่านเกณฑ์
ร้านป้าหลวน,ร้านจำหน่ายอาหาร,เขาสมอคอน,ท่าวุ้ง,ลพบุรี,SAN,2025-03-21,รับรอง
ขนมคุณครู,ร้านจำหน่ายอาหาร,เขาสมอคอน,ท่าวุ้ง,ลพบุรี,SAN,2025-03-21,รับรอง
ติมเต่าเขาสมอคอน,ร้านจำหน่ายอาหาร,เขาสมอคอน,ท่าวุ้ง,ลพบุรี,SAN PLUS,2025-06-14,รับรอง
เส้นดีมีน้ำยา,ร้านจำหน่ายอาหาร,เขาสมอคอน,ท่าวุ้ง,ลพบุรี,SAN,2025-07-03,ไม่ผ่านเกณฑ์
ร้านเอก,ร้านจำหน่ายอาหาร,เขาสมอคอน,ท่าวุ้ง,ลพบุรี,SAN,2025-01-31,รับรอง
น้องธี,ร้านจำหน่ายอาหาร,เขาสมอคอน,ท่าวุ้ง,ลพบุรี,SAN,2025-07-03,ไม่ผ่านเกณฑ์
อาร์มลูกชิ้นซิ่ง,ร้านจำหน่ายอาหาร,เขาสมอคอน,ท่าวุ้ง,ลพบุรี,SAN,2025-02-03,รับรอง
ก๋วยเตี๋ยวป้าเตือน,ร้านจำหน่ายอาหาร,เขาสมอคอน,ท่าวุ้ง,ลพบุรี,SAN,2025-02-03,รับรอง
ร้านป้าดำ,ร้านจำหน่ายอาหาร,เขาสมอคอน,ท่าวุ้ง,ลพบุรี,SAN,2025-02-03,รับรอง
คาวจบตบหวาน,ร้านจำหน่ายอาหาร,เขาสมอคอน,ท่าวุ้ง,ลพบุรี,SAN,2025-07-03,ไม่ผ่านเกณฑ์
ไก่ย่างยายนี,ร้านจำหน่ายอาหาร,เขาสมอคอน,ท่าวุ้ง,ลพบุรี,SAN,2025-07-03,ไม่ผ่านเกณฑ์
ร้านน้าจิ๊ก๋วยเตี๋ยวคั่วไก่,ร้านจำหน่ายอาหาร,หนองทรายขาว,บ้านหมี่,ลพบุรี,SAN,2025-03-12,รับรอง
ร้านอาหารตามสั่งคุณจิ๊บ,ร้านจำหน่ายอาหาร,ไผ่ใหญ่,บ้านหมี่,ลพบุรี,SAN,2025-05-13,รับรอง
ร้านอาหารตามสั่ง/ก๋วยเตี๋ยวป้าลมบล,ร้านจำหน่ายอาหาร,ไผ่ใหญ่,บ้านหมี่,ลพบุรี,SAN,2025-02-19,รับรอง
นางวัชราภรณ์ จรัสเพชร,ร้านจำหน่ายอาหาร,หนองกระเบียน,บ้านหมี่,ลพบุรี,SAN,2025-02-27,รับรอง
หิวจัง,ร้านจำหน่ายอาหาร,ชอนม่วง,บ้านหมี่,ลพบุรี,SAN,2025-02-27,รับรอง
ร้านชลอ,ร้านจำหน่ายอาหาร,ชอนม่วง,บ้านหมี่,ลพบุรี,SAN,2025-07-14,ไม่ผ่านเกณฑ์
ร้านสาคร,ร้านจำหน่ายอาหาร,ชอนม่วง,บ้านหมี่,ลพบุรี,SAN,2025-07-14,ไม่ผ่านเกณฑ์
ร้านดวงใจ,ร้านจำหน่ายอาหาร,ชอนม่วง,บ้านหมี่,ลพบุรี,SAN,2025-07-14,ไม่ผ่านเกณฑ์
ร้านแสงนิอรณ์,ร้านจำหน่ายอาหาร,ชอนม่วง,บ้านหมี่,ลพบุรี,SAN,2025-07-14,ไม่ผ่านเกณฑ์
ร้านระยอง,ร้านจำหน่ายอาหาร,ชอนม่วง,บ้านหมี่,ลพบุรี,SAN,2025-07-14,ไม่ผ่านเกณฑ์
ร้านพัชรี,ร้านจำหน่ายอาหาร,ชอนม่วง,บ้านหมี่,ลพบุรี,SAN,2025-07-14,ไม่ผ่านเกณฑ์
ร้านชัชวรรณ,ร้านจำหน่ายอาหาร,ชอนม่วง,บ้านหมี่,ลพบุรี,SAN,2025-07-14,ไม่ผ่านเกณฑ์
ร้านสุวรรณ,ร้านจำหน่ายอาหาร,ชอนม่วง,บ้านหมี่,ลพบุรี,SAN,2025-07-14,ไม่ผ่านเกณฑ์
ป้าแหม่อาหารตามสั่ง,ร้านจำหน่ายอาหาร,โพนทอง,บ้านหมี่,ลพบุรี,SAN,2025-02-27,รับรอง
ร้านอภิพาวดี,ร้านจำหน่ายอาหาร,ชอนม่วง,บ้านหมี่,ลพบุรี,SAN,2025-02-27,รับรอง
ร้านกำไรทอง2,ร้านจำหน่ายอาหาร,หินปัก,บ้านหมี่,ลพบุรี,SAN,2025-04-04,รับรอง
ร้านวังกาแฟ,ร้านจำหน่ายอาหาร,หินปัก,บ้านหมี่,ลพบุรี,SAN,2025-07-30,ไม่ผ่านเกณฑ์
ตามสั่งป้ารัตนา,ร้านจำหน่ายอาหาร,บางกะพี้,บ้านหมี่,ลพบุรี,SAN,2025-03-20,รับรอง
ตามสั่งป้าติ่ม,ร้านจำหน่ายอาหาร,บางกะพี้,บ้านหมี่,ลพบุรี,SAN,2025-03-20,รับรอง
ตามสั่งป้ามาลี,ร้านจำหน่ายอาหาร,บางกะพี้,บ้านหมี่,ลพบุรี,SAN,2025-08-11,ไม่ผ่านเกณฑ์
ก๋วยเตี๋ยวป้าสุนันทา,ร้านจำหน่ายอาหาร,บางกะพี้,บ้านหมี่,ลพบุรี,SAN,2025-08-13,ไม่ผ่านเกณฑ์
ร้านก๋วยเตี๋ยวป้าทองขัน,ร้านจำหน่ายอาหาร,ดงพลับ,บ้านหมี่,ลพบุรี,SAN,2025-07-19,ไม่ผ่านเกณฑ์
ร้านคุณสายฝน,ร้านจำหน่ายอาหาร,ดงพลับ,บ้านหมี่,ลพบุรี,SAN,2025-03-18,รับรอง
ข้าวมันไก่,ร้านจำหน่ายอาหาร,เขาสามยอด,เมืองลพบุรี,ลพบุรี,SAN,2025-07-29,ไม่ผ่านเกณฑ์
บริษัท ซี พี ออลล์ จำกัด (มหาชน) สาขาดงสวอง,ร้านจำหน่ายอาหาร,เขาสามยอด,เมืองลพบุรี,ลพบุรี,SAN,2025-04-01,รับรอง
บริษัท ซี พี ออลล์ จำกัด (มหาชน) สาขาทะเลชุบศร,ร้านจำหน่ายอาหาร,เขาสามยอด,เมืองลพบุรี,ลพบุรี,SAN,2025-07-21,ไม่ผ่านเกณฑ์
บริษัท ซี พี ออลล์ จำกัด (มหาชน) สาขาละโว้,ร้านจำหน่ายอาหาร,เขาสามยอด,เมืองลพบุรี,ลพบุรี,SAN,2025-03-25,รับรอง
บริษัท ซี พี แอ๊กซ์ตร้า จำกัด (มหาชน) (โลตัสทะเลชุบศร),ร้านจำหน่ายอาหาร,เขาสามยอด,เมืองลพบุรี,ลพบุรี,SAN,2025-07-22,ไม่ผ่านเกณฑ์
บริษัท พศิน ออยล์ จำกัด (อเมซอน),ร้านเครื่องดื่ม,เขาสามยอด,เมืองลพบุรี,ลพบุรี,SAN,2025-07-22,ไม่ผ่านเกณฑ์
บริษัท ซี พี แอ๊กซ์ตร้า จำกัด (มหาชน) (โลตัสบานเย็น),ร้านจำหน่ายอาหาร,เขาสามยอด,เมืองลพบุรี,ลพบุรี,SAN,2025-03-28,รับรอง
บริษัท บิ๊กซี ซุปเปอร์ เซ็นต์เตอร์ จำกัด (มหาชน) เขาสามยอด (สาขาวัดดงสวอง),ร้านจำหน่ายอาหาร,เขาสามยอด,เมืองลพบุรี,ลพบุรี,SAN,2025-03-28,รับรอง
บริษัท ซี.เจ. เอ็กซ์เพลส กรุ๊ป จำกัด สาขาดงสวอง,ร้านเครื่องดื่ม,เขาสามยอด,เมืองลพบุรี,ลพบุรี,SAN,2025-03-28,รับรอง
บริษัท ซีพี แอ๊กซ์ตร้า จำกัด (มหาชน) (โลตัสสาขาเอราวัณ),ร้านจำหน่ายอาหาร,เขาสามยอด,เมืองลพบุรี,ลพบุรี,SAN,2025-04-25,รับรอง
บริษัท ซี พี ออลล์ จำกัด (มหาชน) สาขาเอราวัณ,ร้านจำหน่ายอาหาร,เขาสามยอด,เมืองลพบุรี,ลพบุรี,SAN,2025-07-22,ไม่ผ่านเกณฑ์
บริษัท ซี.เจ. เอ็กซ์เพลส กรุ๊ป จำกัด สาขาเอราวัณ,ร้านจำหน่ายอาหาร,เขาสามยอด,เมืองลพบุรี,ลพบุรี,SAN,2025-07-22,ไม่ผ่านเกณฑ์
บริษัท บิ๊กซี ซุปเปอร์ เซ็นต์เตอร์ จำกัด (มหาชน) สาขาเอราวัณ,อื่นๆ,เขาสามยอด,เมืองลพบุรี,ลพบุรี,SAN,2025-07-22,ไม่ผ่านเกณฑ์
บริษัท ซี พี ออลล์ จำกัด (มหาชน) สาขา 18985,ร้านจำหน่ายอาหาร,เขาสามยอด,เมืองลพบุรี,ลพบุรี,SAN,2025-07-22,ไม่ผ่านเกณฑ์
บริษัท ซี พี ออลล์ จำกัด (มหาชน) สาขาตลาดเอราวัณ (สระมะเกลือ),ร้านจำหน่ายอาหาร,เขาสามยอด,เมืองลพบุรี,ลพบุรี,SAN,2025-07-22,ไม่ผ่านเกณฑ์
ร้านอาหารตามสั่งป้าวันเพ็ญ,ร้านจำหน่ายอาหาร,ดงพลับ,บ้านหมี่,ลพบุรี,SAN,2025-07-22,ไม่ผ่านเกณฑ์
บริษัท ปตท. น้ำมันและการค้าปลีก (อเมซอน รร.ซิตี้เพลส),ร้านจำหน่ายอาหาร,เขาสามยอด,เมืองลพบุรี,ลพบุรี,SAN,2025-07-22,ไม่ผ่านเกณฑ์
ครัวป้ามะลิ,ร้านจำหน่ายอาหาร,ดงพลับ,บ้านหมี่,ลพบุรี,SAN,2025-06-04,รับรอง
ร้าน 3จ. เจริญ,ร้านจำหน่ายอาหาร,ดงพลับ,บ้านหมี่,ลพบุรี,SAN,2025-07-23,ไม่ผ่านเกณฑ์
Time Frame Day Cafe',ร้านเครื่องดื่ม,เขาสามยอด,เมืองลพบุรี,ลพบุรี,SAN,2025-07-24,ไม่ผ่านเกณฑ์
บริษัท ส.บุญเรือง กรุ๊ป จำกัด (อเมซอน สาขาสระมะเกลือ),ร้านเครื่องดื่ม,เขาสามยอด,เมืองลพบุรี,ลพบุรี,SAN,2025-07-24,ไม่ผ่านเกณฑ์
บริษัท ซี พี ออลล์ จำกัด (มหาชน) สาขา รพ.พระนารายณ์,ร้านจำหน่ายอาหาร,เขาสามยอด,เมืองลพบุรี,ลพบุรี,SAN,2025-07-24,ไม่ผ่านเกณฑ์
บริษัท ซี พี ออลล์ จำกัด (มหาชน) สาขาไฟฟ้าลพบุรี,ร้านจำหน่ายอาหาร,เขาสามยอด,เมืองลพบุรี,ลพบุรี,SAN,2025-07-24,ไม่ผ่านเกณฑ์
ตาเกรียงเนื้อย่างเกาหลี,ร้านจำหน่ายอาหาร,บ้านทราย,บ้านหมี่,ลพบุรี,SAN,2025-08-18,ไม่ผ่านเกณฑ์
ตามสั่งป้านาวิน,ร้านจำหน่ายอาหาร,บางกะพี้,บ้านหมี่,ลพบุรี,SAN,2025-04-29,รับรอง
On the grill steak & bistro,ร้านจำหน่ายอาหาร,ท่าศาลา,เมืองลพบุรี,ลพบุรี,SAN,2025-08-13,ไม่ผ่านเกณฑ์
ร้านอาหาร ไออิ่ม,ศูนย์อาหาร,ดีลัง,พัฒนานิคม,ลพบุรี,SAN,2025-08-13,ไม่ผ่านเกณฑ์
ร้านอาหารตามสั่งป้านันทรา,อื่นๆ,หนองเต่า,บ้านหมี่,ลพบุรี,SAN,2025-08-16,ไม่ผ่านเกณฑ์
ร้าน โกเด้ง,ร้านจำหน่ายอาหาร,บ้านทราย,บ้านหมี่,ลพบุรี,SAN,2025-08-18,ไม่ผ่านเกณฑ์
ร้านก๋วยเตี๋ยวป้าต้อย,ร้านจำหน่ายอาหาร,บ้านทราย,บ้านหมี่,ลพบุรี,SAN,2025-05-02,รับรอง
ร้านก๋วยเตี๋ยวนำชัย,ร้านจำหน่ายอาหาร,บ้านทราย,บ้านหมี่,ลพบุรี,SAN PLUS,2025-07-25,รับรอง
ร้านสุกี้ป้าอุษา,ร้านจำหน่ายอาหาร,บ้านทราย,บ้านหมี่,ลพบุรี,SAN,2025-08-18,ไม่ผ่านเกณฑ์
ร้านลาบยโส,ร้านจำหน่ายอาหาร,บ้านทราย,บ้านหมี่,ลพบุรี,SAN,2025-05-02,รับรอง
ร้านสเต็กเศรษฐีเรือทอง,ร้านจำหน่ายอาหาร,บ้านทราย,บ้านหมี่,ลพบุรี,SAN,2025-08-18,ไม่ผ่านเกณฑ์
ร้านอร่อยเหาะ,ร้านจำหน่ายอาหาร,บ้านทราย,บ้านหมี่,ลพบุรี,SAN,2025-05-02,รับรอง
ร้านก๋วยเตี๋ยวลุงป๊อก,ร้านจำหน่ายอาหาร,บ้านทราย,บ้านหมี่,ลพบุรี,SAN,2025-05-02,รับรอง
ร้านพันล้าน (ซอดแจ้ง),ร้านจำหน่ายอาหาร,บ้านกล้วย,บ้านหมี่,ลพบุรี,SAN,2025-05-03,รับรอง
ร้านกุ๊กกิ๊ก หมูกะทะ,ร้านจำหน่ายอาหาร,บ้านกล้วย,บ้านหมี่,ลพบุรี,SAN,2025-05-07,รับรอง
