name,type,subdistrict,district,province,standard,approve_date,status
ร้านศิริชัยหมูหัน,ร้านจำหน่ายอาหาร,ป่งขาม,หว้านใหญ่,มุกดาหาร,มาตรฐาน SAN,2023-06-13,หมดอายุ
หาดหินริมโขง,ร้านจำหน่ายอาหาร,ดอนตาล,ดอนตาล,มุกดาหาร,SAN,2023-12-26,ไม่ผ่านเกณฑ์
แสงดาวหมูจุ่ม ดงหลวง,ร้านบุฟเฟ่ต์ (ปิ้งย่าง/ชาบู/สุกี้),ดงหลวง,ดงหลวง,มุกดาหาร,มาตรฐาน SAN,2023-06-12,หมดอายุ
สะเต็กโคขุนหนองสูง,ร้านจำหน่ายอาหาร,หนองสูงเหนือ,หนองสูง,มุกดาหาร,มาตรฐาน SAN,2023-06-12,หมดอายุ
ร้านแซ่บริมโขง,ร้านจำหน่ายอาหาร,มุกดาหาร,เมืองมุกดาหาร,มุกดาหาร,SAN,2025-05-22,ไม่ผ่านเกณฑ์
ครัวสองพี่น้อง,สวนอาหาร,นิคมคำสร้อย,นิคมคำสร้อย,มุกดาหาร,SAN,2023-06-12,ไม่ผ่านเกณฑ์
ร้านอาหารบ่าวประดิษฐ์,ร้านจำหน่ายอาหาร,ศรีบุญเรือง,เมืองมุกดาหาร,มุกดาหาร,SAN,2024-02-22,ไม่ผ่านเกณฑ์
สวนอาหารพวงเพชร,สวนอาหาร,ศรีบุญเรือง,เมืองมุกดาหาร,มุกดาหาร,SAN,2025-07-07,รับรอง
ร้านข้าวเปียกโครงไก่ยายจิตร,อื่นๆ,มุกดาหาร,เมืองมุกดาหาร,มุกดาหาร,SAN,2025-05-22,ไม่ผ่านเกณฑ์
บริษัท พรีเมียร์ควอลิตี้สตาร์ช จำกัด (มหาชน),โรงอาหาร,คำป่าหลาย,เมืองมุกดาหาร,มุกดาหาร,มาตรฐาน SAN,2024-11-22,หมดอายุ
ร้านเติมชากัน,ร้านเครื่องดื่ม,มุกดาหาร,เมืองมุกดาหาร,มุกดาหาร,SAN,2025-07-08,ไม่ผ่านเกณฑ์
ร้านเติมชากัน,ร้านเครื่องดื่ม,มุกดาหาร,เมืองมุกดาหาร,มุกดาหาร,SAN,2025-07-10,ไม่ผ่านเกณฑ์
นายธวีชัย มุดาธนพงศ์,อื่นๆ,มุกดาหาร,เมืองมุกดาหาร,มุกดาหาร,SAN,2025-07-10,ไม่ผ่านเกณฑ์
นางสาวสวาด อุ่นใจ,ร้านจำหน่ายอาหาร,มุกดาหาร,เมืองมุกดาหาร,มุกดาหาร,SAN,2025-07-10,ไม่ผ่านเกณฑ์
นางไกร ศรีโยหะ,ร้านจำหน่ายอาหาร,มุกดาหาร,เมืองมุกดาหาร,มุกดาหาร,SAN,2025-07-10,ไม่ผ่านเกณฑ์
นางสาวจิริณี ศรีโยหะ,ร้านจำหน่ายอาหาร,มุกดาหาร,เมืองมุกดาหาร,มุกดาหาร,SAN,2025-07-10,ไม่ผ่านเกณฑ์
นายณัชพล บุตทศ,อื่นๆ,มุกดาหาร,เมืองมุกดาหาร,มุกดาหาร,SAN,2025-07-10,ไม่ผ่านเกณฑ์
นางกมลวรรณ บุญเรืองนาม,อื่นๆ,มุกดาหาร,เมืองมุกดาหาร,มุกดาหาร,SAN,2025-07-10,ไม่ผ่านเกณฑ์
นางกลม ไชยายงค์,อื่นๆ,มุกดาหาร,เมืองมุกดาหาร,มุกดาหาร,SAN,2025-07-10,ไม่ผ่านเกณฑ์
นางจิตตนันท์ เทพศรีหา,อื่นๆ,มุกดาหาร,เมืองมุกดาหาร,มุกดาหาร,SAN,2025-07-10,ไม่ผ่านเกณฑ์
นางสาวณฐวรรณ กุ้งหล้า,อื่นๆ,มุกดาหาร,เมืองมุกดาหาร,มุกดาหาร,SAN,2025-07-10,ไม่ผ่านเกณฑ์
นางสาวดวงฤทัย ปัญญาวงศ์,อื่นๆ,มุกดาหาร,เมืองมุกดาหาร,มุกดาหาร,SAN,2025-07-10,ไม่ผ่านเกณฑ์
นางดาวเรือง ภูมิลา,อื่นๆ,มุกดาหาร,เมืองมุกดาหาร,มุกดาหาร,SAN,2025-07-10,ไม่ผ่านเกณฑ์
นางสาวทิพวรรณ เนินทอง,อื่นๆ,มุกดาหาร,เมืองมุกดาหาร,มุกดาหาร,SAN,2025-07-10,ไม่ผ่านเกณฑ์
นายธีระพงษ์ แก้วศรีนวม,ร้านเครื่องดื่ม,มุกดาหาร,เมืองมุกดาหาร,มุกดาหาร,SAN,2025-07-10,ไม่ผ่านเกณฑ์
นายธีระวัฒน์ บุตรทศ,ร้านจำหน่ายอาหาร,มุกดาหาร,เมืองมุกดาหาร,มุกดาหาร,SAN,2025-07-10,ไม่ผ่านเกณฑ์
นางนิตยา วาปี,ร้านจำหน่ายอาหาร,มุกดาหาร,เมืองมุกดาหาร,มุกดาหาร,SAN PLUS,2025-02-18,รับรอง
นางสาวนิตยา อุระ,ร้านจำหน่ายอาหาร,มุกดาหาร,เมืองมุกดาหาร,มุกดาหาร,SAN,2025-07-10,ไม่ผ่านเกณฑ์
นางนิภาพร คำนนท์,ร้านจำหน่ายอาหาร,มุกดาหาร,เมืองมุกดาหาร,มุกดาหาร,SAN,2025-07-10,ไม่ผ่านเกณฑ์
นางปรารถนา ทองออน,ร้านจำหน่ายอาหาร,มุกดาหาร,เมืองมุกดาหาร,มุกดาหาร,SAN,2025-07-10,ไม่ผ่านเกณฑ์
นางปริยา วาปี,ร้านจำหน่ายอาหาร,มุกดาหาร,เมืองมุกดาหาร,มุกดาหาร,SAN,2025-07-31,รับรอง
นางสาวพรรณนิสา เสียงใส,ร้านจำหน่ายอาหาร,มุกดาหาร,เมืองมุกดาหาร,มุกดาหาร,SAN,2025-07-10,ไม่ผ่านเกณฑ์
นางสาวพรสวรรค์ มุติรล,ร้านจำหน่ายอาหาร,มุกดาหาร,เมืองมุกดาหาร,มุกดาหาร,SAN,2025-07-10,ไม่ผ่านเกณฑ์
นางพัฒน์ ไชยายงค์,ร้านจำหน่ายอาหาร,มุกดาหาร,เมืองมุกดาหาร,มุกดาหาร,SAN,2025-07-31,รับรอง
นางสาวพันธิสา ศรีโยหะ,ร้านจำหน่ายอาหาร,มุกดาหาร,เมืองมุกดาหาร,มุกดาหาร,SAN,2025-07-31,รับรอง
นางมณีจันทร์ โนดนโสภา,ร้านจำหน่ายอาหาร,มุกดาหาร,เมืองมุกดาหาร,มุกดาหาร,SAN,2025-07-10,ไม่ผ่านเกณฑ์
นางสาวมูล ศรีโยหะ,ร้านจำหน่ายอาหาร,มุกดาหาร,เมืองมุกดาหาร,มุกดาหาร,SAN,2025-07-31,รับรอง
นางยุพิณ พลสีหา,ร้านจำหน่ายอาหาร,มุกดาหาร,เมืองมุกดาหาร,มุกดาหาร,SAN,2025-07-31,รับรอง
นางสาวรัศมี อาจหาญ,ร้านจำหน่ายอาหาร,มุกดาหาร,เมืองมุกดาหาร,มุกดาหาร,SAN,2025-07-10,ไม่ผ่านเกณฑ์
นางสาวละอองดาว สุขจิตร,ร้านจำหน่ายอาหาร,มุกดาหาร,เมืองมุกดาหาร,มุกดาหาร,SAN,2025-07-10,ไม่ผ่านเกณฑ์
นางวรรณพรรณ ศรัทธาครั้ง,ร้านจำหน่ายอาหาร,มุกดาหาร,เมืองมุกดาหาร,มุกดาหาร,SAN,2025-07-31,รับรอง
นางวารินทร์ บัวเพชร,ร้านจำหน่ายอาหาร,มุกดาหาร,เมืองมุกดาหาร,มุกดาหาร,SAN,2025-07-10,ไม่ผ่านเกณฑ์
นางวิไลรัตน์ อุระ,ร้านจำหน่ายอาหาร,มุกดาหาร,เมืองมุกดาหาร,มุกดาหาร,SAN,2025-07-10,ไม่ผ่านเกณฑ์
นางสมฤทัย ศรีโยหะ,ร้านจำหน่ายอาหาร,มุกดาหาร,เมืองมุกดาหาร,มุกดาหาร,SAN,2025-07-31,รับรอง
นางสมศรี อัคศรี,ร้านจำหน่ายอาหาร,มุกดาหาร,เมืองมุกดาหาร,มุกดาหาร,SAN,2025-07-10,ไม่ผ่านเกณฑ์
นางสำลอง จงราช,ร้านจำหน่ายอาหาร,มุกดาหาร,เมืองมุกดาหาร,มุกดาหาร,SAN,2025-07-10,ไม่ผ่านเกณฑ์
นางสุขฤทัย ศรีโยหะ,ร้านจำหน่ายอาหาร,มุกดาหาร,เมืองมุกดาหาร,มุกดาหาร,SAN,2025-07-31,รับรอง
นางสาวสุดารัตน์ ไชยสุริยงค์,ร้านจำหน่ายอาหาร,มุกดาหาร,เมืองมุกดาหาร,มุกดาหาร,SAN,2025-07-10,ไม่ผ่านเกณฑ์
นางสาวสุริยา จูมแพง ,ร้านจำหน่ายอาหาร,มุกดาหาร,เมืองมุกดาหาร,มุกดาหาร,SAN,2025-07-31,รับรอง
นางสาวสุลัดดา สิงห์ศร,ร้านจำหน่ายอาหาร,มุกดาหาร,เมืองมุกดาหาร,มุกดาหาร,SAN,2025-07-31,รับรอง
นางอรจิรา พรมดี,ร้านเครื่องดื่ม,มุกดาหาร,เมืองมุกดาหาร,มุกดาหาร,SAN,2025-07-10,ไม่ผ่านเกณฑ์
นางไอ่ ผดุงเจริญ,ร้านจำหน่ายอาหาร,มุกดาหาร,เมืองมุกดาหาร,มุกดาหาร,SAN,2025-07-31,รับรอง
นายเกษม จูมกลาง,ร้านจำหน่ายอาหาร,มุกดาหาร,เมืองมุกดาหาร,มุกดาหาร,SAN,2025-07-31,รับรอง
นางทม ปัญมาต,ร้านจำหน่ายอาหาร,มุกดาหาร,เมืองมุกดาหาร,มุกดาหาร,SAN,2025-07-31,รับรอง
นายยม ศรีโยหะ,ร้านจำหน่ายอาหาร,มุกดาหาร,เมืองมุกดาหาร,มุกดาหาร,SAN,2025-07-31,รับรอง
นางสาววิจิตร ชาธิพา,ร้านจำหน่ายอาหาร,มุกดาหาร,เมืองมุกดาหาร,มุกดาหาร,SAN,2025-07-31,รับรอง
นางศิวรักษ์ จูงกลาง,ร้านจำหน่ายอาหาร,มุกดาหาร,เมืองมุกดาหาร,มุกดาหาร,SAN,2025-07-31,รับรอง
นางสมเพียร วาปี,ร้านจำหน่ายอาหาร,มุกดาหาร,เมืองมุกดาหาร,มุกดาหาร,SAN,2025-07-31,รับรอง
นายสุทัศน์ ขันตา,ร้านจำหน่ายอาหาร,มุกดาหาร,เมืองมุกดาหาร,มุกดาหาร,SAN,2025-07-31,รับรอง
นางอรชร เชียงขวาง,ร้านจำหน่ายอาหาร,มุกดาหาร,เมืองมุกดาหาร,มุกดาหาร,SAN,2025-07-31,รับรอง
นางสาวชิตพร ไชยวรรณ,ร้านจำหน่ายอาหาร,มุกดาหาร,เมืองมุกดาหาร,มุกดาหาร,SAN,2025-07-31,รับรอง
