name,type,subdistrict,district,province,standard,approve_date,status
ร้านลาวเดอร์ คาเฟ่ แอลคูลซีล,ร้านจำหน่ายอาหาร,ในเมือง,เมืองยโสธร,ยโสธร,SAN,2024-10-24,รับรอง
ร้านรักบ้านเกิด,สวนอาหาร,ในเมือง,เมืองยโสธร,ยโสธร,SAN,2024-10-24,รับรอง
ร้านบ้านคุณย่า (สาขาริมทวน),ร้านจำหน่ายอาหาร,ในเมือง,เมืองยโสธร,ยโสธร,SAN,2024-10-24,รับรอง
ก๋วยเตี๋ยวเย็นตาโฟ ก๋วยเตี๋ยวหมูต้มยำ,ร้านจำหน่ายอาหาร,สามแยก,เลิงนกทา,ยโสธร,มาตรฐาน SAN,2023-09-19,หมดอายุ
วอนนภาเฮ้าส์,ร้านจำหน่ายอาหาร,สามแยก,เลิงนกทา,ยโสธร,SAN,2023-09-19,ไม่ผ่านเกณฑ์
อาหารตามสั่ง,ร้านจำหน่ายอาหาร,สามแยก,เลิงนกทา,ยโสธร,SAN,2023-09-19,ไม่ผ่านเกณฑ์
ร้านยายคำ,ร้านจำหน่ายอาหาร,สามแยก,เลิงนกทา,ยโสธร,SAN,2025-07-22,รับรอง
แอบแซบบุฟเฟ่หมูกะทะ,ร้านบุฟเฟ่ต์ (ปิ้งย่าง/ชาบู/สุกี้),สามแยก,เลิงนกทา,ยโสธร,SAN,2024-12-03,รับรอง
ส้มตำยำแซบ,ร้านจำหน่ายอาหาร,สามแยก,เลิงนกทา,ยโสธร,SAN,2023-09-19,ไม่ผ่านเกณฑ์
ลุงอ้วนคาเฟ่,ร้านเครื่องดื่ม,สามแยก,เลิงนกทา,ยโสธร,SAN,2025-07-30,รับรอง
ลาบเป็ดบ้านผู้ใหญ่,ร้านจำหน่ายอาหาร,สามแยก,เลิงนกทา,ยโสธร,SAN,2023-09-14,ไม่ผ่านเกณฑ์
สเต็กโชกุนสาขาเลิงนกทา,ร้านจำหน่ายอาหาร,สามแยก,เลิงนกทา,ยโสธร,SAN,2025-07-30,รับรอง
ครัวทัศนีย์,ร้านจำหน่ายอาหาร,สามแยก,เลิงนกทา,ยโสธร,SAN,2023-09-19,ไม่ผ่านเกณฑ์
ล้านกาแฟข้างอำเภอ,ร้านเครื่องดื่ม,กุดชุม,กุดชุม,ยโสธร,SAN,2024-09-27,รับรอง
เลิฟลี่เค้ก,ร้านจำหน่ายอาหาร,สำราญ,เมืองยโสธร,ยโสธร,SAN,2024-06-14,ไม่ผ่านเกณฑ์
บ่อตกปลา ยางนาฟิชชิ่งปาร์ค,ร้านจำหน่ายอาหาร,กุดชุม,กุดชุม,ยโสธร,SAN,2025-07-07,รับรอง
คาวบอยเฟ่,ร้านจำหน่ายอาหาร,กุดชุม,กุดชุม,ยโสธร,SAN,2025-07-23,รับรอง
อู่ข้าวอู่น้ำ,ร้านจำหน่ายอาหาร,กุดชุม,กุดชุม,ยโสธร,SAN,2024-03-20,ไม่ผ่านเกณฑ์
Ta Hug Yia Home Cafe,ร้านเครื่องดื่ม,ตาดทอง,เมืองยโสธร,ยโสธร,SAN,2024-05-03,ไม่ผ่านเกณฑ์
ตาดทองหมูกระทะ,ร้านจำหน่ายอาหาร,ตาดทอง,เมืองยโสธร,ยโสธร,SAN,2024-05-03,ไม่ผ่านเกณฑ์
ออยเนื้อย่างเกาหลี,ร้านจำหน่ายอาหาร,ตาดทอง,เมืองยโสธร,ยโสธร,SAN,2024-05-03,ไม่ผ่านเกณฑ์
บ้านสวนวังไผ่,ร้านจำหน่ายอาหาร,ตาดทอง,เมืองยโสธร,ยโสธร,SAN,2024-05-03,ไม่ผ่านเกณฑ์
ก๋วยเตี๋ยวรังสิต,ร้านจำหน่ายอาหาร,ตาดทอง,เมืองยโสธร,ยโสธร,SAN,2024-05-03,ไม่ผ่านเกณฑ์
ก๋วยเตี๋ยวเรือนครปฐม,ร้านจำหน่ายอาหาร,ตาดทอง,เมืองยโสธร,ยโสธร,SAN,2025-07-03,รับรอง
เล็กเก้เฮาส์คาเฟ่,ร้านจำหน่ายอาหาร,ตาดทอง,เมืองยโสธร,ยโสธร,SAN,2024-05-03,ไม่ผ่านเกณฑ์
DINO KIDS CAFE,ร้านจำหน่ายอาหาร,ตาดทอง,เมืองยโสธร,ยโสธร,SAN,2024-05-03,ไม่ผ่านเกณฑ์
อาหารตามสั่งแม่ไข,ร้านจำหน่ายอาหาร,ตาดทอง,เมืองยโสธร,ยโสธร,SAN,2024-05-03,ไม่ผ่านเกณฑ์
โทริคาเฟ่,ร้านจำหน่ายอาหาร,ตาดทอง,เมืองยโสธร,ยโสธร,SAN,2024-10-08,รับรอง
กอข้าว,ร้านจำหน่ายอาหาร,ตาดทอง,เมืองยโสธร,ยโสธร,SAN,2025-07-03,รับรอง
ครัวมัดใจ,ร้านจำหน่ายอาหาร,ตาดทอง,เมืองยโสธร,ยโสธร,SAN,2024-05-15,ไม่ผ่านเกณฑ์
มิสอารีย์ เดอะการ์เด้น,ร้านจำหน่ายอาหาร,ในเมือง,เมืองยโสธร,ยโสธร,SAN,2024-06-19,ไม่ผ่านเกณฑ์
เชอปุน,ร้านจำหน่ายอาหาร,ในเมือง,เมืองยโสธร,ยโสธร,SAN,2025-02-27,รับรอง
บ้านคุณย่า,ร้านจำหน่ายอาหาร,ในเมือง,เมืองยโสธร,ยโสธร,SAN,2024-06-19,ไม่ผ่านเกณฑ์
classy space,ร้านจำหน่ายอาหาร,ในเมือง,เมืองยโสธร,ยโสธร,มาตรฐาน SAN,2024-06-19,หมดอายุ
Vachi yasothon (หน้าศาล),ร้านเครื่องดื่ม,ในเมือง,เมืองยโสธร,ยโสธร,SAN,2024-06-19,ไม่ผ่านเกณฑ์
มิสอารีย์ เดอะการ์เด้น,ร้านจำหน่ายอาหาร,ในเมือง,เมืองยโสธร,ยโสธร,มาตรฐาน SAN,2024-10-10,หมดอายุ
บ้านคุณย่า,ร้านจำหน่ายอาหาร,ในเมือง,เมืองยโสธร,ยโสธร,มาตรฐาน SAN,2024-10-10,หมดอายุ
เชอปุน,ร้านจำหน่ายอาหาร,ในเมือง,เมืองยโสธร,ยโสธร,SAN,2025-07-14,รับรอง
อู่ข้าวอู่น้ำ,ร้านจำหน่ายอาหาร,กุดชุม,กุดชุม,ยโสธร,SAN,2025-04-18,ไม่ผ่านเกณฑ์
-,ร้านจำหน่ายอาหาร,กุดชุม,กุดชุม,ยโสธร,มาตรฐาน SAN,2025-04-18,หมดอายุ
ร้านเฉาก๊วยนายพล,อื่นๆ,กุดชุม,กุดชุม,ยโสธร,SAN,2025-04-18,ไม่ผ่านเกณฑ์
ซุ้มเนื้อย่าง,ร้านบุฟเฟ่ต์ (ปิ้งย่าง/ชาบู/สุกี้),กุดชุม,กุดชุม,ยโสธร,SAN PLUS,2024-06-13,หมดอายุ
ครัวครูเก,ร้านจำหน่ายอาหาร,กุดชุม,กุดชุม,ยโสธร,มาตรฐาน SAN,2025-04-18,หมดอายุ
ร้านส้มตำ ไก่ย่าง ฮ่มต้อง,ร้านจำหน่ายอาหาร,กุดชุม,กุดชุม,ยโสธร,SAN,2025-04-18,ไม่ผ่านเกณฑ์
ร้านก๋วยเตี๋ยวแม่ดม,ร้านจำหน่ายอาหาร,กุดชุม,กุดชุม,ยโสธร,SAN,2025-08-04,รับรอง
ขนมจีนน้ำซาว,ร้านจำหน่ายอาหาร,กุดชุม,กุดชุม,ยโสธร,มาตรฐาน SAN,2025-04-18,หมดอายุ
ก๋วยเตี๋ยวไก่มะระ By ช่อมาลี,ร้านจำหน่ายอาหาร,กุดชุม,กุดชุม,ยโสธร,SAN,2024-08-28,รับรอง
นะโมอาหารตามสั่ง,ร้านจำหน่ายอาหาร,กุดชุม,กุดชุม,ยโสธร,SAN,2024-08-27,รับรอง
ก๋วยเตี๋ยวเรือข่างทง,ร้านจำหน่ายอาหาร,กุดชุม,กุดชุม,ยโสธร,SAN,2024-08-27,รับรอง
นัทประตูโขง,ร้านเครื่องดื่ม,กุดชุม,กุดชุม,ยโสธร,SAN,2025-04-18,ไม่ผ่านเกณฑ์
ร้านเจ๊นี ลาบยโส,ร้านจำหน่ายอาหาร,กุดชุม,กุดชุม,ยโสธร,SAN,2025-07-22,รับรอง
ร้านราดหน้านายเคี้ยงเอ็มไพร์,ร้านจำหน่ายอาหาร,กุดชุม,กุดชุม,ยโสธร,มาตรฐาน SAN,2025-04-18,หมดอายุ
ร้านเจ้เล็กรสเด็ด,ร้านจำหน่ายอาหาร,กุดชุม,กุดชุม,ยโสธร,มาตรฐาน SAN,2025-04-18,หมดอายุ
ร้านส้มตำแม่กาย,ร้านจำหน่ายอาหาร,กุดชุม,กุดชุม,ยโสธร,มาตรฐาน SAN,2025-04-18,หมดอายุ
ร้านน้ำคุณยาย,ร้านจำหน่ายอาหาร,กุดชุม,กุดชุม,ยโสธร,SAN,2025-07-22,รับรอง
ร้านนิดลาบแซ่บ,ร้านจำหน่ายอาหาร,กุดชุม,กุดชุม,ยโสธร,SAN,2025-04-18,ไม่ผ่านเกณฑ์
ร้านโคตรแซ่บ,ร้านจำหน่ายอาหาร,กุดชุม,กุดชุม,ยโสธร,SAN,2025-04-18,ไม่ผ่านเกณฑ์
ร้านนุ่มขาหมู,ร้านจำหน่ายอาหาร,กุดชุม,กุดชุม,ยโสธร,SAN,2025-07-31,รับรอง
ร้าน Nine's Coffee,ร้านจำหน่ายอาหาร,กุดชุม,กุดชุม,ยโสธร,มาตรฐาน SAN,2025-04-18,หมดอายุ
ร้านครูเพ็ญ คอฟฟี่ เฮาส์,ร้านเครื่องดื่ม,กุดชุม,กุดชุม,ยโสธร,มาตรฐาน SAN,2025-04-18,หมดอายุ
ชาบูนายพล,ร้านบุฟเฟ่ต์ (ปิ้งย่าง/ชาบู/สุกี้),กุดชุม,กุดชุม,ยโสธร,SAN,2025-04-18,ไม่ผ่านเกณฑ์
ล้านกาแฟข้างอำเภอ,ร้านจำหน่ายอาหาร,กุดชุม,กุดชุม,ยโสธร,SAN,2025-07-30,รับรอง
ร้านก๋วยเตี๋ยวลูกชิ้นกุดชุม,ร้านจำหน่ายอาหาร,กุดชุม,กุดชุม,ยโสธร,SAN,2025-07-30,รับรอง
ร้าน Work's BBQ,ร้านจำหน่ายอาหาร,กุดชุม,กุดชุม,ยโสธร,มาตรฐาน SAN,2025-04-18,หมดอายุ
ร้านลุงน้อย,ร้านจำหน่ายอาหาร,กุดชุม,กุดชุม,ยโสธร,มาตรฐาน SAN,2025-04-18,หมดอายุ
ร้านลาบยโสธรอินเตอร์,ร้านจำหน่ายอาหาร,กุดชุม,กุดชุม,ยโสธร,SAN,2025-04-18,ไม่ผ่านเกณฑ์
ร้านก่วยเตี่ยวหน้ากรุงไทย,ร้านจำหน่ายอาหาร,กุดชุม,กุดชุม,ยโสธร,SAN,2025-07-31,รับรอง
ร้านก๋วยจั๊บหมูยอ อุบล,ร้านจำหน่ายอาหาร,กุดชุม,กุดชุม,ยโสธร,มาตรฐาน SAN,2025-04-18,หมดอายุ
ร้านแม่สายส้มตำ,ร้านจำหน่ายอาหาร,กุดชุม,กุดชุม,ยโสธร,SAN,2025-04-18,ไม่ผ่านเกณฑ์
ร้านก๋วยเตี๋ยวแม่อ้อย,ร้านจำหน่ายอาหาร,กุดชุม,กุดชุม,ยโสธร,SAN,2025-07-31,รับรอง
"ร้านก๋วยเตี๋ยวเรือรังสิต ""สุ คลอง 2""",ร้านจำหน่ายอาหาร,กุดชุม,กุดชุม,ยโสธร,SAN,2025-07-31,รับรอง
ร้านชายสีบะหมี่เกีียว,ร้านจำหน่ายอาหาร,กุดชุม,กุดชุม,ยโสธร,SAN,2025-04-18,ไม่ผ่านเกณฑ์
ร้านป้าใหมอาหารตามสั่ง,ร้านจำหน่ายอาหาร,กุดชุม,กุดชุม,ยโสธร,SAN,2025-04-18,ไม่ผ่านเกณฑ์
ร้าน Hop Chafe กุดชุม,ร้านจำหน่ายอาหาร,กุดชุม,กุดชุม,ยโสธร,SAN,2025-07-31,รับรอง
ร้านก๋วยเตี๋ยวแชมป์,ร้านจำหน่ายอาหาร,กุดชุม,กุดชุม,ยโสธร,มาตรฐาน SAN,2025-04-18,หมดอายุ
ร้านเก้าชิ ชานมไข่มุข/สเต็กบางพลู,ร้านจำหน่ายอาหาร,กุดชุม,กุดชุม,ยโสธร,SAN,2025-04-18,ไม่ผ่านเกณฑ์
ร้านก๋วยจั๊บหมูปากแดง,ร้านจำหน่ายอาหาร,กุดชุม,กุดชุม,ยโสธร,SAN,2025-04-18,ไม่ผ่านเกณฑ์
-,ร้านจำหน่ายอาหาร,กุดชุม,กุดชุม,ยโสธร,SAN,2025-04-18,ไม่ผ่านเกณฑ์
-,ร้านจำหน่ายอาหาร,กุดชุม,กุดชุม,ยโสธร,SAN,2025-04-18,ไม่ผ่านเกณฑ์
ข้าวมันไก่ห้าดาว,ร้านจำหน่ายอาหาร,กุดชุม,กุดชุม,ยโสธร,SAN,2025-04-18,ไม่ผ่านเกณฑ์
ครัวคุณต้อม,ร้านจำหน่ายอาหาร,กุดชุม,กุดชุม,ยโสธร,SAN,2025-04-18,ไม่ผ่านเกณฑ์
ข้าวขาหมูท็อปเจริญ,ร้านจำหน่ายอาหาร,ฟ้าหยาด,มหาชนะชัย,ยโสธร,มาตรฐาน SAN,2025-01-15,หมดอายุ
ร้านครัวดวงดี,ร้านจำหน่ายอาหาร,กุดชุม,กุดชุม,ยโสธร,SAN,2025-03-17,ไม่ผ่านเกณฑ์
ร้านลาบแสงจันทร์,ร้านจำหน่ายอาหาร,น้ำอ้อม,ค้อวัง,ยโสธร,SAN,2024-11-25,รับรอง
ร้านซันฟาวเวอร์ ซุปเปอร์,ร้านจำหน่ายอาหาร,น้ำอ้อม,ค้อวัง,ยโสธร,SAN,2024-12-20,รับรอง
ร้านเกตน์เจริญคาร์แคร์,ร้านจำหน่ายอาหาร,ฟ้าห่วน,ค้อวัง,ยโสธร,SAN,2025-06-19,ไม่ผ่านเกณฑ์
ร้านโกดังข้าวไชยกุลฟาร์มเอาห์เลท,ร้านจำหน่ายอาหาร,สามแยก,เลิงนกทา,ยโสธร,SAN,2025-06-23,ไม่ผ่านเกณฑ์
ร้านตี๋ & ตังค์,ร้านจำหน่ายอาหาร,น้ำอ้อม,ค้อวัง,ยโสธร,SAN,2025-04-08,รับรอง
ขนมจีนน้ำเงี้ยว,ร้านจำหน่ายอาหาร,โพธิ์ไทร,ป่าติ้ว,ยโสธร,SAN,2025-07-08,ไม่ผ่านเกณฑ์
คุณวินัยเนื้อย่าง,ร้านจำหน่ายอาหาร,โพธิ์ไทร,ป่าติ้ว,ยโสธร,SAN,2025-07-08,ไม่ผ่านเกณฑ์
ร้านข้าวมันไก่ตลาดไนท์,ร้านจำหน่ายอาหาร,ในเมือง,เมืองยโสธร,ยโสธร,SAN,2025-04-04,รับรอง
ร้านข้าวมันไก่ตลาดไนท์,ร้านจำหน่ายอาหาร,ในเมือง,เมืองยโสธร,ยโสธร,SAN,2025-04-04,รับรอง
ร้านข้าวมันไก่ตลาดไนท์,ร้านจำหน่ายอาหาร,ในเมือง,เมืองยโสธร,ยโสธร,SAN,2025-04-04,รับรอง
ร้านหมึกย่าง (ลานเบียร์ยโสธร),ร้านจำหน่ายอาหาร,ในเมือง,เมืองยโสธร,ยโสธร,SAN,2025-04-05,รับรอง
ร้านลัพธ์เจริญ,อื่นๆ,ในเมือง,เมืองยโสธร,ยโสธร,SAN,2025-04-05,รับรอง
ลานเบียร์ยโสธร,ร้านจำหน่ายอาหาร,ในเมือง,เมืองยโสธร,ยโสธร,SAN,2025-07-29,ไม่ผ่านเกณฑ์
ร้านก๋วยจั๊บสุดใจ,ร้านจำหน่ายอาหาร,ในเมือง,เมืองยโสธร,ยโสธร,SAN,2025-07-29,ไม่ผ่านเกณฑ์
ร้านก๋วยจั๊บสุดใจ,ร้านจำหน่ายอาหาร,ในเมือง,เมืองยโสธร,ยโสธร,SAN,2025-07-29,ไม่ผ่านเกณฑ์
ค็อฟฟี่พี่ยุทธ,ร้านจำหน่ายอาหาร,ในเมือง,เมืองยโสธร,ยโสธร,SAN,2025-07-29,ไม่ผ่านเกณฑ์
ร้านไอซ์กิโม  สโนไอซ์,ร้านจำหน่ายอาหาร,ในเมือง,เมืองยโสธร,ยโสธร,SAN,2025-04-05,รับรอง
กรฤทธิ์เนื้อย่างเกาหลี,ร้านจำหน่ายอาหาร,ในเมือง,เมืองยโสธร,ยโสธร,SAN,2025-04-05,รับรอง
หมึกย่าง,ร้านจำหน่ายอาหาร,ในเมือง,เมืองยโสธร,ยโสธร,SAN,2025-07-30,ไม่ผ่านเกณฑ์
ร้านไอศกรีมตาไทย,ร้านจำหน่ายอาหาร,ในเมือง,เมืองยโสธร,ยโสธร,SAN,2025-07-30,ไม่ผ่านเกณฑ์
ร้านกาแฟมิสอารีย์,ร้านจำหน่ายอาหาร,ในเมือง,เมืองยโสธร,ยโสธร,SAN,2025-07-30,ไม่ผ่านเกณฑ์
หม่าล่า ลูกชิ้นทอด,ร้านจำหน่ายอาหาร,ในเมือง,เมืองยโสธร,ยโสธร,SAN,2025-07-30,ไม่ผ่านเกณฑ์
ร้านยำอินดี้,ร้านจำหน่ายอาหาร,ในเมือง,เมืองยโสธร,ยโสธร,SAN,2025-07-30,ไม่ผ่านเกณฑ์
ร้านไอติมพ่อรินทร์,ร้านจำหน่ายอาหาร,ในเมือง,เมืองยโสธร,ยโสธร,SAN,2025-07-30,ไม่ผ่านเกณฑ์
ร้านก๋วยจั๊บหลีชิง,ร้านจำหน่ายอาหาร,ในเมือง,เมืองยโสธร,ยโสธร,SAN,2025-07-30,ไม่ผ่านเกณฑ์
แจ่วฮ้อน,ร้านจำหน่ายอาหาร,ในเมือง,เมืองยโสธร,ยโสธร,SAN,2025-07-30,ไม่ผ่านเกณฑ์
หมึกกี่่่,ร้านจำหน่ายอาหาร,ในเมือง,เมืองยโสธร,ยโสธร,SAN,2025-07-30,ไม่ผ่านเกณฑ์
ส้มตำ ยำแซ่บ,ร้านจำหน่ายอาหาร,ในเมือง,เมืองยโสธร,ยโสธร,SAN,2025-07-30,ไม่ผ่านเกณฑ์
ข้าวกะเพรา,ร้านจำหน่ายอาหาร,ในเมือง,เมืองยโสธร,ยโสธร,SAN,2025-06-27,รับรอง
ก๋วยจั๊บ,ร้านจำหน่ายอาหาร,ในเมือง,เมืองยโสธร,ยโสธร,SAN,2025-07-30,ไม่ผ่านเกณฑ์
ต้นคุน,ร้านจำหน่ายอาหาร,ในเมือง,เมืองยโสธร,ยโสธร,SAN,2025-07-30,ไม่ผ่านเกณฑ์
ร้านรสทิพย์เนื้อย่าง,ร้านจำหน่ายอาหาร,ในเมือง,เมืองยโสธร,ยโสธร,SAN,2025-04-21,รับรอง
ยี่สิบห้าเม,ร้านจำหน่ายอาหาร,ในเมือง,เมืองยโสธร,ยโสธร,SAN,2025-04-21,รับรอง
รำไพอาหารตามสั่ง,ร้านจำหน่ายอาหาร,ในเมือง,เมืองยโสธร,ยโสธร,SAN,2025-05-30,รับรอง
ร้านสำราญร็อคเก็ตผับ,ร้านจำหน่ายอาหาร,ในเมือง,เมืองยโสธร,ยโสธร,SAN,2025-05-30,รับรอง
มอนทเต้,ร้านจำหน่ายอาหาร,ในเมือง,เมืองยโสธร,ยโสธร,SAN,2025-05-20,รับรอง
ร้านคูณทวีเนื้อย่าง,ร้านจำหน่ายอาหาร,ในเมือง,เมืองยโสธร,ยโสธร,SAN,2025-07-30,ไม่ผ่านเกณฑ์
ร้านลาบห้องข่า (แม่คร) สาขา 3,ร้านจำหน่ายอาหาร,ในเมือง,เมืองยโสธร,ยโสธร,SAN,2025-07-30,ไม่ผ่านเกณฑ์
บาว คาเฟ่,ร้านจำหน่ายอาหาร,ในเมือง,เมืองยโสธร,ยโสธร,SAN,2025-07-30,ไม่ผ่านเกณฑ์
ร้านไอซ์ซิ่ง,ร้านจำหน่ายอาหาร,ในเมือง,เมืองยโสธร,ยโสธร,SAN,2025-04-24,รับรอง
ร้านป๋าหมอนซกเล็ก,ร้านจำหน่ายอาหาร,ในเมือง,เมืองยโสธร,ยโสธร,SAN,2025-07-30,ไม่ผ่านเกณฑ์
ร้านผัดไทแม่สม,ร้านจำหน่ายอาหาร,ในเมือง,เมืองยโสธร,ยโสธร,SAN,2025-07-30,ไม่ผ่านเกณฑ์
ร้านข้าวแกงปักษ์ใต้,ร้านจำหน่ายอาหาร,ในเมือง,เมืองยโสธร,ยโสธร,SAN,2025-04-21,รับรอง
ร้านก๋วยจั๊บแม่โอ๋,ร้านจำหน่ายอาหาร,ในเมือง,เมืองยโสธร,ยโสธร,SAN,2025-07-26,รับรอง
ร้านอินทนิล,ร้านจำหน่ายอาหาร,ในเมือง,เมืองยโสธร,ยโสธร,SAN,2025-04-21,รับรอง
ร้านพรก๋วยเตี๋ยวกุดชุม,ร้านจำหน่ายอาหาร,ในเมือง,เมืองยโสธร,ยโสธร,SAN,2025-07-26,รับรอง
ร้านข้าวหมูแดงนครปฐม,ร้านจำหน่ายอาหาร,ในเมือง,เมืองยโสธร,ยโสธร,SAN,2025-07-26,รับรอง
ร้านบะหมี่ชากังราว,ร้านจำหน่ายอาหาร,ในเมือง,เมืองยโสธร,ยโสธร,SAN,2025-07-30,ไม่ผ่านเกณฑ์
ร้านกรฤทธิ์เนื้อย่างเกาหลี,ร้านจำหน่ายอาหาร,ในเมือง,เมืองยโสธร,ยโสธร,SAN,2025-07-30,ไม่ผ่านเกณฑ์
ร้านจ้วดจ้าดแจ่วฮ้อน,ร้านจำหน่ายอาหาร,ในเมือง,เมืองยโสธร,ยโสธร,SAN,2025-07-26,รับรอง
ร้านอเมซอน เอ็น.ซี ปิโตรเลียม,ร้านจำหน่ายอาหาร,ในเมือง,เมืองยโสธร,ยโสธร,SAN,2025-04-22,รับรอง
ร้านข้าวมันสองพี่น้อง,ร้านจำหน่ายอาหาร,ในเมือง,เมืองยโสธร,ยโสธร,SAN,2025-04-21,รับรอง
ร้านก๋วยจั๊บหลีชิง,ร้านจำหน่ายอาหาร,ในเมือง,เมืองยโสธร,ยโสธร,SAN,2025-07-30,ไม่ผ่านเกณฑ์
ร้านก๋วยเตี๋ยวแม่งนาง,ร้านจำหน่ายอาหาร,ในเมือง,เมืองยโสธร,ยโสธร,SAN,2025-07-31,ไม่ผ่านเกณฑ์
ร้าน MOMO CHA,ร้านเครื่องดื่ม,ในเมือง,เมืองยโสธร,ยโสธร,SAN,2025-07-31,ไม่ผ่านเกณฑ์
ร้านไอซ์กิโม สโนว์ไอซ์,ร้านจำหน่ายอาหาร,ในเมือง,เมืองยโสธร,ยโสธร,SAN,2025-07-31,ไม่ผ่านเกณฑ์
ร้านมงคลข้าวมันไก่,ร้านจำหน่ายอาหาร,ในเมือง,เมืองยโสธร,ยโสธร,SAN,2025-07-31,ไม่ผ่านเกณฑ์
ร้านดีดีซูชิ,ร้านจำหน่ายอาหาร,ในเมือง,เมืองยโสธร,ยโสธร,SAN,2025-07-31,ไม่ผ่านเกณฑ์
ร้านก๋วยเตี๋ยวเรือบ้านไทย,ร้านจำหน่ายอาหาร,ในเมือง,เมืองยโสธร,ยโสธร,SAN,2025-07-31,ไม่ผ่านเกณฑ์
ร้านนงค์ลักษณ์,ร้านจำหน่ายอาหาร,ในเมือง,เมืองยโสธร,ยโสธร,SAN,2025-07-31,ไม่ผ่านเกณฑ์
ร้านครัวราชาวดี,ร้านจำหน่ายอาหาร,ในเมือง,เมืองยโสธร,ยโสธร,SAN,2025-07-31,ไม่ผ่านเกณฑ์
ร้านมารีอาหารตามสั่ง,ร้านจำหน่ายอาหาร,ในเมือง,เมืองยโสธร,ยโสธร,SAN,2025-07-31,ไม่ผ่านเกณฑ์
ร้านเจ๊รัตน์อาหารตามสั่ง,ร้านจำหน่ายอาหาร,ในเมือง,เมืองยโสธร,ยโสธร,SAN,2025-07-31,ไม่ผ่านเกณฑ์
ร้านขนมบ้านพอใจ,ร้านจำหน่ายอาหาร,ในเมือง,เมืองยโสธร,ยโสธร,SAN,2025-07-31,ไม่ผ่านเกณฑ์
ร้านเนื้อย่างริมบึง,ร้านจำหน่ายอาหาร,ในเมือง,เมืองยโสธร,ยโสธร,SAN,2025-07-31,ไม่ผ่านเกณฑ์
ร้านเมืองยศคาเฟ่,ร้านจำหน่ายอาหาร,ในเมือง,เมืองยโสธร,ยโสธร,SAN,2025-07-31,ไม่ผ่านเกณฑ์
ร้านเตี๋ยวไหน,ร้านจำหน่ายอาหาร,ในเมือง,เมืองยโสธร,ยโสธร,SAN,2025-07-31,ไม่ผ่านเกณฑ์
ร้านสัมฤทธิ์,ร้านจำหน่ายอาหาร,ในเมือง,เมืองยโสธร,ยโสธร,SAN,2025-07-31,ไม่ผ่านเกณฑ์
ร้านแจ่มใสยโสธร,ร้านจำหน่ายอาหาร,ในเมือง,เมืองยโสธร,ยโสธร,SAN,2025-07-31,ไม่ผ่านเกณฑ์
ร้านองค์ชายสี่,ร้านจำหน่ายอาหาร,ในเมือง,เมืองยโสธร,ยโสธร,SAN,2025-07-31,ไม่ผ่านเกณฑ์
ร้านยายบัว,ร้านจำหน่ายอาหาร,ในเมือง,เมืองยโสธร,ยโสธร,SAN,2025-07-31,ไม่ผ่านเกณฑ์
ร้านข้าวต้มหยก,ร้านจำหน่ายอาหาร,ในเมือง,เมืองยโสธร,ยโสธร,SAN,2025-07-31,ไม่ผ่านเกณฑ์
เดอะกรีนทอร์เรซ,ร้านจำหน่ายอาหาร,ในเมือง,เมืองยโสธร,ยโสธร,SAN,2025-07-31,ไม่ผ่านเกณฑ์
ร้านข้าวแกงปักษ์ใต้,ร้านจำหน่ายอาหาร,ในเมือง,เมืองยโสธร,ยโสธร,SAN,2025-07-31,ไม่ผ่านเกณฑ์
หนึ่งอาหารตามสั่ง,ร้านจำหน่ายอาหาร,ในเมือง,เมืองยโสธร,ยโสธร,SAN,2025-07-31,ไม่ผ่านเกณฑ์
ร้านปราณีเนื้อย่าง,สวนอาหาร,ในเมือง,เมืองยโสธร,ยโสธร,SAN,2025-07-31,ไม่ผ่านเกณฑ์
ร้านเจ๊น้อยไก่ย่างบ้านแคน,ร้านจำหน่ายอาหาร,ในเมือง,เมืองยโสธร,ยโสธร,SAN,2025-07-31,ไม่ผ่านเกณฑ์
ร้านโจ๊กอุษณีย์,ร้านจำหน่ายอาหาร,ในเมือง,เมืองยโสธร,ยโสธร,SAN,2025-07-31,ไม่ผ่านเกณฑ์
ร้านสวนกาแฟ,ร้านจำหน่ายอาหาร,ในเมือง,เมืองยโสธร,ยโสธร,SAN,2025-04-22,รับรอง
ร้านก๋วยจั๊บสุดใจ,ร้านจำหน่ายอาหาร,ในเมือง,เมืองยโสธร,ยโสธร,SAN,2025-07-31,ไม่ผ่านเกณฑ์
สวนอาหารกอไผ่,สวนอาหาร,ในเมือง,เมืองยโสธร,ยโสธร,SAN,2025-07-31,ไม่ผ่านเกณฑ์
ร้านชายสี่บะหมี่เกี๊ยว,ร้านจำหน่ายอาหาร,ในเมือง,เมืองยโสธร,ยโสธร,SAN,2025-07-31,ไม่ผ่านเกณฑ์
ร้านกาแฟสด,ร้านเครื่องดื่ม,ในเมือง,เมืองยโสธร,ยโสธร,SAN,2025-07-31,ไม่ผ่านเกณฑ์
ร้านลุงอ้วนอาหารตามสั่ง,ร้านจำหน่ายอาหาร,ในเมือง,เมืองยโสธร,ยโสธร,SAN,2025-07-31,ไม่ผ่านเกณฑ์
ร้านราดหน้ายอดผักเอ็มไพร์,ร้านจำหน่ายอาหาร,ในเมือง,เมืองยโสธร,ยโสธร,SAN,2025-07-31,ไม่ผ่านเกณฑ์
ร้านออยสาขา 3,ร้านบุฟเฟ่ต์ (ปิ้งย่าง/ชาบู/สุกี้),ในเมือง,เมืองยโสธร,ยโสธร,SAN,2025-04-22,รับรอง
ร้านผัดไทยแม่สม,ร้านจำหน่ายอาหาร,ในเมือง,เมืองยโสธร,ยโสธร,SAN,2025-07-31,ไม่ผ่านเกณฑ์
ร้านก๋วยเตี๋ยวหมูพริกกะเหรี่ยง,ร้านจำหน่ายอาหาร,ในเมือง,เมืองยโสธร,ยโสธร,SAN,2025-07-31,ไม่ผ่านเกณฑ์
ร้านเด็กเส้น (ศูนย์อาหารนานาภัณฑ์),ร้านจำหน่ายอาหาร,ในเมือง,เมืองยโสธร,ยโสธร,SAN,2025-04-22,รับรอง
ร้านโจ๊กมรกต,ร้านจำหน่ายอาหาร,ในเมือง,เมืองยโสธร,ยโสธร,SAN,2025-04-24,รับรอง
ร้านจุกจิก (ศูนย์อาหารนานาภัณฑ์),ร้านจำหน่ายอาหาร,ในเมือง,เมืองยโสธร,ยโสธร,SAN,2025-04-22,รับรอง
ร้านแซ่บคั๊ก (ศูนย์อาหารนานาภัณฑ์),ร้านจำหน่ายอาหาร,ในเมือง,เมืองยโสธร,ยโสธร,SAN,2025-04-22,รับรอง
ก๋วยจั๊บทรงเครื่อง,ร้านจำหน่ายอาหาร,ในเมือง,เมืองยโสธร,ยโสธร,SAN,2025-04-24,รับรอง
ร้านเด็กนอก (ศูนย์อาหารนานาภัณฑ์),ร้านจำหน่ายอาหาร,ในเมือง,เมืองยโสธร,ยโสธร,SAN,2025-04-24,รับรอง
ร้านเก๋ก๋วยจั๊บหน้าบูด,ร้านจำหน่ายอาหาร,ในเมือง,เมืองยโสธร,ยโสธร,SAN,2025-07-31,ไม่ผ่านเกณฑ์
ร้านจิบแฟ,ร้านเครื่องดื่ม,ในเมือง,เมืองยโสธร,ยโสธร,SAN,2025-07-31,ไม่ผ่านเกณฑ์
ร้านไอติมตาทัย,ร้านจำหน่ายอาหาร,ในเมือง,เมืองยโสธร,ยโสธร,SAN,2025-04-24,รับรอง
ร้านพ่อรินทร์ไอติม,ร้านจำหน่ายอาหาร,ในเมือง,เมืองยโสธร,ยโสธร,SAN,2025-07-31,ไม่ผ่านเกณฑ์
ห้องอาหารออคิด,ศูนย์อาหาร,ในเมือง,เมืองยโสธร,ยโสธร,SAN,2025-07-31,ไม่ผ่านเกณฑ์
ร้านเจ๊ยุส้มตำไก่ย่าง,ร้านจำหน่ายอาหาร,ในเมือง,เมืองยโสธร,ยโสธร,SAN,2025-07-31,ไม่ผ่านเกณฑ์
ร้านอาหารแอปเปิ้ล,ร้านจำหน่ายอาหาร,ในเมือง,เมืองยโสธร,ยโสธร,SAN,2025-07-31,ไม่ผ่านเกณฑ์
ร้านสัมฤทธิ์,ร้านจำหน่ายอาหาร,ในเมือง,เมืองยโสธร,ยโสธร,SAN,2025-07-31,ไม่ผ่านเกณฑ์
ร้านครัวเจเสบียงบุญ,สวนอาหาร,ในเมือง,เมืองยโสธร,ยโสธร,SAN,2025-07-31,ไม่ผ่านเกณฑ์
ร้านเมรากิ,ร้านจำหน่ายอาหาร,ในเมือง,เมืองยโสธร,ยโสธร,SAN,2025-07-31,ไม่ผ่านเกณฑ์
ร้านลาบห้องข่า สาขา 3,ร้านจำหน่ายอาหาร,ในเมือง,เมืองยโสธร,ยโสธร,SAN,2025-07-31,ไม่ผ่านเกณฑ์
ร้านพอใจ,ร้านจำหน่ายอาหาร,ในเมือง,เมืองยโสธร,ยโสธร,SAN,2025-07-31,ไม่ผ่านเกณฑ์
ร้านสำราญร็อคเก็ตผับ,ร้านจำหน่ายอาหาร,ในเมือง,เมืองยโสธร,ยโสธร,SAN,2025-07-31,ไม่ผ่านเกณฑ์
ร้านยำอินดี้,ร้านจำหน่ายอาหาร,ในเมือง,เมืองยโสธร,ยโสธร,SAN,2025-07-31,ไม่ผ่านเกณฑ์
ร้านโจ๊คจัพ,ร้านจำหน่ายอาหาร,ในเมือง,เมืองยโสธร,ยโสธร,SAN,2025-07-31,ไม่ผ่านเกณฑ์
ร้าน Lo ลาบ ต้ม ย่าง,ร้านจำหน่ายอาหาร,ในเมือง,เมืองยโสธร,ยโสธร,SAN,2025-07-31,ไม่ผ่านเกณฑ์
ร้านเล่าลือ,ร้านจำหน่ายอาหาร,ในเมือง,เมืองยโสธร,ยโสธร,SAN,2025-07-31,ไม่ผ่านเกณฑ์
ร้านสเต็กพี่ใหญ่,ร้านจำหน่ายอาหาร,ในเมือง,เมืองยโสธร,ยโสธร,SAN,2025-07-24,รับรอง
