name,type,subdistrict,district,province,standard,approve_date,status
Fullmoon Japanese Bar,ร้านจำหน่ายอาหาร,บ้านนา,บ้านนา,นครนายก,SAN,2023-05-16,ไม่ผ่านเกณฑ์
ครัวดาวคาวหวาน(บ้านพุทธมณฑา),ร้านจำหน่ายอาหาร,ศีรษะกระบือ,องครักษ์,นครนายก,SAN,2023-05-18,ไม่ผ่านเกณฑ์
Duklongcafe&Restaurant,ร้านจำหน่ายอาหาร,บึงศาล,องครักษ์,นครนายก,SAN,2023-05-18,ไม่ผ่านเกณฑ์
โอตะยากิ,ร้านจำหน่ายอาหาร,บ้านนา,บ้านนา,นครนายก,SAN,2023-05-18,ไม่ผ่านเกณฑ์
ที่ตามหา,ร้านบุฟเฟ่ต์ (ปิ้งย่าง/ชาบู/สุกี้),ดงละคร,เมืองนครนายก,นครนายก,SAN,2023-05-18,ไม่ผ่านเกณฑ์
เซา-มี-แฮง,ร้านจำหน่ายอาหาร,หนองแสง,ปากพลี,นครนายก,SAN,2025-05-05,รับรอง
มาฟาคาเฟ่,ร้านจำหน่ายอาหาร,ปากพลี,ปากพลี,นครนายก,SAN,2023-06-12,ไม่ผ่านเกณฑ์
พวน ฟาร์ม คาเฟ่,ร้านจำหน่ายอาหาร,คลองใหญ่,องครักษ์,นครนายก,SAN,2023-06-12,ไม่ผ่านเกณฑ์
กูโรตีชาชักคลอง 16,ร้านจำหน่ายอาหาร,พระอาจารย์,องครักษ์,นครนายก,SAN,2023-06-12,ไม่ผ่านเกณฑ์
ร้านกาแฟสวนป้าอินทร์,ร้านจำหน่ายอาหาร,คลองใหญ่,องครักษ์,นครนายก,SAN,2023-06-12,ไม่ผ่านเกณฑ์
ร้าน Montreux cafe and farm,ร้านเครื่องดื่ม,บึงศาล,องครักษ์,นครนายก,SAN,2023-06-12,ไม่ผ่านเกณฑ์
ร้านไก่ย่างสองสาว,ร้านจำหน่ายอาหาร,หินตั้ง,เมืองนครนายก,นครนายก,SAN,2024-06-27,ไม่ผ่านเกณฑ์
เดอะชะมวง ฟอเรสต์ ,ร้านจำหน่ายอาหาร,สาริกา,เมืองนครนายก,นครนายก,SAN,2023-05-18,ไม่ผ่านเกณฑ์
โรงลาบศรีนาวา,ร้านจำหน่ายอาหาร,ศรีนาวา,เมืองนครนายก,นครนายก,SAN,2023-05-18,ไม่ผ่านเกณฑ์
ร้านส้มตำเจ้ไก่อุดร นครนายก สาขา3,ร้านจำหน่ายอาหาร,บ้านใหญ่,เมืองนครนายก,นครนายก,SAN,2025-06-13,ไม่ผ่านเกณฑ์
ราวินโฮมคาเฟ่,ร้านจำหน่ายอาหาร,นาหินลาด,ปากพลี,นครนายก,SAN,2023-06-12,ไม่ผ่านเกณฑ์
สมมาศโภชนา,ร้านจำหน่ายอาหาร,นครนายก,เมืองนครนายก,นครนายก,มาตรฐาน SAN,2023-06-12,หมดอายุ
นครสเต็ก,ร้านจำหน่ายอาหาร,บ้านใหญ่,เมืองนครนายก,นครนายก,SAN,2023-06-12,ไม่ผ่านเกณฑ์
ร้านริมคลอง,ร้านจำหน่ายอาหาร,สาริกา,เมืองนครนายก,นครนายก,SAN,2025-01-29,รับรอง
ครัวโสภีริมน้ำ,ร้านจำหน่ายอาหาร,สาริกา,เมืองนครนายก,นครนายก,SAN,2025-01-29,รับรอง
Sirin Suki,ร้านจำหน่ายอาหาร,องครักษ์,องครักษ์,นครนายก,SAN,2025-01-29,รับรอง
ดงช้าง คาเฟ่ และสวนอาหารเรือนดอกแก้ว,ร้านจำหน่ายอาหาร,สาริกา,เมืองนครนายก,นครนายก,SAN,2023-06-12,ไม่ผ่านเกณฑ์
น้องอิงโภชนา,ร้านจำหน่ายอาหาร,สาริกา,เมืองนครนายก,นครนายก,SAN,2025-01-29,รับรอง
2nd November cafe,ร้านเครื่องดื่ม,สาริกา,เมืองนครนายก,นครนายก,SAN,2025-01-28,รับรอง
ร้านป้าใจ,ร้านจำหน่ายอาหาร,สาริกา,เมืองนครนายก,นครนายก,SAN,2023-06-12,ไม่ผ่านเกณฑ์
ร้านข้าวหอมโภชนา,ร้านจำหน่ายอาหาร,สาริกา,เมืองนครนายก,นครนายก,SAN,2025-01-28,รับรอง
ครัวไฮโดร,ร้านจำหน่ายอาหาร,สาริกา,เมืองนครนายก,นครนายก,SAN,2025-01-28,รับรอง
Veena Cafe,ร้านจำหน่ายอาหาร,สาริกา,เมืองนครนายก,นครนายก,SAN,2025-04-29,ไม่ผ่านเกณฑ์
สาริกาบุรี นครนายก เมืองแห่งความอร่อย,ร้านจำหน่ายอาหาร,สาริกา,เมืองนครนายก,นครนายก,SAN,2025-01-24,รับรอง
ชิว ชิว,ร้านจำหน่ายอาหาร,สาริกา,เมืองนครนายก,นครนายก,SAN,2023-06-12,ไม่ผ่านเกณฑ์
ช่อชะมวง,ร้านจำหน่ายอาหาร,สาริกา,เมืองนครนายก,นครนายก,SAN,2025-01-24,รับรอง
ชานชาลา 22 คาเฟ่,อื่นๆ,พระอาจารย์,องครักษ์,นครนายก,SAN,2023-06-12,ไม่ผ่านเกณฑ์
ครัวสาริกา,ร้านจำหน่ายอาหาร,สาริกา,เมืองนครนายก,นครนายก,SAN,2025-01-24,รับรอง
ภูตะลึง คาเฟ่,ร้านจำหน่ายอาหาร,เขาพระ,เมืองนครนายก,นครนายก,SAN,2023-06-12,ไม่ผ่านเกณฑ์
Dome cafe,ร้านเครื่องดื่ม,บ้านพร้าว,บ้านนา,นครนายก,SAN,2023-06-12,ไม่ผ่านเกณฑ์
 เดอดีดง คาเฟ่,อื่นๆ,ดงละคร,เมืองนครนายก,นครนายก,SAN,2023-06-12,ไม่ผ่านเกณฑ์
ริมสวน,อื่นๆ,บ้านพร้าว,บ้านนา,นครนายก,SAN,2023-06-12,ไม่ผ่านเกณฑ์
All Day spoons,ร้านเครื่องดื่ม,บ้านพร้าว,บ้านนา,นครนายก,SAN,2023-08-29,ไม่ผ่านเกณฑ์
Rimsuan Crystal House ,ร้านเครื่องดื่ม,บ้านพร้าว,บ้านนา,นครนายก,SAN,2023-08-29,ไม่ผ่านเกณฑ์
ห้องอาหาร ชลพฤกษ์ รีสอร์ท,โรงอาหาร,บ้านพร้าว,บ้านนา,นครนายก,SAN,2023-08-31,ไม่ผ่านเกณฑ์
ก๋วยเตี๋ยว 5 บาท,ร้านจำหน่ายอาหาร,สาริกา,เมืองนครนายก,นครนายก,SAN,2024-10-22,รับรอง
Meenavilla,ร้านจำหน่ายอาหาร,สาริกา,เมืองนครนายก,นครนายก,SAN,2025-04-28,ไม่ผ่านเกณฑ์
ก๋วยเตี๋ยวเรือเทวดา,ร้านจำหน่ายอาหาร,สาริกา,เมืองนครนายก,นครนายก,SAN,2025-01-09,รับรอง
ป้าวินส้มตำ 5 โต๊ะ,ร้านจำหน่ายอาหาร,สาริกา,เมืองนครนายก,นครนายก,SAN,2024-04-17,ไม่ผ่านเกณฑ์
ครัวลุงกั้ง ปลาคัง,ร้านจำหน่ายอาหาร,สาริกา,เมืองนครนายก,นครนายก,SAN,2024-04-17,ไม่ผ่านเกณฑ์
เจ๊หมวยเตี๋ยวเป็ด,ร้านจำหน่ายอาหาร,องครักษ์,องครักษ์,นครนายก,SAN,2024-10-22,รับรอง
ออนซอน แจ่วฮ้อน (โนนสะอาด),ร้านจำหน่ายอาหาร,องครักษ์,องครักษ์,นครนายก,SAN,2025-03-25,ไม่ผ่านเกณฑ์
lali lali local cafe,ร้านเครื่องดื่ม,องครักษ์,องครักษ์,นครนายก,SAN,2025-03-25,ไม่ผ่านเกณฑ์
หจก. จู้จุ้ยกรุ๊ป,ร้านจำหน่ายอาหาร,บางสมบูรณ์,องครักษ์,นครนายก,SAN,2023-08-31,ไม่ผ่านเกณฑ์
บ้านพ่อคาเฟ่ & ฟิชชิ่งปาร์ค,ร้านจำหน่ายอาหาร,ชุมพล,องครักษ์,นครนายก,SAN,2023-08-31,ไม่ผ่านเกณฑ์
บ้านสวนมะดะห์ โฮมสเตย์,ร้านจำหน่ายอาหาร,ชุมพล,องครักษ์,นครนายก,SAN,2025-07-31,รับรอง
Chilling House Cafe 1992,ร้านจำหน่ายอาหาร,อาษา,บ้านนา,นครนายก,SAN,2025-07-31,รับรอง
ทุ่งบัวแดงบ้านนา,ร้านจำหน่ายอาหาร,อาษา,บ้านนา,นครนายก,SAN,2023-08-31,ไม่ผ่านเกณฑ์
วิสาหกิจชุมชนกลุ่มแม่บ้านเกษตรกรบ้านบางควายลุย,ร้านจำหน่ายอาหาร,บางอ้อ,บ้านนา,นครนายก,SAN,2023-08-31,ไม่ผ่านเกณฑ์
หนึ่งไอศครีมมะพร้าวอ่อน,ร้านจำหน่ายอาหาร,บ้านนา,บ้านนา,นครนายก,SAN,2023-08-31,ไม่ผ่านเกณฑ์
Farmer House,ร้านจำหน่ายอาหาร,อาษา,บ้านนา,นครนายก,SAN,2025-07-31,รับรอง
กุยช่ายบ้านนาเจ๊เกว,ร้านจำหน่ายอาหาร,บ้านนา,บ้านนา,นครนายก,SAN,2023-08-31,ไม่ผ่านเกณฑ์
คาเฟ่อเมซอน ปตท.สาริกา,ร้านเครื่องดื่ม,สาริกา,เมืองนครนายก,นครนายก,SAN,2023-08-31,ไม่ผ่านเกณฑ์
ร้านแม่จำลอง,ร้านจำหน่ายอาหาร,สาริกา,เมืองนครนายก,นครนายก,SAN PLUS,2025-06-28,รับรอง
Meat U กริลล์ & ชาบู,ร้านบุฟเฟ่ต์ (ปิ้งย่าง/ชาบู/สุกี้),บ้านใหญ่,เมืองนครนายก,นครนายก,SAN,2025-07-15,ไม่ผ่านเกณฑ์
ฟาร์มแกะ นครนายก,ร้านจำหน่ายอาหาร,สาริกา,เมืองนครนายก,นครนายก,SAN,2025-03-06,รับรอง
สวนศรีทอง,ร้านจำหน่ายอาหาร,ศรีนาวา,เมืองนครนายก,นครนายก,SAN,2023-08-31,ไม่ผ่านเกณฑ์
วินเทจการ์เด้น,ร้านจำหน่ายอาหาร,สาริกา,เมืองนครนายก,นครนายก,SAN,2024-04-17,ไม่ผ่านเกณฑ์
ไก่ย่างป้าตุ๊ก,ร้านจำหน่ายอาหาร,สาริกา,เมืองนครนายก,นครนายก,SAN,2024-04-17,ไม่ผ่านเกณฑ์
ร้านตำสะดิ้งนครนายก,ร้านจำหน่ายอาหาร,บ้านใหญ่,เมืองนครนายก,นครนายก,SAN,2025-06-30,รับรอง
Tree House ,ร้านเครื่องดื่ม,สาริกา,เมืองนครนายก,นครนายก,SAN,2024-04-17,ไม่ผ่านเกณฑ์
ชั้นหวังเรสเตอร์รอง,ภัตาคาร,สาริกา,เมืองนครนายก,นครนายก,SAN,2024-04-17,ไม่ผ่านเกณฑ์
ครัวบ้านจ้อ,ร้านจำหน่ายอาหาร,เขาพระ,เมืองนครนายก,นครนายก,SAN,2023-09-27,ไม่ผ่านเกณฑ์
ร้านเจ๊น้อยอาหารตามสั่ง,ร้านจำหน่ายอาหาร,สาริกา,เมืองนครนายก,นครนายก,มาตรฐาน SAN,2024-04-17,หมดอายุ
ร้านยำปากเจ่อ,ร้านจำหน่ายอาหาร,สาริกา,เมืองนครนายก,นครนายก,SAN,2025-01-09,รับรอง
ขนมไข่กรอบ,ร้านจำหน่ายอาหาร,สาริกา,เมืองนครนายก,นครนายก,SAN,2025-07-31,รับรอง
สมจิตข้าวเหนียวหมู,ร้านจำหน่ายอาหาร,สาริกา,เมืองนครนายก,นครนายก,SAN,2025-01-09,รับรอง
ครัววังยาว the blooming coffee,ร้านจำหน่ายอาหาร,สาริกา,เมืองนครนายก,นครนายก,SAN,2024-09-09,รับรอง
แก่งวังยาว,ร้านจำหน่ายอาหาร,สาริกา,เมืองนครนายก,นครนายก,SAN,2025-01-02,รับรอง
ร้านอาหารตามสั่งน้องพริ้ง,ร้านจำหน่ายอาหาร,สาริกา,เมืองนครนายก,นครนายก,SAN,2025-07-30,รับรอง
โตแมงโอ้ วินเทจ & รีสอร์ท,ร้านจำหน่ายอาหาร,สาริกา,เมืองนครนายก,นครนายก,SAN,2025-07-30,รับรอง
ร้านอาหารแม่สมคิด,ร้านจำหน่ายอาหาร,สาริกา,เมืองนครนายก,นครนายก,SAN,2025-07-30,รับรอง
สะพานทุ่งนาน้อย,ร้านจำหน่ายอาหาร,สาริกา,เมืองนครนายก,นครนายก,SAN,2024-04-17,ไม่ผ่านเกณฑ์
อีสานชมจันทร์,ร้านจำหน่ายอาหาร,สาริกา,เมืองนครนายก,นครนายก,SAN,2025-07-30,รับรอง
ครัวเป๊าะลาบเป็ด,ร้านจำหน่ายอาหาร,สาริกา,เมืองนครนายก,นครนายก,SAN,2024-04-17,ไม่ผ่านเกณฑ์
ครัวริมธาร ,ร้านจำหน่ายอาหาร,สาริกา,เมืองนครนายก,นครนายก,SAN,2024-04-17,ไม่ผ่านเกณฑ์
ร้านก๋วยเตี๋ยวอาหารตามสั่ง,ร้านจำหน่ายอาหาร,สาริกา,เมืองนครนายก,นครนายก,SAN,2024-04-17,ไม่ผ่านเกณฑ์
ร้านน้องปลา,ร้านจำหน่ายอาหาร,สาริกา,เมืองนครนายก,นครนายก,SAN,2024-04-17,ไม่ผ่านเกณฑ์
ตาหว๋อ หมูกะทะ,ร้านจำหน่ายอาหาร,สาริกา,เมืองนครนายก,นครนายก,SAN,2025-01-06,รับรอง
ร้านนายโอ,ร้านจำหน่ายอาหาร,สาริกา,เมืองนครนายก,นครนายก,SAN,2024-04-17,ไม่ผ่านเกณฑ์
ก๋วยเตี๋ยวบ้านบ้าน,ร้านจำหน่ายอาหาร,สาริกา,เมืองนครนายก,นครนายก,SAN PLUS,2024-06-28,หมดอายุ
ครัวคุณเปรม,ร้านจำหน่ายอาหาร,สาริกา,เมืองนครนายก,นครนายก,SAN,2024-04-17,ไม่ผ่านเกณฑ์
ครัวแม่ดอน,ร้านจำหน่ายอาหาร,สาริกา,เมืองนครนายก,นครนายก,SAN,2024-04-17,ไม่ผ่านเกณฑ์
ร้านกาแฟบ้านหมวก,ร้านจำหน่ายอาหาร,สาริกา,เมืองนครนายก,นครนายก,SAN,2025-01-06,รับรอง
ร้านอาหารบ้านกาแล,ร้านจำหน่ายอาหาร,สาริกา,เมืองนครนายก,นครนายก,SAN,2025-08-14,รับรอง
ร้านผลไม้ไทย บริษัท ไทยซัมมิท โกลด์เพรส จำกัด,โรงอาหาร,คลองใหญ่,องครักษ์,นครนายก,SAN,2024-06-24,ไม่ผ่านเกณฑ์
ร้านครัวริมเขื่อน บริษัท ไทยซัมมิท โกลด์เพรส จำกัด,โรงอาหาร,คลองใหญ่,องครักษ์,นครนายก,SAN,2024-06-24,ไม่ผ่านเกณฑ์
ร้านหวานเย็น บริษัท ไทยซัมมิท โกลด์เพรส จำกัด ,ร้านเครื่องดื่ม,คลองใหญ่,องครักษ์,นครนายก,SAN,2024-06-24,ไม่ผ่านเกณฑ์
กาแฟขุนด่าน,ร้านจำหน่ายอาหาร,หินตั้ง,เมืองนครนายก,นครนายก,มาตรฐาน SAN,2024-07-09,หมดอายุ
ร้านก๋วยเตี๋ยวหมู่ 3,ร้านจำหน่ายอาหาร,ศรีกะอาง,บ้านนา,นครนายก,SAN,2024-06-19,ไม่ผ่านเกณฑ์
Running Coffee ,ร้านจำหน่ายอาหาร,ศรีกะอาง,บ้านนา,นครนายก,มาตรฐาน SAN,2024-06-19,หมดอายุ
ครัวรสดีตามสั่ง,ร้านจำหน่ายอาหาร,ศรีกะอาง,บ้านนา,นครนายก,SAN,2024-06-19,ไม่ผ่านเกณฑ์
บ้านสวนอบอวลรัก บ้านนา,ร้านจำหน่ายอาหาร,ศรีกะอาง,บ้านนา,นครนายก,SAN,2024-06-19,ไม่ผ่านเกณฑ์
ร้านก๋วยเตี๋ยวไก่มะระแม่จำปี,ร้านจำหน่ายอาหาร,หนองแสง,ปากพลี,นครนายก,SAN,2024-06-21,ไม่ผ่านเกณฑ์
ร้านลาบร้อยเอ็ด ,ร้านจำหน่ายอาหาร,ศรีกะอาง,บ้านนา,นครนายก,มาตรฐาน SAN,2024-06-19,หมดอายุ
สวรรค์บ้านนา คาเฟ่ ณ บ้านนา,ร้านจำหน่ายอาหาร,ศรีกะอาง,บ้านนา,นครนายก,มาตรฐาน SAN,2024-06-19,หมดอายุ
ร้านค้ายายช่วย,ร้านเครื่องดื่ม,หนองแสง,ปากพลี,นครนายก,SAN,2024-06-21,ไม่ผ่านเกณฑ์
ร้านก๋วยเตี้ยวเจ๋แตน,ร้านจำหน่ายอาหาร,หนองแสง,ปากพลี,นครนายก,SAN,2024-06-21,ไม่ผ่านเกณฑ์
เดอ แคมป์ ฮิลล์,ร้านจำหน่ายอาหาร,ศรีกะอาง,บ้านนา,นครนายก,SAN,2024-06-19,ไม่ผ่านเกณฑ์
สวนทองมล,ร้านจำหน่ายอาหาร,หนองแสง,ปากพลี,นครนายก,SAN,2024-06-21,ไม่ผ่านเกณฑ์
กอล์ฟหมูกะทะ,ร้านจำหน่ายอาหาร,ศรีกะอาง,บ้านนา,นครนายก,มาตรฐาน SAN,2024-06-21,หมดอายุ
ร้านก่อไผ่,ร้านจำหน่ายอาหาร,หนองแสง,ปากพลี,นครนายก,มาตรฐาน SAN,2024-06-21,หมดอายุ
เซา-มี-แฮง ,ร้านจำหน่ายอาหาร,หนองแสง,ปากพลี,นครนายก,มาตรฐาน SAN,2024-06-22,หมดอายุ
ร้านลาบบุ่งเข้,ร้านจำหน่ายอาหาร,หนองแสง,ปากพลี,นครนายก,SAN,2024-06-22,ไม่ผ่านเกณฑ์
ก๋วยเตี๋ยวเป็ด,ร้านจำหน่ายอาหาร,ศรีกะอาง,บ้านนา,นครนายก,SAN,2024-06-19,ไม่ผ่านเกณฑ์
ป้าแอ๊ด กม.9,ร้านจำหน่ายอาหาร,ศรีกะอาง,บ้านนา,นครนายก,SAN,2025-07-06,รับรอง
ร้านเจ๊ตา ข้าวมันไก่,ร้านจำหน่ายอาหาร,ศรีกะอาง,บ้านนา,นครนายก,SAN,2024-06-21,ไม่ผ่านเกณฑ์
ร้านก๋วยเตี๋ยวแชมป์ -อาหารตามสั่ง,ร้านจำหน่ายอาหาร,ศรีกะอาง,บ้านนา,นครนายก,SAN,2024-06-19,ไม่ผ่านเกณฑ์
Oh อร่อย,ร้านจำหน่ายอาหาร,ศรีกะอาง,บ้านนา,นครนายก,มาตรฐาน SAN,2024-06-21,หมดอายุ
ร้านเต้ยตำแหลก,ร้านจำหน่ายอาหาร,ศรีกะอาง,บ้านนา,นครนายก,SAN,2025-06-06,รับรอง
ก๋วยเตี๋ยวเรือแยกเตรียมทหาร,ร้านจำหน่ายอาหาร,ศรีกะอาง,บ้านนา,นครนายก,มาตรฐาน SAN,2024-06-19,หมดอายุ
ก๋วยเตี๋ยวเป็ดพะโล้ป้าแดง,ร้านจำหน่ายอาหาร,ศรีกะอาง,บ้านนา,นครนายก,มาตรฐาน SAN,2024-06-21,หมดอายุ
ร้านต้มเลือดหมู,ร้านจำหน่ายอาหาร,ศรีกะอาง,บ้านนา,นครนายก,มาตรฐาน SAN,2024-06-19,หมดอายุ
ร้านเต็งหนึ่งเฉาก๊วยนมสด,ร้านจำหน่ายอาหาร,หินตั้ง,เมืองนครนายก,นครนายก,SAN,2024-06-27,ไม่ผ่านเกณฑ์
กาแฟสด&วาฟเฟิล,ร้านจำหน่ายอาหาร,หินตั้ง,เมืองนครนายก,นครนายก,SAN,2025-07-06,รับรอง
ร้านกาแฟเขื่อนขุนด่าน,ร้านเครื่องดื่ม,หินตั้ง,เมืองนครนายก,นครนายก,SAN PLUS,2025-07-06,รับรอง
ร้านสกล,ร้านจำหน่ายอาหาร,หินตั้ง,เมืองนครนายก,นครนายก,มาตรฐาน SAN,2024-06-27,หมดอายุ
ร้านเจ๊ไก่ลูกชิ้นย่าง,ร้านจำหน่ายอาหาร,หินตั้ง,เมืองนครนายก,นครนายก,SAN,2024-06-27,ไม่ผ่านเกณฑ์
ร้านเจ๊สายันต์,ร้านจำหน่ายอาหาร,หินตั้ง,เมืองนครนายก,นครนายก,มาตรฐาน SAN,2024-06-27,หมดอายุ
เขื่อนขุนด่านปราการชล  ร้านสมูทตี้โครตปั่น,ร้านเครื่องดื่ม,หินตั้ง,เมืองนครนายก,นครนายก,มาตรฐาน SAN,2024-06-27,หมดอายุ
Nakhon Kan Coffee ,ร้านเครื่องดื่ม,หินตั้ง,เมืองนครนายก,นครนายก,มาตรฐาน SAN,2024-06-27,หมดอายุ
อาหารป่าเย็นสบาย,ร้านจำหน่ายอาหาร,ศรีกะอาง,บ้านนา,นครนายก,มาตรฐาน SAN,2024-06-21,หมดอายุ
ร้านบ้านเขาดิน,ร้านจำหน่ายอาหาร,ศรีกะอาง,บ้านนา,นครนายก,มาตรฐาน SAN,2024-06-19,หมดอายุ
Tongta café ต้องตาคาเฟ่,ร้านจำหน่ายอาหาร,ศรีกะอาง,บ้านนา,นครนายก,มาตรฐาน SAN,2024-06-19,หมดอายุ
มั้งกี้โฮม คอฟฟี่,ร้านเครื่องดื่ม,หนองแสง,ปากพลี,นครนายก,มาตรฐาน SAN,2024-06-21,หมดอายุ
ร้านป้ารัตน์,ร้านจำหน่ายอาหาร,หนองแสง,ปากพลี,นครนายก,SAN,2025-06-26,รับรอง
บังอร,ร้านจำหน่ายอาหาร,หนองแสง,ปากพลี,นครนายก,มาตรฐาน SAN,2024-06-22,หมดอายุ
ร้านก๋วยเตี๋ยวโบราณป้าแรม,ร้านจำหน่ายอาหาร,หินตั้ง,เมืองนครนายก,นครนายก,SAN,2024-06-27,ไม่ผ่านเกณฑ์
ร้านป้าตู่,ร้านจำหน่ายอาหาร,หินตั้ง,เมืองนครนายก,นครนายก,มาตรฐาน SAN,2024-06-27,หมดอายุ
สันเขื่อน,ร้านเครื่องดื่ม,หินตั้ง,เมืองนครนายก,นครนายก,SAN,2024-06-27,ไม่ผ่านเกณฑ์
ร้าน 3 อุทยานแห่งชาติเขาใหญ่ ,ร้านจำหน่ายอาหาร,หินตั้ง,เมืองนครนายก,นครนายก,SAN,2024-10-03,ไม่ผ่านเกณฑ์
ร้านบางวัน,ร้านจำหน่ายอาหาร,หินตั้ง,เมืองนครนายก,นครนายก,SAN,2024-10-03,ไม่ผ่านเกณฑ์
ครัวริมธาร ,ร้านจำหน่ายอาหาร,สาริกา,เมืองนครนายก,นครนายก,มาตรฐาน SAN,2025-04-28,หมดอายุ
Montra Cafe by Raiwangbon,ร้านเครื่องดื่ม,นาหินลาด,ปากพลี,นครนายก,SAN,2024-09-04,ไม่ผ่านเกณฑ์
PLANT LIFE CAFE,ร้านจำหน่ายอาหาร,ชุมพล,องครักษ์,นครนายก,SAN,2024-09-04,ไม่ผ่านเกณฑ์
ครัวโขมง,ร้านจำหน่ายอาหาร,ศรีนาวา,เมืองนครนายก,นครนายก,มาตรฐาน SAN,2025-06-19,หมดอายุ
Rimsuan Crystal House,ร้านจำหน่ายอาหาร,บ้านพร้าว,บ้านนา,นครนายก,SAN,2024-09-04,ไม่ผ่านเกณฑ์
ร้าน 4 อุทยานแห่งชาติเขาใหญ่,ศูนย์อาหาร,หินตั้ง,เมืองนครนายก,นครนายก,มาตรฐาน SAN,2024-10-03,หมดอายุ
ร้าน 5 อุทยานแห่งชาติเขาใหญ่ ,ศูนย์อาหาร,หินตั้ง,เมืองนครนายก,นครนายก,มาตรฐาน SAN,2024-10-03,หมดอายุ
ร้าน 1 อุทยานแห่งชาติเขาใหญ่,ศูนย์อาหาร,หินตั้ง,เมืองนครนายก,นครนายก,มาตรฐาน SAN,2024-10-03,หมดอายุ
ร้าน 2 อุทยานแห่งชาติเขาใหญ่,ศูนย์อาหาร,หินตั้ง,เมืองนครนายก,นครนายก,SAN,2024-10-03,ไม่ผ่านเกณฑ์
แบล็คแคนยอน,ร้านเครื่องดื่ม,องครักษ์,องครักษ์,นครนายก,SAN,2025-08-14,รับรอง
Auntie Anne's สาขา ศูนย์การแพทย์สมเด็จพระเทพรัตนราชสุดาฯ สยามบรมราชกุมารี,อื่นๆ,องครักษ์,องครักษ์,นครนายก,มาตรฐาน SAN,2024-12-24,หมดอายุ
ร้านอาหารเหนือ (ร้าน 3),ร้านจำหน่ายอาหาร,องครักษ์,องครักษ์,นครนายก,มาตรฐาน SAN,2025-07-25,หมดอายุ
ร้านค้าสวัสดิการพอเพียง ศูนย์การแพทย์สมเด็จพระเทพรัตนราชสุดาฯ สยามบรมราชกุมารี,ร้านจำหน่ายอาหาร,องครักษ์,องครักษ์,นครนายก,มาตรฐาน SAN,2024-12-24,หมดอายุ
ร้านรุ่งเรือง (ร้าน2),ร้านจำหน่ายอาหาร,องครักษ์,องครักษ์,นครนายก,มาตรฐาน SAN,2025-07-25,หมดอายุ
ร้านวันเพ็ญ (ร้าน 1),ร้านจำหน่ายอาหาร,องครักษ์,องครักษ์,นครนายก,มาตรฐาน SAN,2025-07-25,หมดอายุ
ร้านน้ำฝั่งร้าน1,ร้านเครื่องดื่ม,องครักษ์,องครักษ์,นครนายก,มาตรฐาน SAN,2025-07-25,หมดอายุ
ร้านอาหารอิสลาม (ร้าน4),ร้านจำหน่ายอาหาร,องครักษ์,องครักษ์,นครนายก,มาตรฐาน SAN,2025-07-25,หมดอายุ
ขนมหวานและผลไม้ (ร้าน5),ร้านจำหน่ายอาหาร,องครักษ์,องครักษ์,นครนายก,SAN,2025-07-25,ไม่ผ่านเกณฑ์
ร้านน้ำฝั่งร้าน10,ร้านเครื่องดื่ม,องครักษ์,องครักษ์,นครนายก,SAN,2025-07-25,ไม่ผ่านเกณฑ์
ร้าน10,ร้านจำหน่ายอาหาร,องครักษ์,องครักษ์,นครนายก,SAN,2025-07-25,ไม่ผ่านเกณฑ์
ขายข้าวมันไก่ข้าวขาหมู (ร้าน6),ร้านจำหน่ายอาหาร,องครักษ์,องครักษ์,นครนายก,SAN,2025-07-25,ไม่ผ่านเกณฑ์
ร้าน9,ร้านจำหน่ายอาหาร,องครักษ์,องครักษ์,นครนายก,SAN,2025-07-25,ไม่ผ่านเกณฑ์
ร้าน8,ร้านจำหน่ายอาหาร,องครักษ์,องครักษ์,นครนายก,SAN,2025-07-25,ไม่ผ่านเกณฑ์
ร้าน7,ร้านจำหน่ายอาหาร,องครักษ์,องครักษ์,นครนายก,SAN,2025-07-25,ไม่ผ่านเกณฑ์
Dr.Salmon&Shabu,ร้านจำหน่ายอาหาร,องครักษ์,องครักษ์,นครนายก,SAN,2025-03-25,ไม่ผ่านเกณฑ์
Dr.Grill,ร้านจำหน่ายอาหาร,องครักษ์,องครักษ์,นครนายก,SAN,2025-03-25,ไม่ผ่านเกณฑ์
ร้านสุรีพรโภชนาการ,ร้านจำหน่ายอาหาร,องครักษ์,องครักษ์,นครนายก,มาตรฐาน SAN,2025-03-25,หมดอายุ
ร้านต้นไทร,ร้านจำหน่ายอาหาร,องครักษ์,องครักษ์,นครนายก,มาตรฐาน SAN,2025-03-25,หมดอายุ
ครัวหมวกฟาง,ร้านจำหน่ายอาหาร,องครักษ์,องครักษ์,นครนายก,SAN,2025-03-25,ไม่ผ่านเกณฑ์
Sirin Suki,ร้านจำหน่ายอาหาร,องครักษ์,องครักษ์,นครนายก,มาตรฐาน SAN,2025-03-25,หมดอายุ
SLEEK cafe,ร้านเครื่องดื่ม,องครักษ์,องครักษ์,นครนายก,SAN,2025-03-25,ไม่ผ่านเกณฑ์
Fair Fae Cafe แฟร์แฟ,ร้านจำหน่ายอาหาร,องครักษ์,องครักษ์,นครนายก,มาตรฐาน SAN,2025-03-25,หมดอายุ
Amazon Cafe ปตท.พี.เอส.เอ็ม. ปิโตรเลียม,ร้านเครื่องดื่ม,องครักษ์,องครักษ์,นครนายก,มาตรฐาน SAN,2025-03-25,หมดอายุ
กาแฟพันธุ์ไทย หจก.พงศ์กรองครักษ์ปิโตรเลียม,ร้านเครื่องดื่ม,องครักษ์,องครักษ์,นครนายก,SAN,2025-03-25,ไม่ผ่านเกณฑ์
Amazonc Cafe ห้างหุ้นส่วนจำกัด ศรีเสาวภาคอฟฟี่,ร้านเครื่องดื่ม,องครักษ์,องครักษ์,นครนายก,มาตรฐาน SAN,2025-03-25,หมดอายุ
Incafe,ร้านเครื่องดื่ม,พรหมณี,เมืองนครนายก,นครนายก,SAN,2025-02-12,ไม่ผ่านเกณฑ์
ร้านอาหาร JV,ร้านจำหน่ายอาหาร,พรหมณี,เมืองนครนายก,นครนายก,SAN,2025-02-12,ไม่ผ่านเกณฑ์
ร้านอาหารครัวบ้านต้นกล้า,ร้านจำหน่ายอาหาร,พรหมณี,เมืองนครนายก,นครนายก,SAN,2025-07-21,รับรอง
lali lali local cafe,ร้านเครื่องดื่ม,องครักษ์,องครักษ์,นครนายก,มาตรฐาน SAN,2025-07-25,หมดอายุ
KFC LOTUS ONGKARAK,ร้านจำหน่ายอาหาร,องครักษ์,องครักษ์,นครนายก,SAN,2025-07-04,รับรอง
ชั้นหวังเรสเตอร์รอง,ภัตาคาร,สาริกา,เมืองนครนายก,นครนายก,SAN,2025-04-28,ไม่ผ่านเกณฑ์
ร้านชมนก,ร้านจำหน่ายอาหาร,สาริกา,เมืองนครนายก,นครนายก,มาตรฐาน SAN,2025-04-28,หมดอายุ
ร้านอาหาร Cafe Laura Bar & Restaurant,ร้านจำหน่ายอาหาร,สาริกา,เมืองนครนายก,นครนายก,SAN,2025-07-02,รับรอง
ร้านอิ่มอร่อยในสวน,ร้านจำหน่ายอาหาร,สาริกา,เมืองนครนายก,นครนายก,มาตรฐาน SAN,2025-04-29,หมดอายุ
royal hill golf resort and spa,ภัตาคาร,สาริกา,เมืองนครนายก,นครนายก,มาตรฐาน SAN,2025-04-29,หมดอายุ
Veena Cafe,ร้านจำหน่ายอาหาร,สาริกา,เมืองนครนายก,นครนายก,มาตรฐาน SAN,2025-04-29,หมดอายุ
ชั้นหวังเรสเตอร์รอง,ภัตาคาร,สาริกา,เมืองนครนายก,นครนายก,SAN,2025-06-23,รับรอง
ครัวลุงกั้ง ปลาคัง,ร้านจำหน่ายอาหาร,สาริกา,เมืองนครนายก,นครนายก,มาตรฐาน SAN,2025-05-02,หมดอายุ
สาริกาบุรี นครนายก เมืองแห่งความอร่อย,ร้านจำหน่ายอาหาร,สาริกา,เมืองนครนายก,นครนายก,SAN PLUS,2024-08-14,หมดอายุ
Nong Coffee,ร้านเครื่องดื่ม,สาริกา,เมืองนครนายก,นครนายก,มาตรฐาน SAN,2025-05-02,หมดอายุ
โรงเบียร์สาริกาลิ้นทอง ,ร้านเครื่องดื่ม,สาริกา,เมืองนครนายก,นครนายก,มาตรฐาน SAN,2025-05-06,หมดอายุ
Namtok Sarika café & Bistro,ร้านจำหน่ายอาหาร,สาริกา,เมืองนครนายก,นครนายก,มาตรฐาน SAN,2025-05-06,หมดอายุ
At Rice resort,ร้านเครื่องดื่ม,สาริกา,เมืองนครนายก,นครนายก,มาตรฐาน SAN,2025-05-06,หมดอายุ
สาริกาบุรี นครนายก เมืองแห่งความอร่อย,ร้านจำหน่ายอาหาร,สาริกา,เมืองนครนายก,นครนายก,SAN,2025-05-08,ไม่ผ่านเกณฑ์
บ้านรวงผึ้ง by จันท์,ร้านจำหน่ายอาหาร,บ้านใหญ่,เมืองนครนายก,นครนายก,SAN,2025-03-15,รับรอง
ทองแหนมเนือง,ร้านจำหน่ายอาหาร,บ้านใหญ่,เมืองนครนายก,นครนายก,SAN,2025-07-16,ไม่ผ่านเกณฑ์
เฮงเฮง หม่าล่าชาบู,ร้านบุฟเฟ่ต์ (ปิ้งย่าง/ชาบู/สุกี้),บ้านใหญ่,เมืองนครนายก,นครนายก,SAN,2025-04-08,รับรอง
ร้านข้าวแกงอาทิตยา,ร้านจำหน่ายอาหาร,องครักษ์,องครักษ์,นครนายก,SAN,2025-07-25,ไม่ผ่านเกณฑ์
ร้านผลไม้ไทย บริษัท ไทยซัมมิท โกลด์เพรส จำกัด,โรงอาหาร,คลองใหญ่,องครักษ์,นครนายก,SAN PLUS,2025-04-29,รับรอง
ร้านหวานเย็น บริษัท ไทยซัมมิท โกลด์เพรส จำกัด ,ร้านเครื่องดื่ม,คลองใหญ่,องครักษ์,นครนายก,SAN,2025-08-14,ไม่ผ่านเกณฑ์
ร้านครัวริมเขื่อน บริษัท ไทยซัมมิท โกลด์เพรส จำกัด,โรงอาหาร,คลองใหญ่,องครักษ์,นครนายก,SAN,2025-08-14,ไม่ผ่านเกณฑ์
