name,type,subdistrict,district,province,standard,approve_date,status
ครัวบอลไทย,ร้านจำหน่ายอาหาร,ชุมภูพร,ศรีวิไล,บึงกาฬ,SAN,2025-05-22,รับรอง
ส้มตำยายจ่อย,ร้านจำหน่ายอาหาร,ศรีวิไล,ศรีวิไล,บึงกาฬ,SAN,2024-08-06,ไม่ผ่านเกณฑ์
ร้านส้มตำหน้าโรงพยาบาลศรีวิไล,อื่นๆ,ศรีวิไล,ศรีวิไล,บึงกาฬ,SAN,2024-08-06,ไม่ผ่านเกณฑ์
หมาน ณ.ศรีวิไลอาหารตามสั่ง,ร้านจำหน่ายอาหาร,ศรีวิไล,ศรีวิไล,บึงกาฬ,SAN,2024-08-06,ไม่ผ่านเกณฑ์
ร้านก๋วยจั๊บน้องน้ำฝน,ร้านจำหน่ายอาหาร,ศรีวิไล,ศรีวิไล,บึงกาฬ,SAN,2024-08-06,ไม่ผ่านเกณฑ์
ร้านข้าวมันไก่ ก๋วยเตี๋ยวไก่มะระ,ร้านจำหน่ายอาหาร,ศรีวิไล,ศรีวิไล,บึงกาฬ,SAN,2024-08-06,ไม่ผ่านเกณฑ์
ร้านข้างเปียกเส้น,ร้านจำหน่ายอาหาร,ศรีวิไล,ศรีวิไล,บึงกาฬ,SAN,2024-08-06,ไม่ผ่านเกณฑ์
้ร้านก๋วยเตี๋ยวมดแดง,ร้านจำหน่ายอาหาร,ศรีวิไล,ศรีวิไล,บึงกาฬ,SAN,2025-06-16,รับรอง
ร้านยายแมว,ร้านจำหน่ายอาหาร,ศรีวิไล,ศรีวิไล,บึงกาฬ,SAN,2024-08-06,ไม่ผ่านเกณฑ์
มีนาปลาเผา,ร้านจำหน่ายอาหาร,โสกก่าม,เซกา,บึงกาฬ,มาตรฐาน SAN,2023-07-06,หมดอายุ
ร้านขายส้มตำบ้านเหล่าคาม,ร้านจำหน่ายอาหาร,น้ำจั้น,เซกา,บึงกาฬ,SAN,2023-07-06,ไม่ผ่านเกณฑ์
ร้านอาหารตามสั่งบ้านน้ำจั้น,ร้านจำหน่ายอาหาร,น้ำจั้น,เซกา,บึงกาฬ,SAN PLUS,2025-07-08,รับรอง
ร้านก๋วยเตี๋ยวแม่แจม,ร้านจำหน่ายอาหาร,คำแก้ว,โซ่พิสัย,บึงกาฬ,SAN,2025-05-04,รับรอง
แจ่วฮ้อนอินดี้,ร้านบุฟเฟ่ต์ (ปิ้งย่าง/ชาบู/สุกี้),ศรีชมภู,โซ่พิสัย,บึงกาฬ,SAN,2023-06-19,ไม่ผ่านเกณฑ์
เจนหมูกะทะทะเลบุฟต์เฟ่,ร้านบุฟเฟ่ต์ (ปิ้งย่าง/ชาบู/สุกี้),ศรีวิไล,ศรีวิไล,บึงกาฬ,SAN,2024-08-06,ไม่ผ่านเกณฑ์
ตุ๊กๆหมูกะทะ,ร้านบุฟเฟ่ต์ (ปิ้งย่าง/ชาบู/สุกี้),ศรีวิไล,ศรีวิไล,บึงกาฬ,SAN,2024-08-06,ไม่ผ่านเกณฑ์
ไก่ย่างศรีวิไล,ร้านจำหน่ายอาหาร,ศรีวิไล,ศรีวิไล,บึงกาฬ,SAN,2025-07-07,รับรอง
ร้านอาหารตามสั่งเจ๊หมวยส้มตำ,ร้านจำหน่ายอาหาร,ศรีวิไล,ศรีวิไล,บึงกาฬ,SAN,2024-08-06,ไม่ผ่านเกณฑ์
ร้านโคขุนโพนยางคำตาตี๋แซบเวอร์,ร้านจำหน่ายอาหาร,,เซกา,บึงกาฬ,SAN,2025-06-26,รับรอง
ร้านสองพี่น้อง,ร้านจำหน่ายอาหาร,วังชมภู,พรเจริญ,บึงกาฬ,SAN,2023-08-07,ไม่ผ่านเกณฑ์
ร้านชาววัง,ร้านจำหน่ายอาหาร,วังชมภู,พรเจริญ,บึงกาฬ,SAN,2024-08-06,ไม่ผ่านเกณฑ์
ร้านเฟิร์นแอนด์ฟิว,ร้านจำหน่ายอาหาร,วังชมภู,พรเจริญ,บึงกาฬ,SAN,2023-08-07,ไม่ผ่านเกณฑ์
ก๋วยเตี๋ยวปลายนา,ร้านจำหน่ายอาหาร,ดงบัง,บึงโขงหลง,บึงกาฬ,SAN,2025-05-15,รับรอง
ร้านน้องพลอยเนื้อย่าง,ร้านบุฟเฟ่ต์ (ปิ้งย่าง/ชาบู/สุกี้),ดงบัง,บึงโขงหลง,บึงกาฬ,SAN,2024-08-08,ไม่ผ่านเกณฑ์
ร้านก๋วยเตี๋ยวน้ำตกวิภารัตน์,ร้านจำหน่ายอาหาร,ป่าแฝก,พรเจริญ,บึงกาฬ,SAN,2024-08-07,ไม่ผ่านเกณฑ์
อาหารตามสั่งยายเต่า,ร้านจำหน่ายอาหาร,ป่าแฝก,พรเจริญ,บึงกาฬ,SAN,2024-08-07,ไม่ผ่านเกณฑ์
พรเพชรก๋วยเตี๋ยว/เย็นตาโฟ,ร้านจำหน่ายอาหาร,ป่าแฝก,พรเจริญ,บึงกาฬ,SAN,2024-08-07,ไม่ผ่านเกณฑ์
เอ็มอาหารตามสั่ง,ร้านจำหน่ายอาหาร,ป่าแฝก,พรเจริญ,บึงกาฬ,SAN,2024-08-07,ไม่ผ่านเกณฑ์
ร้านก๋วยเต๊๋ยวน้ำตก หมู่ 2 ปรารถนาดี,ร้านจำหน่ายอาหาร,ป่าแฝก,พรเจริญ,บึงกาฬ,SAN,2024-08-07,ไม่ผ่านเกณฑ์
วาสนา,ร้านจำหน่ายอาหาร,พรเจริญ,พรเจริญ,บึงกาฬ,SAN,2024-07-31,ไม่ผ่านเกณฑ์
ก๋วยเตี๋ยวเรือขึ้นบก,ร้านจำหน่ายอาหาร,ดอนหญ้านาง,พรเจริญ,บึงกาฬ,SAN,2025-07-30,ไม่ผ่านเกณฑ์
ร้านอ่อนสา,ร้านจำหน่ายอาหาร,พรเจริญ,พรเจริญ,บึงกาฬ,SAN,2024-07-31,ไม่ผ่านเกณฑ์
ร้านก๋วยเตี๋ยวหมูแดง,ร้านจำหน่ายอาหาร,ศรีสำราญ,พรเจริญ,บึงกาฬ,SAN,2025-07-31,ไม่ผ่านเกณฑ์
หนองลาดขนมจีน,ร้านจำหน่ายอาหาร,ศรีสำราญ,พรเจริญ,บึงกาฬ,SAN,2025-06-27,รับรอง
ร้านเพชรลำภูหมูกระทะ,ร้านบุฟเฟ่ต์ (ปิ้งย่าง/ชาบู/สุกี้),หนองพันทา,โซ่พิสัย,บึงกาฬ,SAN,2023-08-03,ไม่ผ่านเกณฑ์
ก๋วยเตี๋ยวหมู ,ร้านจำหน่ายอาหาร,หนองพันทา,โซ่พิสัย,บึงกาฬ,มาตรฐาน SAN,2023-08-03,หมดอายุ
ร้านสุมหัว คาเฟ่,ร้านจำหน่ายอาหาร,คำแก้ว,โซ่พิสัย,บึงกาฬ,SAN,2025-01-09,รับรอง
ร้านสองพี่น้อง,ร้านจำหน่ายอาหาร,โพธิ์หมากแข้ง,บึงโขงหลง,บึงกาฬ,SAN,2024-08-08,ไม่ผ่านเกณฑ์
ร้านลาบยายเตี้ย,ร้านจำหน่ายอาหาร,โพธิ์หมากแข้ง,บึงโขงหลง,บึงกาฬ,SAN,2024-09-09,รับรอง
ร้านก๋วยเตี๋ยวยายนาง,ร้านจำหน่ายอาหาร,โพธิ์หมากแข้ง,บึงโขงหลง,บึงกาฬ,SAN,2024-08-08,ไม่ผ่านเกณฑ์
ร้านลาบพ่อสมร,ร้านจำหน่ายอาหาร,พรเจริญ,พรเจริญ,บึงกาฬ,SAN,2024-07-31,ไม่ผ่านเกณฑ์
ก๋วยเตี๋ยวเรือแม่ลัดดา,ร้านจำหน่ายอาหาร,พรเจริญ,พรเจริญ,บึงกาฬ,SAN,2024-07-31,ไม่ผ่านเกณฑ์
แม่เอ๋ตามสั่ง,ร้านจำหน่ายอาหาร,พรเจริญ,พรเจริญ,บึงกาฬ,SAN,2024-07-31,ไม่ผ่านเกณฑ์
ร้านก๋วยเตี๋ยวยายนาง,อื่นๆ,พรเจริญ,พรเจริญ,บึงกาฬ,SAN,2024-07-31,ไม่ผ่านเกณฑ์
ส้มตำยวยทอง,ร้านจำหน่ายอาหาร,พรเจริญ,พรเจริญ,บึงกาฬ,SAN,2024-07-31,ไม่ผ่านเกณฑ์
ร้านลาบน้องโบ๊ท,ร้านจำหน่ายอาหาร,โซ่,โซ่พิสัย,บึงกาฬ,SAN,2025-06-16,รับรอง
ร้านแม่บอง,ร้านจำหน่ายอาหาร,โซ่,โซ่พิสัย,บึงกาฬ,SAN,2024-10-16,ไม่ผ่านเกณฑ์
ร้านรสดี,ร้านจำหน่ายอาหาร,โซ่,โซ่พิสัย,บึงกาฬ,SAN,2024-09-23,ไม่ผ่านเกณฑ์
ร้านเต็มปากเต็มคำ,ร้านจำหน่ายอาหาร,โซ่,โซ่พิสัย,บึงกาฬ,SAN,2024-08-06,ไม่ผ่านเกณฑ์
ร้านครัวลูกพีช,ร้านจำหน่ายอาหาร,โซ่,โซ่พิสัย,บึงกาฬ,SAN,2024-08-06,ไม่ผ่านเกณฑ์
ร้านก๋วยเตี๋ยวร้านเดิม,ร้านจำหน่ายอาหาร,โซ่,โซ่พิสัย,บึงกาฬ,SAN,2025-01-08,รับรอง
ครัวดอกหญ้า,ร้านจำหน่ายอาหาร,ปากคาด,ปากคาด,บึงกาฬ,SAN,2024-01-23,ไม่ผ่านเกณฑ์
ร้านแม่โจ้,ร้านบุฟเฟ่ต์ (ปิ้งย่าง/ชาบู/สุกี้),โซ่,โซ่พิสัย,บึงกาฬ,SAN,2024-10-16,ไม่ผ่านเกณฑ์
ร้านหนุ่ยหมูกระทะ,ร้านบุฟเฟ่ต์ (ปิ้งย่าง/ชาบู/สุกี้),โซ่,โซ่พิสัย,บึงกาฬ,SAN,2023-10-02,ไม่ผ่านเกณฑ์
ร้านซามูไร,ร้านจำหน่ายอาหาร,โซ่,โซ่พิสัย,บึงกาฬ,SAN,2024-10-16,ไม่ผ่านเกณฑ์
ครัวซ้ออ้อย,ร้านจำหน่ายอาหาร,ปากคาด,ปากคาด,บึงกาฬ,มาตรฐาน SAN,2023-08-29,หมดอายุ
โยฮีเคียว โต้รุ่ง,ร้านจำหน่ายอาหาร,ปากคาด,ปากคาด,บึงกาฬ,SAN,2025-06-28,รับรอง
ครัวริมโขง,ร้านจำหน่ายอาหาร,บุ่งคล้า,บุ่งคล้า,บึงกาฬ,SAN,2023-08-24,ไม่ผ่านเกณฑ์
ร้านอิ่มหน่ำสำราญ,ร้านจำหน่ายอาหาร,บึงกาฬ,เมืองบึงกาฬ,บึงกาฬ,SAN,2024-08-14,ไม่ผ่านเกณฑ์
ธาราแลนด์,สวนอาหาร,ไคสี,เมืองบึงกาฬ,บึงกาฬ,มาตรฐาน SAN,2024-08-14,หมดอายุ
ครัวจันทมาลี,ร้านจำหน่ายอาหาร,บึงโขงหลง,บึงโขงหลง,บึงกาฬ,SAN,2024-08-08,ไม่ผ่านเกณฑ์
239อาหารตามสั่ง,ร้านจำหน่ายอาหาร,นาแสง,ศรีวิไล,บึงกาฬ,SAN,2025-01-09,รับรอง
ร้านอาหารตามสั่ง(นางชลธิชา โพธิ์คาแสง),ร้านจำหน่ายอาหาร,บัวตูม,โซ่พิสัย,บึงกาฬ,SAN,2023-08-24,ไม่ผ่านเกณฑ์
ก๋วยเตี๋ยวยายแบน,ร้านจำหน่ายอาหาร,คำแก้ว,โซ่พิสัย,บึงกาฬ,มาตรฐาน SAN,2024-08-07,หมดอายุ
อาหารตามสั่ง(นางสาวพนิดา โปร่งพรมมา),ร้านจำหน่ายอาหาร,ศรีชมภู,โซ่พิสัย,บึงกาฬ,SAN,2023-08-24,ไม่ผ่านเกณฑ์
ร้านอาหารตามสั่ง (นางไลย์บอย  นนทบุตร),ร้านจำหน่ายอาหาร,เหล่าทอง,โซ่พิสัย,บึงกาฬ,SAN,2025-08-08,รับรอง
บอม​บอย​ทุ่งนา​คาเฟ่​,สวนอาหาร,ท่ากกแดง,เซกา,บึงกาฬ,SAN,2024-11-27,รับรอง
ร้านอาหารครัวระเบียงไม้,ร้านจำหน่ายอาหาร,พรเจริญ,พรเจริญ,บึงกาฬ,SAN,2024-10-22,รับรอง
ร้านหม่ำหมูหัน,ร้านจำหน่ายอาหาร,บุ่งคล้า,บุ่งคล้า,บึงกาฬ,SAN,2025-04-03,รับรอง
แทมมี่ปลาจุ่ม,ร้านจำหน่ายอาหาร,ชัยพร,เมืองบึงกาฬ,บึงกาฬ,SAN,2025-04-03,รับรอง
มาเด้อ ณ ชัยพร,ร้านจำหน่ายอาหาร,ชัยพร,เมืองบึงกาฬ,บึงกาฬ,SAN,2024-08-14,ไม่ผ่านเกณฑ์
ร้านระเบียงโขง,ร้านจำหน่ายอาหาร,ท่าดอกคำ,บึงโขงหลง,บึงกาฬ,SAN,2024-09-10,รับรอง
ร้านเพชรลำภู,ร้านบุฟเฟ่ต์ (ปิ้งย่าง/ชาบู/สุกี้),โซ่,โซ่พิสัย,บึงกาฬ,SAN,2024-10-16,ไม่ผ่านเกณฑ์
ร้านโคขุนเดอะพรีเมียม(โซ่พิสัย),ร้านบุฟเฟ่ต์ (ปิ้งย่าง/ชาบู/สุกี้),โซ่,โซ่พิสัย,บึงกาฬ,SAN,2025-04-03,รับรอง
ร้านโยฮีเคียว,ร้านจำหน่ายอาหาร,ปากคาด,ปากคาด,บึงกาฬ,SAN,2025-04-03,รับรอง
ถ้ำนาคา,ร้านจำหน่ายอาหาร,โพธิ์หมากแข้ง,บึงโขงหลง,บึงกาฬ,SAN,2024-08-08,ไม่ผ่านเกณฑ์
ครัวเจ๊เงิน,ร้านจำหน่ายอาหาร,หอคำ,เมืองบึงกาฬ,บึงกาฬ,มาตรฐาน SAN,2024-08-14,หมดอายุ
วันตาก๋วยเตี๋ยวโบราณ,ร้านจำหน่ายอาหาร,โคกก่อง,เมืองบึงกาฬ,บึงกาฬ,SAN,2024-08-14,ไม่ผ่านเกณฑ์
ร้านตามสั่งนิตยา,ร้านจำหน่ายอาหาร,พรเจริญ,พรเจริญ,บึงกาฬ,SAN,2024-07-31,ไม่ผ่านเกณฑ์
U-Tuan-Bar,ร้านจำหน่ายอาหาร,พรเจริญ,พรเจริญ,บึงกาฬ,SAN,2024-07-31,ไม่ผ่านเกณฑ์
เย็นตาโฟรสเด็ด,ร้านจำหน่ายอาหาร,พรเจริญ,พรเจริญ,บึงกาฬ,SAN,2024-07-31,ไม่ผ่านเกณฑ์
ต้มเส้นแม่แต๋ว,ร้านจำหน่ายอาหาร,พรเจริญ,พรเจริญ,บึงกาฬ,SAN,2024-07-31,ไม่ผ่านเกณฑ์
ร้าน ส.สมรการค้า,ร้านจำหน่ายอาหาร,โซ่,โซ่พิสัย,บึงกาฬ,SAN,2025-07-04,รับรอง
ร้านลาบเป็ดไทโซ่,ร้านจำหน่ายอาหาร,โซ่,โซ่พิสัย,บึงกาฬ,SAN,2025-01-02,รับรอง
ร้านเนื้อดาด,ร้านบุฟเฟ่ต์ (ปิ้งย่าง/ชาบู/สุกี้),โซ่,โซ่พิสัย,บึงกาฬ,SAN,2025-01-02,รับรอง
ร้านลาบสวาท,ร้านจำหน่ายอาหาร,โซ่,โซ่พิสัย,บึงกาฬ,SAN,2025-04-10,รับรอง
ร้านก๋วยเตี๋ยวต้มยำอาก๋ง,ร้านจำหน่ายอาหาร,โซ่,โซ่พิสัย,บึงกาฬ,SAN,2024-10-16,ไม่ผ่านเกณฑ์
ร้านฮิมคลอง,ร้านจำหน่ายอาหาร,โซ่,โซ่พิสัย,บึงกาฬ,SAN,2023-09-18,ไม่ผ่านเกณฑ์
ร้านฮิมสาคาเฟ่,ร้านจำหน่ายอาหาร,โซ่,โซ่พิสัย,บึงกาฬ,SAN,2025-01-21,รับรอง
ร้านน้องหญิงสวนปาล์ม,ร้านจำหน่ายอาหาร,โซ่,โซ่พิสัย,บึงกาฬ,SAN,2025-01-02,รับรอง
ร้านปูเป้ปลาเผา,ร้านจำหน่ายอาหาร,โซ่,โซ่พิสัย,บึงกาฬ,SAN,2024-08-07,ไม่ผ่านเกณฑ์
ร้านแม่จุ๋มก๋วยเตี๋ยวเรือ,ร้านจำหน่ายอาหาร,โซ่,โซ่พิสัย,บึงกาฬ,SAN,2024-08-07,ไม่ผ่านเกณฑ์
ร้านก๋วยเตี๋ยวแม่เพ็ญศรี,ร้านจำหน่ายอาหาร,โพธิ์หมากแข้ง,บึงโขงหลง,บึงกาฬ,มาตรฐาน SAN,2024-08-08,หมดอายุ
ร้านโป้ยหมูหัน,ร้านจำหน่ายอาหาร,บึงโขงหลง,บึงโขงหลง,บึงกาฬ,มาตรฐาน SAN,2024-02-09,หมดอายุ
ป.ปลาแซบนัว8.บึงโขงหลง,ร้านจำหน่ายอาหาร,บึงโขงหลง,บึงโขงหลง,บึงกาฬ,SAN,2025-06-23,รับรอง
ก๋วยเตี๋ยวเรือ,ร้านจำหน่ายอาหาร,นาสะแบง,ศรีวิไล,บึงกาฬ,SAN,2025-04-22,รับรอง
ราชาเตี๋ยวโอ่ง สาขา2,ร้านจำหน่ายอาหาร,นาสะแบง,ศรีวิไล,บึงกาฬ,SAN,2024-07-11,ไม่ผ่านเกณฑ์
อาหารตามสั่งแม่อ้อย,ร้านจำหน่ายอาหาร,นาสิงห์,ศรีวิไล,บึงกาฬ,SAN,2025-04-22,รับรอง
ก๋วยเตี๋ยวแม่นก,ร้านจำหน่ายอาหาร,นาสิงห์,ศรีวิไล,บึงกาฬ,SAN,2024-07-11,ไม่ผ่านเกณฑ์
อาหารตามสั่งเจ๊ติ๋ม,ร้านจำหน่ายอาหาร,นาสะแบง,ศรีวิไล,บึงกาฬ,SAN,2025-04-22,รับรอง
ร้าน แม่ร้อยก๋วยเตี๋ยว,ร้านจำหน่ายอาหาร,ศรีวิไล,ศรีวิไล,บึงกาฬ,SAN PLUS,2025-04-22,รับรอง
ก๋วยเตี๋ยวเทวดา,ร้านจำหน่ายอาหาร,นาสิงห์,ศรีวิไล,บึงกาฬ,SAN,2024-07-11,ไม่ผ่านเกณฑ์
  ร้านลาบขมต้มแชบ,ร้านจำหน่ายอาหาร,ศรีวิไล,ศรีวิไล,บึงกาฬ,SAN,2024-07-11,ไม่ผ่านเกณฑ์
หนุ่มก๋วยเตี๋ยวเรือ,ร้านจำหน่ายอาหาร,นาแสง,ศรีวิไล,บึงกาฬ,SAN,2024-07-11,ไม่ผ่านเกณฑ์
ร้านส้มตำศรีวิไล,ร้านจำหน่ายอาหาร,ศรีวิไล,ศรีวิไล,บึงกาฬ,SAN,2024-07-11,ไม่ผ่านเกณฑ์
ครัวบอลไทย,ร้านจำหน่ายอาหาร,ศรีวิไล,ศรีวิไล,บึงกาฬ,SAN,2024-07-10,ไม่ผ่านเกณฑ์
ร้านก๊วยเตี๋ยวไทญ้อ,ร้านจำหน่ายอาหาร,ศรีวิไล,ศรีวิไล,บึงกาฬ,SAN,2024-08-06,ไม่ผ่านเกณฑ์
เจ๊เหมียวส้มตำอาหารตามสั่ง,ร้านจำหน่ายอาหาร,ศรีวิไล,ศรีวิไล,บึงกาฬ,SAN,2024-07-11,ไม่ผ่านเกณฑ์
พ่อวิชัยข้าวมันไก่,ร้านจำหน่ายอาหาร,ศรีวิไล,ศรีวิไล,บึงกาฬ,SAN,2024-07-11,ไม่ผ่านเกณฑ์
ขาหมูอินเตอร์ ศรีวิไล,ร้านจำหน่ายอาหาร,ศรีวิไล,ศรีวิไล,บึงกาฬ,SAN,2025-04-23,รับรอง
ร้านส้มตำหน้าโรงพยาบาล,ร้านจำหน่ายอาหาร,ศรีวิไล,ศรีวิไล,บึงกาฬ,SAN,2024-07-11,ไม่ผ่านเกณฑ์
ชายสี่บะหมี่เกี๊ยว,ร้านจำหน่ายอาหาร,ศรีวิไล,ศรีวิไล,บึงกาฬ,SAN,2025-04-23,รับรอง
ร้านก๋วยเตี๋ยวมดแดง,ร้านจำหน่ายอาหาร,ศรีวิไล,ศรีวิไล,บึงกาฬ,SAN,2025-04-23,รับรอง
Kun cool,สวนอาหาร,ศรีวิไล,ศรีวิไล,บึงกาฬ,SAN,2025-04-23,รับรอง
เจนเนื้อย่างเกาหลี,ร้านบุฟเฟ่ต์ (ปิ้งย่าง/ชาบู/สุกี้),ศรีวิไล,ศรีวิไล,บึงกาฬ,SAN,2024-10-22,รับรอง
ก๋วยเตี๋ยว,ร้านจำหน่ายอาหาร,ชุมภูพร,ศรีวิไล,บึงกาฬ,SAN,2024-10-22,รับรอง
ก๋วยเตี๋ยวไก่มะระ,ร้านจำหน่ายอาหาร,ชุมภูพร,ศรีวิไล,บึงกาฬ,SAN,2024-10-22,รับรอง
Whitemaltdessertcafe,อื่นๆ,บึงโขงหลง,บึงโขงหลง,บึงกาฬ,SAN,2024-10-22,รับรอง
เดอะโคขุนพรีเมี่ยม บึงโขงหลง,ร้านบุฟเฟ่ต์ (ปิ้งย่าง/ชาบู/สุกี้),บึงโขงหลง,บึงโขงหลง,บึงกาฬ,SAN,2024-10-22,รับรอง
กางเมียง,ร้านบุฟเฟ่ต์ (ปิ้งย่าง/ชาบู/สุกี้),บึงโขงหลง,บึงโขงหลง,บึงกาฬ,SAN,2024-10-22,รับรอง
จีจีจิ้มจุ่ม,ร้านจำหน่ายอาหาร,บึงโขงหลง,บึงโขงหลง,บึงกาฬ,SAN,2024-07-09,ไม่ผ่านเกณฑ์
ร้านเรือนริมบึงวากิว&ซีฟู๊ด,ร้านจำหน่ายอาหาร,บึงโขงหลง,บึงโขงหลง,บึงกาฬ,SAN,2024-07-15,ไม่ผ่านเกณฑ์
ดราก่อนคอฟฟี่ BKL,ร้านจำหน่ายอาหาร,บึงโขงหลง,บึงโขงหลง,บึงกาฬ,SAN,2024-07-15,ไม่ผ่านเกณฑ์
ครัวคิงคองริมน้ำ,ร้านจำหน่ายอาหาร,บึงโขงหลง,บึงโขงหลง,บึงกาฬ,SAN,2024-08-08,ไม่ผ่านเกณฑ์
ครัวสี่แยก,ร้านจำหน่ายอาหาร,พรเจริญ,พรเจริญ,บึงกาฬ,มาตรฐาน SAN,2024-03-19,หมดอายุ
พรเพชรก๋วยเตี๋ยว,ร้านจำหน่ายอาหาร,ป่าแฝก,พรเจริญ,บึงกาฬ,SAN,2024-08-07,ไม่ผ่านเกณฑ์
ตั้งโต๊ะ,ร้านจำหน่ายอาหาร,พรเจริญ,พรเจริญ,บึงกาฬ,SAN,2024-03-19,ไม่ผ่านเกณฑ์
ร้านก๋วยเตี๋ยวแม่องุ่น,ร้านจำหน่ายอาหาร,พรเจริญ,พรเจริญ,บึงกาฬ,SAN,2024-10-10,รับรอง
ร้านแม่สมควร,ร้านจำหน่ายอาหาร,ศรีสำราญ,พรเจริญ,บึงกาฬ,SAN,2024-10-10,รับรอง
ก๋วยเตี๋ยวเรือขึ้นบก,ร้านจำหน่ายอาหาร,ดอนหญ้านาง,พรเจริญ,บึงกาฬ,SAN,2024-10-10,รับรอง
ร้านสมนึกโอชา,ร้านจำหน่ายอาหาร,พรเจริญ,พรเจริญ,บึงกาฬ,SAN,2024-10-10,รับรอง
ร้านตำมั่วยายเมฆ,ร้านจำหน่ายอาหาร,พรเจริญ,พรเจริญ,บึงกาฬ,SAN,2024-07-16,ไม่ผ่านเกณฑ์
SNแจ่วฮ้อน,ร้านจำหน่ายอาหาร,พรเจริญ,พรเจริญ,บึงกาฬ,SAN,2024-10-10,รับรอง
ร้านแม่ไพฑูรย์,ร้านจำหน่ายอาหาร,ป่าแฝก,พรเจริญ,บึงกาฬ,SAN,2024-10-10,รับรอง
ร้านแอ๋วตามสั่ง,ร้านจำหน่ายอาหาร,ปากคาด,ปากคาด,บึงกาฬ,SAN,2024-07-15,ไม่ผ่านเกณฑ์
คำพูหมูกะทะ,ร้านบุฟเฟ่ต์ (ปิ้งย่าง/ชาบู/สุกี้),โนนศิลา,ปากคาด,บึงกาฬ,SAN,2024-07-15,ไม่ผ่านเกณฑ์
Mr.House Italian Restaurant ,ร้านจำหน่ายอาหาร,ปากคาด,ปากคาด,บึงกาฬ,SAN,2024-09-27,รับรอง
ไก่ย่างวิเชียรบุรี,ร้านจำหน่ายอาหาร,ปากคาด,ปากคาด,บึงกาฬ,SAN,2024-07-15,ไม่ผ่านเกณฑ์
ครัวลูกยายเพ็ญ,ร้านจำหน่ายอาหาร,โนนศิลา,ปากคาด,บึงกาฬ,SAN,2024-09-23,รับรอง
ก๋วยเตี๋ยวแม่อรูณ,ร้านจำหน่ายอาหาร,ชุมภูพร,ศรีวิไล,บึงกาฬ,SAN,2025-06-27,รับรอง
ร้านอาหารตามสั่งแม่เพชรสุวรรณ,ร้านจำหน่ายอาหาร,ชุมภูพร,ศรีวิไล,บึงกาฬ,SAN,2024-10-21,รับรอง
แม่สร้อย,ร้านจำหน่ายอาหาร,หนองพันทา,โซ่พิสัย,บึงกาฬ,SAN,2024-10-21,รับรอง
เจ๊บอยล์,ร้านจำหน่ายอาหาร,เหล่าทอง,โซ่พิสัย,บึงกาฬ,SAN,2024-08-07,ไม่ผ่านเกณฑ์
น้องเซแฮ,ร้านจำหน่ายอาหาร,เหล่าทอง,โซ่พิสัย,บึงกาฬ,SAN,2024-10-21,รับรอง
ร้านนาบุญหมูกระทะ,ร้านจำหน่ายอาหาร,โซ่,โซ่พิสัย,บึงกาฬ,SAN,2024-10-21,รับรอง
ร้านหลบมุมซอย8,ร้านจำหน่ายอาหาร,บึงโขงหลง,บึงโขงหลง,บึงกาฬ,SAN,2024-10-21,รับรอง
ตำลาว,ร้านจำหน่ายอาหาร,โนนศิลา,ปากคาด,บึงกาฬ,SAN PLUS,2025-08-04,รับรอง
โขงค้ำคูณ,ร้านจำหน่ายอาหาร,ปากคาด,ปากคาด,บึงกาฬ,SAN,2025-08-04,รับรอง
พี.เค. หมูกระทะ,ร้านบุฟเฟ่ต์ (ปิ้งย่าง/ชาบู/สุกี้),ปากคาด,ปากคาด,บึงกาฬ,SAN,2024-07-10,ไม่ผ่านเกณฑ์
กินลมชมโขง,ร้านจำหน่ายอาหาร,ปากคาด,ปากคาด,บึงกาฬ,SAN,2024-07-15,ไม่ผ่านเกณฑ์
ร้านครัวบ้านโจ้,ร้านจำหน่ายอาหาร,บึงโขงหลง,บึงโขงหลง,บึงกาฬ,SAN,2024-10-21,รับรอง
ครอบครัวตัว กอ,ร้านจำหน่ายอาหาร,ป่าแฝก,พรเจริญ,บึงกาฬ,SAN,2024-10-21,รับรอง
ร้านวิจิตรา 321&frasl;1ต.ป่าแฝก อ.พรเจริญ จ.บึงกาฬ,ร้านจำหน่ายอาหาร,ป่าแฝก,พรเจริญ,บึงกาฬ,SAN,2024-10-21,รับรอง
ก๋วยเตี๋ยวบ้านสวนพรเจริญ,สวนอาหาร,,พรเจริญ,บึงกาฬ,SAN,2024-08-06,ไม่ผ่านเกณฑ์
89ม.6,ร้านจำหน่ายอาหาร,พรเจริญ,พรเจริญ,บึงกาฬ,SAN,2024-08-06,ไม่ผ่านเกณฑ์
ไพรศรี อาหารตามสั่ง,ร้านจำหน่ายอาหาร,ดอนหญ้านาง,พรเจริญ,บึงกาฬ,SAN,2024-10-21,รับรอง
ก๋วยเตี๋ยวยายอ้วน,ร้านจำหน่ายอาหาร,นาสะแบง,ศรีวิไล,บึงกาฬ,SAN,2024-10-21,รับรอง
เพชรลำภู,ร้านบุฟเฟ่ต์ (ปิ้งย่าง/ชาบู/สุกี้),หนองพันทา,โซ่พิสัย,บึงกาฬ,SAN,2024-10-21,รับรอง
ครัวสามพี่น้อง,ร้านจำหน่ายอาหาร,ชุมภูพร,ศรีวิไล,บึงกาฬ,SAN,2024-09-12,รับรอง
นางลม พรใส,ร้านจำหน่ายอาหาร,นาสะแบง,ศรีวิไล,บึงกาฬ,SAN,2024-07-11,ไม่ผ่านเกณฑ์
ร้านก๋วยเตี๋ยวทุ่งนาทาม,ร้านจำหน่ายอาหาร,เซกา,เซกา,บึงกาฬ,SAN,2025-07-31,รับรอง
น้าพร,ร้านจำหน่ายอาหาร,นาสะแบง,ศรีวิไล,บึงกาฬ,SAN,2024-07-11,ไม่ผ่านเกณฑ์
ร้านหลานปู่หมูกระทะ,ร้านจำหน่ายอาหาร,เซกา,เซกา,บึงกาฬ,SAN,2024-07-15,ไม่ผ่านเกณฑ์
นางทองพลอย ใจเร็ว,ร้านจำหน่ายอาหาร,นาสะแบง,ศรีวิไล,บึงกาฬ,SAN PLUS,2024-05-30,หมดอายุ
ซันไชน์คาเฟ่,ร้านจำหน่ายอาหาร,วิศิษฐ์,เมืองบึงกาฬ,บึงกาฬ,SAN,2024-03-15,ไม่ผ่านเกณฑ์
ร้าน อ.แอ๋ม,ร้านจำหน่ายอาหาร,บึงกาฬ,เมืองบึงกาฬ,บึงกาฬ,SAN,2024-08-14,ไม่ผ่านเกณฑ์
ข้าวหอม หมูกระทะ,ร้านจำหน่ายอาหาร,วิศิษฐ์,เมืองบึงกาฬ,บึงกาฬ,SAN,2024-03-15,ไม่ผ่านเกณฑ์
แม่ต่าย,ร้านจำหน่ายอาหาร,นาสวรรค์,เมืองบึงกาฬ,บึงกาฬ,SAN,2024-08-14,ไม่ผ่านเกณฑ์
ร้านเขตโภชนา,ร้านจำหน่ายอาหาร,นาสวรรค์,เมืองบึงกาฬ,บึงกาฬ,SAN,2024-08-14,ไม่ผ่านเกณฑ์
ก๋วยเตี๋ยวยายตุ๋ย,ร้านจำหน่ายอาหาร,หนองเลิง,เมืองบึงกาฬ,บึงกาฬ,SAN,2024-03-15,ไม่ผ่านเกณฑ์
ร้านรจนา,ร้านจำหน่ายอาหาร,โนนสว่าง,เมืองบึงกาฬ,บึงกาฬ,SAN,2024-08-14,ไม่ผ่านเกณฑ์
หมูกะทะหญิงกะใหม่,ร้านบุฟเฟ่ต์ (ปิ้งย่าง/ชาบู/สุกี้),โนนสว่าง,เมืองบึงกาฬ,บึงกาฬ,SAN,2024-08-14,ไม่ผ่านเกณฑ์
ร้านเจนหมูกระทะ,ร้านจำหน่ายอาหาร,วิศิษฐ์,เมืองบึงกาฬ,บึงกาฬ,SAN,2024-06-28,ไม่ผ่านเกณฑ์
ครัวแม่โอ๋,ร้านจำหน่ายอาหาร,หนองเลิง,เมืองบึงกาฬ,บึงกาฬ,SAN,2024-12-03,รับรอง
ครัวเจ๊มล,ร้านจำหน่ายอาหาร,โป่งเปือย,เมืองบึงกาฬ,บึงกาฬ,SAN,2024-09-12,รับรอง
ดีโอ้,อื่นๆ,บึงกาฬ,เมืองบึงกาฬ,บึงกาฬ,SAN PLUS,2025-06-23,รับรอง
แจ่วฮ้อนเฮียหก,ร้านจำหน่ายอาหาร,วิศิษฐ์,เมืองบึงกาฬ,บึงกาฬ,SAN,2024-09-07,รับรอง
ยายจ่อย,ร้านจำหน่ายอาหาร,บึงกาฬ,เมืองบึงกาฬ,บึงกาฬ,SAN,2024-08-14,ไม่ผ่านเกณฑ์
ก๋วยเตี๋ยวเลิศรส,ร้านจำหน่ายอาหาร,บึงกาฬ,เมืองบึงกาฬ,บึงกาฬ,SAN,2024-03-15,ไม่ผ่านเกณฑ์
ร้านสวนฮักเกษตรลาบเป็ด,ร้านจำหน่ายอาหาร,หอคำ,เมืองบึงกาฬ,บึงกาฬ,SAN,2024-08-14,ไม่ผ่านเกณฑ์
นกก๋วยเตี๋ยวแชมป์,ร้านจำหน่ายอาหาร,บึงกาฬ,เมืองบึงกาฬ,บึงกาฬ,SAN,2024-08-14,ไม่ผ่านเกณฑ์
บี.บี โภชณา,ร้านจำหน่ายอาหาร,โนนสว่าง,เมืองบึงกาฬ,บึงกาฬ,SAN,2024-08-08,ไม่ผ่านเกณฑ์
ขนมดอกบัว,อื่นๆ,บึงกาฬ,เมืองบึงกาฬ,บึงกาฬ,SAN,2025-07-30,ไม่ผ่านเกณฑ์
ครัวคุณรี,ร้านจำหน่ายอาหาร,หอคำ,เมืองบึงกาฬ,บึงกาฬ,SAN,2024-08-14,ไม่ผ่านเกณฑ์
จินตนา อาหารตามสั่ง ,ร้านจำหน่ายอาหาร,คำนาดี,เมืองบึงกาฬ,บึงกาฬ,SAN,2024-08-14,ไม่ผ่านเกณฑ์
เจ๊หน่อยตามสั่ง,ร้านจำหน่ายอาหาร,คำนาดี,เมืองบึงกาฬ,บึงกาฬ,SAN,2024-08-14,ไม่ผ่านเกณฑ์
ยายลอยตำระเบิด,ร้านจำหน่ายอาหาร,หอคำ,เมืองบึงกาฬ,บึงกาฬ,SAN,2024-08-14,ไม่ผ่านเกณฑ์
Folcon food and coffee,ร้านจำหน่ายอาหาร,ชัยพร,เมืองบึงกาฬ,บึงกาฬ,SAN,2024-10-18,รับรอง
ครัวเจ๊เงิน,ร้านจำหน่ายอาหาร,หอคำ,เมืองบึงกาฬ,บึงกาฬ,SAN,2024-06-28,ไม่ผ่านเกณฑ์
Black white coffee ,ร้านเครื่องดื่ม,บึงกาฬ,เมืองบึงกาฬ,บึงกาฬ,SAN,2024-08-14,ไม่ผ่านเกณฑ์
เจี๊ยบตามสั่ง,ร้านจำหน่ายอาหาร,โคกก่อง,เมืองบึงกาฬ,บึงกาฬ,SAN,2024-08-14,ไม่ผ่านเกณฑ์
ครัวป๊าม๊า,ร้านจำหน่ายอาหาร,วิศิษฐ์,เมืองบึงกาฬ,บึงกาฬ,SAN,2024-08-14,ไม่ผ่านเกณฑ์
ครัวริมทาง,ร้านจำหน่ายอาหาร,บึงกาฬ,เมืองบึงกาฬ,บึงกาฬ,SAN,2024-08-14,ไม่ผ่านเกณฑ์
โบทานิก้า,ร้านจำหน่ายอาหาร,บึงกาฬ,เมืองบึงกาฬ,บึงกาฬ,SAN,2024-08-14,ไม่ผ่านเกณฑ์
ก๋วยเตี๋ยวแม่อุไรพร,ร้านจำหน่ายอาหาร,บุ่งคล้า,บุ่งคล้า,บึงกาฬ,SAN,2025-01-22,รับรอง
ส้มตำ,ร้านจำหน่ายอาหาร,บุ่งคล้า,บุ่งคล้า,บึงกาฬ,SAN,2025-01-22,รับรอง
พิศมัย การค้า,ร้านจำหน่ายอาหาร,บุ่งคล้า,บุ่งคล้า,บึงกาฬ,SAN,2025-01-22,รับรอง
ร้านหน้าวัดก๋วยเตี๋ยว,ร้านจำหน่ายอาหาร,บุ่งคล้า,บุ่งคล้า,บึงกาฬ,SAN,2025-01-22,รับรอง
ครัวต้นคูณ,ร้านจำหน่ายอาหาร,บุ่งคล้า,บุ่งคล้า,บึงกาฬ,SAN,2025-01-22,รับรอง
บ้านเค้กน้องไอติม,ร้านเครื่องดื่ม,บุ่งคล้า,บุ่งคล้า,บึงกาฬ,SAN,2025-01-22,รับรอง
เฮือนย่า,ร้านจำหน่ายอาหาร,บุ่งคล้า,บุ่งคล้า,บึงกาฬ,SAN,2024-07-10,ไม่ผ่านเกณฑ์
ก๋วยเตี๋ยวเนื้อเจ้วัลย์,ร้านจำหน่ายอาหาร,ชุมภูพร,ศรีวิไล,บึงกาฬ,SAN,2024-07-10,ไม่ผ่านเกณฑ์
แม่ไข่พุงกาง,ร้านจำหน่ายอาหาร,,เมืองบึงกาฬ,บึงกาฬ,SAN,2024-06-28,ไม่ผ่านเกณฑ์
ครัวลุงยักษ์,ศูนย์อาหาร,บึงกาฬ,เมืองบึงกาฬ,บึงกาฬ,SAN,2024-10-08,รับรอง
ร้านน้องปิ่น,ศูนย์อาหาร,บึงกาฬ,เมืองบึงกาฬ,บึงกาฬ,SAN,2024-10-08,รับรอง
ส้มตำเวียงหลวง,ศูนย์อาหาร,บึงกาฬ,เมืองบึงกาฬ,บึงกาฬ,SAN,2024-10-08,รับรอง
ผลไม้สดพี่เบส,ศูนย์อาหาร,บึงกาฬ,เมืองบึงกาฬ,บึงกาฬ,SAN,2025-04-02,รับรอง
น้องขวัญ ก๋วยเตี๋ยวหมู,ศูนย์อาหาร,บึงกาฬ,เมืองบึงกาฬ,บึงกาฬ,SAN,2025-01-21,รับรอง
ปาต้าวอเตอร์,ศูนย์อาหาร,บึงกาฬ,เมืองบึงกาฬ,บึงกาฬ,SAN,2024-10-09,รับรอง
พอใจ,ร้านจำหน่ายอาหาร,บึงกาฬ,เมืองบึงกาฬ,บึงกาฬ,SAN,2025-07-12,รับรอง
ร้านแม่ทัศ,อื่นๆ,หนองเลิง,เมืองบึงกาฬ,บึงกาฬ,SAN,2024-11-19,รับรอง
โสเหล่กัญ,ร้านจำหน่ายอาหาร,บึงกาฬ,เมืองบึงกาฬ,บึงกาฬ,มาตรฐาน SAN,2024-08-14,หมดอายุ
ร้านสามพี่น้อง(บีบีบุฟเฟ่ต์หมูกะทะบ้านหอคำ),ร้านจำหน่ายอาหาร,บึงกาฬ,เมืองบึงกาฬ,บึงกาฬ,SAN,2024-03-15,ไม่ผ่านเกณฑ์
ลาบเป็ดกลางทุ่ง,ร้านจำหน่ายอาหาร,โนนสมบูรณ์,เมืองบึงกาฬ,บึงกาฬ,SAN,2024-03-15,ไม่ผ่านเกณฑ์
ก๋วยจั๊บ,ศูนย์อาหาร,บึงกาฬ,เมืองบึงกาฬ,บึงกาฬ,SAN,2024-03-15,ไม่ผ่านเกณฑ์
สกลธรณ์,ร้านจำหน่ายอาหาร,หนองหัวช้าง,พรเจริญ,บึงกาฬ,SAN,2024-08-27,รับรอง
ร้านอาหารพรพิศ,ร้านจำหน่ายอาหาร,ศรีชมภู,พรเจริญ,บึงกาฬ,SAN,2025-07-04,รับรอง
ร้านมารินทร์,ร้านจำหน่ายอาหาร,วังชมภู,พรเจริญ,บึงกาฬ,SAN,2024-07-16,ไม่ผ่านเกณฑ์
Five Star สาขา รพ.บึงกาฬ,ศูนย์อาหาร,บึงกาฬ,เมืองบึงกาฬ,บึงกาฬ,SAN,2024-05-15,ไม่ผ่านเกณฑ์
นางสุดใจ ศรีวิชา,ร้านจำหน่ายอาหาร,วิศิษฐ์,เมืองบึงกาฬ,บึงกาฬ,SAN,2024-06-28,ไม่ผ่านเกณฑ์
เซเว่น สาขาโรงพยาบาลบึงกาฬ,อื่นๆ,บึงกาฬ,เมืองบึงกาฬ,บึงกาฬ,SAN,2025-07-16,รับรอง
Café Amazon สาขา รพ.บึงกาฬ,ร้านเครื่องดื่ม,บึงกาฬ,เมืองบึงกาฬ,บึงกาฬ,SAN,2025-07-16,รับรอง
ชานมไข่มุก,ร้านจำหน่ายอาหาร,ศรีวิไล,ศรีวิไล,บึงกาฬ,มาตรฐาน SAN,2024-07-11,หมดอายุ
ร้านอาหารตามสั่ง,ร้านจำหน่ายอาหาร,ศรีวิไล,ศรีวิไล,บึงกาฬ,มาตรฐาน SAN,2024-07-11,หมดอายุ
ก๋วยเตี๋ยวบ้านสวน,ร้านจำหน่ายอาหาร,วังชมภู,พรเจริญ,บึงกาฬ,SAN,2024-07-16,ไม่ผ่านเกณฑ์
ร้านป้าสาย,ร้านจำหน่ายอาหาร,วังชมภู,พรเจริญ,บึงกาฬ,SAN,2024-07-16,ไม่ผ่านเกณฑ์
ร้านแม่ทอง,ร้านจำหน่ายอาหาร,วังชมภู,พรเจริญ,บึงกาฬ,SAN,2024-07-16,ไม่ผ่านเกณฑ์
เมานมสุดซอย,ร้านจำหน่ายอาหาร,ซาง,เซกา,บึงกาฬ,SAN,2024-07-15,ไม่ผ่านเกณฑ์
แม่เปลี่ยนร้อยล้านอาหารตามสั่ง,ร้านจำหน่ายอาหาร,ซาง,เซกา,บึงกาฬ,SAN,2024-07-15,ไม่ผ่านเกณฑ์
ก๋วยเตี๋ยวไก่มะระคุณโฮม,ร้านจำหน่ายอาหาร,ซาง,เซกา,บึงกาฬ,SAN,2025-07-09,รับรอง
เกษตรเฮฮา,ร้านจำหน่ายอาหาร,ซาง,เซกา,บึงกาฬ,SAN,2025-07-08,รับรอง
ร้านลาบแซ่บสะเดิด,ร้านจำหน่ายอาหาร,ดอนหญ้านาง,พรเจริญ,บึงกาฬ,SAN,2024-08-06,ไม่ผ่านเกณฑ์
ตะเกียบ,ร้านจำหน่ายอาหาร,พรเจริญ,พรเจริญ,บึงกาฬ,SAN,2024-07-16,ไม่ผ่านเกณฑ์
ดาวข้าวมันไก่,ร้านจำหน่ายอาหาร,เซกา,เซกา,บึงกาฬ,SAN,2024-07-15,ไม่ผ่านเกณฑ์
แม่มอสโภชนา,ร้านจำหน่ายอาหาร,ดอนหญ้านาง,พรเจริญ,บึงกาฬ,SAN,2024-08-06,ไม่ผ่านเกณฑ์
หมิงข้าวมันไก่ตอน,ร้านจำหน่ายอาหาร,เซกา,เซกา,บึงกาฬ,SAN,2024-07-15,ไม่ผ่านเกณฑ์
บัวลอยตามสั่ง,ร้านจำหน่ายอาหาร,พรเจริญ,พรเจริญ,บึงกาฬ,SAN,2024-07-31,ไม่ผ่านเกณฑ์
ร้านรุ้งอาหารข้าวมันไก่,ร้านจำหน่ายอาหาร,เซกา,เซกา,บึงกาฬ,SAN,2024-07-15,ไม่ผ่านเกณฑ์
ร้านก๋วยเตี๋ยวยายนาง,ร้านจำหน่ายอาหาร,พรเจริญ,พรเจริญ,บึงกาฬ,SAN,2024-07-31,ไม่ผ่านเกณฑ์
ก๋วยเตี๋ยวแม่ตุ๊,ร้านจำหน่ายอาหาร,พรเจริญ,พรเจริญ,บึงกาฬ,SAN,2024-07-16,ไม่ผ่านเกณฑ์
เจ้เดือนสุดแซ่บ,ร้านจำหน่ายอาหาร,พรเจริญ,พรเจริญ,บึงกาฬ,SAN,2024-07-16,ไม่ผ่านเกณฑ์
สมบูรณ์ลาบก้อย,ร้านจำหน่ายอาหาร,พรเจริญ,พรเจริญ,บึงกาฬ,SAN,2024-07-16,ไม่ผ่านเกณฑ์
น้องฟ้าเนื้อสด,ร้านจำหน่ายอาหาร,พรเจริญ,พรเจริญ,บึงกาฬ,SAN,2024-07-16,ไม่ผ่านเกณฑ์
ก๋วยเตี๋ยวถุงเงิน,ร้านจำหน่ายอาหาร,พรเจริญ,พรเจริญ,บึงกาฬ,SAN,2024-07-16,ไม่ผ่านเกณฑ์
ร้านก๋วยเตี๋ยวลูกปลา,ร้านจำหน่ายอาหาร,พรเจริญ,พรเจริญ,บึงกาฬ,SAN,2024-07-16,ไม่ผ่านเกณฑ์
ส้มตำยวนทอง,ร้านจำหน่ายอาหาร,พรเจริญ,พรเจริญ,บึงกาฬ,SAN,2024-08-06,ไม่ผ่านเกณฑ์
ข้าวมันไก่ทองคำ,ร้านจำหน่ายอาหาร,พรเจริญ,พรเจริญ,บึงกาฬ,SAN,2024-08-06,ไม่ผ่านเกณฑ์
ครัวคุณหลง,ร้านจำหน่ายอาหาร,ดอนหญ้านาง,พรเจริญ,บึงกาฬ,SAN,2024-07-16,ไม่ผ่านเกณฑ์
รัตนภรณ์ ,ร้านจำหน่ายอาหาร,ดอนหญ้านาง,พรเจริญ,บึงกาฬ,SAN,2024-07-16,ไม่ผ่านเกณฑ์
Time cafe,ร้านจำหน่ายอาหาร,ปากคาด,ปากคาด,บึงกาฬ,SAN,2024-07-15,ไม่ผ่านเกณฑ์
ร้านแพรปลาทาโร่,ร้านจำหน่ายอาหาร,นาดง,ปากคาด,บึงกาฬ,SAN,2024-07-15,ไม่ผ่านเกณฑ์
ร้านก๊วยเตี๋ยวเรือพัดชา,ร้านจำหน่ายอาหาร,ปากคาด,ปากคาด,บึงกาฬ,SAN,2024-07-15,ไม่ผ่านเกณฑ์
ร้านก๊วยเตี๋ยวลุงเคน,ร้านจำหน่ายอาหาร,ปากคาด,ปากคาด,บึงกาฬ,SAN,2024-07-15,ไม่ผ่านเกณฑ์
นาปังคาเฟ่,ร้านจำหน่ายอาหาร,ปากคาด,ปากคาด,บึงกาฬ,SAN,2024-07-15,ไม่ผ่านเกณฑ์
ร้านขุนหลวงอาหารเช้า,ร้านจำหน่ายอาหาร,ปากคาด,ปากคาด,บึงกาฬ,SAN,2024-07-15,ไม่ผ่านเกณฑ์
ร้านปรีดาปลาจุ่ม,ร้านจำหน่ายอาหาร,ปากคาด,ปากคาด,บึงกาฬ,SAN,2024-07-15,ไม่ผ่านเกณฑ์
ร้านกาหยู กะ ดูหยง ปิ้งย่างเกาหลี,ร้านจำหน่ายอาหาร,ปากคาด,ปากคาด,บึงกาฬ,SAN,2024-07-16,ไม่ผ่านเกณฑ์
 ร้าน Tonnam Cafe and resort,ร้านจำหน่ายอาหาร,ปากคาด,ปากคาด,บึงกาฬ,SAN,2024-07-16,ไม่ผ่านเกณฑ์
โยษิตา,ร้านจำหน่ายอาหาร,ดอนหญ้านาง,พรเจริญ,บึงกาฬ,SAN,2025-07-30,ไม่ผ่านเกณฑ์
ร้านอาหารครัวระเบียงไม้,ร้านจำหน่ายอาหาร,พรเจริญ,พรเจริญ,บึงกาฬ,SAN,2024-07-31,ไม่ผ่านเกณฑ์
ร้านสมนึกโอชา,ร้านจำหน่ายอาหาร,พรเจริญ,พรเจริญ,บึงกาฬ,SAN,2024-07-31,ไม่ผ่านเกณฑ์
ตะเกียบ,ร้านจำหน่ายอาหาร,พรเจริญ,พรเจริญ,บึงกาฬ,SAN,2024-07-31,ไม่ผ่านเกณฑ์
ร้านตำมั่วยายเมฆ,ร้านจำหน่ายอาหาร,พรเจริญ,พรเจริญ,บึงกาฬ,มาตรฐาน SAN,2024-07-31,หมดอายุ
ร้านอาหารครัวระเบียงไม้,ร้านจำหน่ายอาหาร,พรเจริญ,พรเจริญ,บึงกาฬ,มาตรฐาน SAN,2024-07-31,หมดอายุ
ร้านอ่อนสา,ร้านจำหน่ายอาหาร,พรเจริญ,พรเจริญ,บึงกาฬ,SAN,2024-07-31,ไม่ผ่านเกณฑ์
ร้านอ่อนสา,ร้านจำหน่ายอาหาร,พรเจริญ,พรเจริญ,บึงกาฬ,มาตรฐาน SAN,2024-07-31,หมดอายุ
วาสนา,ร้านจำหน่ายอาหาร,พรเจริญ,พรเจริญ,บึงกาฬ,มาตรฐาน SAN,2024-08-06,หมดอายุ
ร้านอ่อนสา,ร้านจำหน่ายอาหาร,พรเจริญ,พรเจริญ,บึงกาฬ,มาตรฐาน SAN,2024-07-31,หมดอายุ
ร้านก๋วยเตี๋ยวแม่ขัน,ร้านจำหน่ายอาหาร,ศรีชมภู,พรเจริญ,บึงกาฬ,SAN,2024-08-06,ไม่ผ่านเกณฑ์
ก๋วยเตี๋ยวดาวเรือง,ร้านจำหน่ายอาหาร,ศรีชมภู,พรเจริญ,บึงกาฬ,มาตรฐาน SAN,2024-08-06,หมดอายุ
U-Tuan-Bar,ร้านจำหน่ายอาหาร,พรเจริญ,พรเจริญ,บึงกาฬ,SAN,2024-07-31,ไม่ผ่านเกณฑ์
ร้านเตี๋ยวเจ้ยูร,ร้านจำหน่ายอาหาร,ศรีชมภู,พรเจริญ,บึงกาฬ,SAN,2024-08-06,ไม่ผ่านเกณฑ์
ร้านลาบพ่อสมร,ร้านจำหน่ายอาหาร,พรเจริญ,พรเจริญ,บึงกาฬ,SAN,2024-07-31,ไม่ผ่านเกณฑ์
ร้านก๋วยเตี๋ยวยายเต่า,ร้านจำหน่ายอาหาร,ศรีชมภู,พรเจริญ,บึงกาฬ,SAN,2024-08-06,ไม่ผ่านเกณฑ์
ร้านส้มตำยายกว้าง,ร้านจำหน่ายอาหาร,ศรีชมภู,พรเจริญ,บึงกาฬ,มาตรฐาน SAN,2024-08-01,หมดอายุ
บัวลอยตามสั่ง,ร้านจำหน่ายอาหาร,พรเจริญ,พรเจริญ,บึงกาฬ,SAN,2024-07-31,ไม่ผ่านเกณฑ์
ร้านก๋วยเตี๋ยวยายนาง,ร้านจำหน่ายอาหาร,พรเจริญ,พรเจริญ,บึงกาฬ,มาตรฐาน SAN,2024-07-31,หมดอายุ
ก๋วยเตี๋ยวแม่ตุ๊,ร้านจำหน่ายอาหาร,พรเจริญ,พรเจริญ,บึงกาฬ,มาตรฐาน SAN,2024-08-06,หมดอายุ
ร้านวรดากับข้าวซิ่ง,ร้านจำหน่ายอาหาร,คำแก้ว,โซ่พิสัย,บึงกาฬ,SAN,2024-08-07,ไม่ผ่านเกณฑ์
บิ๊กอาหารตามสั่ง,ร้านจำหน่ายอาหาร,ศรีชมภู,โซ่พิสัย,บึงกาฬ,SAN,2024-08-01,ไม่ผ่านเกณฑ์
บิ๊กอาหารตามสั่ง,ร้านจำหน่ายอาหาร,ศรีชมภู,โซ่พิสัย,บึงกาฬ,SAN,2024-08-05,ไม่ผ่านเกณฑ์
หมวยเล็กชวนชิม,ร้านจำหน่ายอาหาร,คำแก้ว,โซ่พิสัย,บึงกาฬ,SAN,2024-08-01,ไม่ผ่านเกณฑ์
หมวยเล็กชวนชิม,ร้านจำหน่ายอาหาร,คำแก้ว,โซ่พิสัย,บึงกาฬ,มาตรฐาน SAN,2024-08-05,หมดอายุ
อาหารตามสั่งยายแจ๋ม,ร้านจำหน่ายอาหาร,คำแก้ว,โซ่พิสัย,บึงกาฬ,มาตรฐาน SAN,2024-08-05,หมดอายุ
ร้านชนากานต์อาหารตามสั่ง,ร้านจำหน่ายอาหาร,ถ้ำเจริญ,โซ่พิสัย,บึงกาฬ,มาตรฐาน SAN,2024-08-05,หมดอายุ
ร้านโชติกาอาหารตามสั่ง,ร้านจำหน่ายอาหาร,ถ้ำเจริญ,โซ่พิสัย,บึงกาฬ,SAN,2024-08-05,ไม่ผ่านเกณฑ์
อาหารตามสั่ง (นางแสงจันทร์  พึ่งกิจ),ร้านจำหน่ายอาหาร,บัวตูม,โซ่พิสัย,บึงกาฬ,มาตรฐาน SAN,2024-08-05,หมดอายุ
ร้านเปรียวโภชนา,ร้านจำหน่ายอาหาร,บัวตูม,โซ่พิสัย,บึงกาฬ,มาตรฐาน SAN,2024-08-05,หมดอายุ
ดีดี คาเฟ่,อื่นๆ,ศรีชมภู,โซ่พิสัย,บึงกาฬ,มาตรฐาน SAN,2024-08-06,หมดอายุ
อาหารตามสั่งยายแจ๋ม,ร้านจำหน่ายอาหาร,คำแก้ว,โซ่พิสัย,บึงกาฬ,มาตรฐาน SAN,2024-08-06,หมดอายุ
อาหารตามสั่ง (นางแสงจันทร์  พึ่งกิจ),ร้านจำหน่ายอาหาร,บัวตูม,โซ่พิสัย,บึงกาฬ,มาตรฐาน SAN,2024-08-05,หมดอายุ
ส้มตำยวนทอง,ร้านจำหน่ายอาหาร,พรเจริญ,พรเจริญ,บึงกาฬ,SAN,2024-08-06,ไม่ผ่านเกณฑ์
น้าพร,ร้านจำหน่ายอาหาร,นาสะแบง,ศรีวิไล,บึงกาฬ,SAN,2024-08-06,ไม่ผ่านเกณฑ์
ส้มตำสองเสี่ยว,ร้านจำหน่ายอาหาร,ดอนหญ้านาง,พรเจริญ,บึงกาฬ,มาตรฐาน SAN,2025-07-29,หมดอายุ
ร้านแม่เจี๊ยบ,ร้านจำหน่ายอาหาร,ชุมภูพร,ศรีวิไล,บึงกาฬ,SAN,2024-08-06,ไม่ผ่านเกณฑ์
มณีจรรณ์ ตามสั่ง,ร้านจำหน่ายอาหาร,หนองหัวช้าง,พรเจริญ,บึงกาฬ,SAN,2024-08-07,ไม่ผ่านเกณฑ์
ผกาวดี,ร้านจำหน่ายอาหาร,ป่าแฝก,พรเจริญ,บึงกาฬ,SAN,2024-08-07,ไม่ผ่านเกณฑ์
อุไร  ตามสั่ง,ร้านจำหน่ายอาหาร,หนองหัวช้าง,พรเจริญ,บึงกาฬ,มาตรฐาน SAN,2024-08-07,หมดอายุ
สุภนิดา ,ร้านจำหน่ายอาหาร,หนองหัวช้าง,พรเจริญ,บึงกาฬ,มาตรฐาน SAN,2024-08-07,หมดอายุ
นิตยา ตามสั่ง,ร้านจำหน่ายอาหาร,หนองหัวช้าง,พรเจริญ,บึงกาฬ,SAN,2024-08-07,ไม่ผ่านเกณฑ์
จำปี ตามสั่ง,ร้านจำหน่ายอาหาร,หนองหัวช้าง,พรเจริญ,บึงกาฬ,SAN,2024-08-07,ไม่ผ่านเกณฑ์
จันทร์ศิริ ,ร้านจำหน่ายอาหาร,หนองหัวช้าง,พรเจริญ,บึงกาฬ,SAN,2024-08-07,ไม่ผ่านเกณฑ์
ลัดดาวัลย์ ก๋วยเตี๋ยว,ร้านจำหน่ายอาหาร,หนองหัวช้าง,พรเจริญ,บึงกาฬ,มาตรฐาน SAN,2024-08-07,หมดอายุ
นันทพร ตามสั่ง,ร้านจำหน่ายอาหาร,หนองหัวช้าง,พรเจริญ,บึงกาฬ,SAN,2024-08-07,ไม่ผ่านเกณฑ์
จันทร์ ก๋วยเตี๋ยว,ร้านจำหน่ายอาหาร,หนองหัวช้าง,พรเจริญ,บึงกาฬ,มาตรฐาน SAN,2024-08-07,หมดอายุ
นัดฏิมากร ก๋วยเตี๋ยว,ร้านจำหน่ายอาหาร,หนองหัวช้าง,พรเจริญ,บึงกาฬ,SAN,2024-08-07,ไม่ผ่านเกณฑ์
สวัสดิ์ ก๋วยเตี๋ยว,ร้านจำหน่ายอาหาร,หนองหัวช้าง,พรเจริญ,บึงกาฬ,มาตรฐาน SAN,2024-08-07,หมดอายุ
ครัวลุงตี๋ก๋วยเตี๋ยวเนื้อตุ๋น,ร้านจำหน่ายอาหาร,เหล่าทอง,โซ่พิสัย,บึงกาฬ,มาตรฐาน SAN,2024-08-07,หมดอายุ
สุภาดา,ร้านจำหน่ายอาหาร,คำนาดี,เมืองบึงกาฬ,บึงกาฬ,มาตรฐาน SAN,2024-08-14,หมดอายุ
ร้านศุภลักษณ์,ร้านจำหน่ายอาหาร,คำนาดี,เมืองบึงกาฬ,บึงกาฬ,มาตรฐาน SAN,2024-08-14,หมดอายุ
ร้านน้ำปั่นน้องไอดินไอโพน,ร้านเครื่องดื่ม,คำนาดี,เมืองบึงกาฬ,บึงกาฬ,มาตรฐาน SAN,2024-08-14,หมดอายุ
แม่ลำใย,ร้านจำหน่ายอาหาร,คำนาดี,เมืองบึงกาฬ,บึงกาฬ,มาตรฐาน SAN,2024-08-14,หมดอายุ
เพิ่มอำนวย,ร้านจำหน่ายอาหาร,คำนาดี,เมืองบึงกาฬ,บึงกาฬ,SAN PLUS,2024-07-17,หมดอายุ
สำราญ,ร้านจำหน่ายอาหาร,คำนาดี,เมืองบึงกาฬ,บึงกาฬ,SAN,2024-08-14,ไม่ผ่านเกณฑ์
บุญธิดา,ร้านจำหน่ายอาหาร,คำนาดี,เมืองบึงกาฬ,บึงกาฬ,มาตรฐาน SAN,2024-08-14,หมดอายุ
แม่นิด,ร้านจำหน่ายอาหาร,คำนาดี,เมืองบึงกาฬ,บึงกาฬ,SAN,2024-08-14,ไม่ผ่านเกณฑ์
ส้มตำยายบล,ร้านจำหน่ายอาหาร,หอคำ,เมืองบึงกาฬ,บึงกาฬ,มาตรฐาน SAN,2024-08-08,หมดอายุ
ร้านน้องเฟิร์ส,อื่นๆ,คำนาดี,เมืองบึงกาฬ,บึงกาฬ,มาตรฐาน SAN,2024-08-14,หมดอายุ
ทรัพย์ทวี,ร้านจำหน่ายอาหาร,คำนาดี,เมืองบึงกาฬ,บึงกาฬ,SAN,2024-08-14,ไม่ผ่านเกณฑ์
ร้าน ภูทอง มินิมาร์มท,ร้านจำหน่ายอาหาร,คำนาดี,เมืองบึงกาฬ,บึงกาฬ,มาตรฐาน SAN,2024-08-14,หมดอายุ
แม่นาง,ร้านจำหน่ายอาหาร,คำนาดี,เมืองบึงกาฬ,บึงกาฬ,มาตรฐาน SAN,2024-08-14,หมดอายุ
นาคาวิว,ร้านจำหน่ายอาหาร,โพธิ์หมากแข้ง,บึงโขงหลง,บึงกาฬ,SAN,2024-08-09,ไม่ผ่านเกณฑ์
เอกอาหารตามสั่ง,ร้านจำหน่ายอาหาร,ดงบัง,บึงโขงหลง,บึงกาฬ,มาตรฐาน SAN,2024-08-09,หมดอายุ
กนกวรรณอาหารตามสั่ง,ร้านจำหน่ายอาหาร,ดงบัง,บึงโขงหลง,บึงกาฬ,SAN,2024-08-09,ไม่ผ่านเกณฑ์
ศิริมาศอาหารตามสั่ง,ร้านจำหน่ายอาหาร,ดงบัง,บึงโขงหลง,บึงกาฬ,SAN,2024-08-09,ไม่ผ่านเกณฑ์
แม่ตอมส้มตำไก่ย่าง,ร้านจำหน่ายอาหาร,ดงบัง,บึงโขงหลง,บึงกาฬ,SAN,2024-08-09,ไม่ผ่านเกณฑ์
แม่ขวัญจิตอาหารตามสั่ง,ร้านจำหน่ายอาหาร,ดงบัง,บึงโขงหลง,บึงกาฬ,SAN,2024-08-09,ไม่ผ่านเกณฑ์
แม่พรมมาก๋วยเตี๋ยวส้มตำ,ร้านจำหน่ายอาหาร,ดงบัง,บึงโขงหลง,บึงกาฬ,มาตรฐาน SAN,2024-08-09,หมดอายุ
ศรีสุวรรณ์,ร้านจำหน่ายอาหาร,บึงโขงหลง,บึงโขงหลง,บึงกาฬ,SAN,2024-08-09,ไม่ผ่านเกณฑ์
คณิตลาบเป็ด,ร้านจำหน่ายอาหาร,โพธิ์หมากแข้ง,บึงโขงหลง,บึงกาฬ,มาตรฐาน SAN,2024-08-09,หมดอายุ
ผดุง,ร้านจำหน่ายอาหาร,โพธิ์หมากแข้ง,บึงโขงหลง,บึงกาฬ,SAN,2024-08-09,ไม่ผ่านเกณฑ์
แม่หอมอ่อนก๋วยเตี๋ยว,ร้านจำหน่ายอาหาร,โพธิ์หมากแข้ง,บึงโขงหลง,บึงกาฬ,SAN,2024-08-09,ไม่ผ่านเกณฑ์
ครัวรสดี,ร้านจำหน่ายอาหาร,โพธิ์หมากแข้ง,บึงโขงหลง,บึงกาฬ,SAN,2025-07-30,รับรอง
ก๋วยเตี๋ยว 15บาท,ร้านจำหน่ายอาหาร,โพธิ์หมากแข้ง,บึงโขงหลง,บึงกาฬ,SAN,2024-08-09,ไม่ผ่านเกณฑ์
กาแฟพันธุ์ไทย,ร้านเครื่องดื่ม,บึงกาฬ,เมืองบึงกาฬ,บึงกาฬ,SAN,2025-06-30,รับรอง
ก๋วยเตี๋ยวเหลียวหลัง,ร้านจำหน่ายอาหาร,วิศิษฐ์,เมืองบึงกาฬ,บึงกาฬ,SAN,2024-08-14,ไม่ผ่านเกณฑ์
อิ่ม-อร่อย,ร้านจำหน่ายอาหาร,หอคำ,เมืองบึงกาฬ,บึงกาฬ,มาตรฐาน SAN,2024-08-14,หมดอายุ
ร้านก๋วยเตี๋ยวเทวดา,ร้านจำหน่ายอาหาร,โนนสมบูรณ์,เมืองบึงกาฬ,บึงกาฬ,มาตรฐาน SAN,2024-08-14,หมดอายุ
ณภัทร ร้านค้า,ร้านจำหน่ายอาหาร,คำนาดี,เมืองบึงกาฬ,บึงกาฬ,SAN,2024-08-14,ไม่ผ่านเกณฑ์
ร้านเจ้ทึ่ม,ร้านจำหน่ายอาหาร,โซ่,โซ่พิสัย,บึงกาฬ,SAN,2024-10-21,รับรอง
ร้านครัวสเต็กลุงหน่อย,ร้านจำหน่ายอาหาร,โซ่,โซ่พิสัย,บึงกาฬ,SAN,2024-10-22,ไม่ผ่านเกณฑ์
ล้านเรา,ร้านจำหน่ายอาหาร,เซกา,เซกา,บึงกาฬ,SAN,2025-06-30,ไม่ผ่านเกณฑ์
Abeleoffee,ร้านเครื่องดื่ม,เซกา,เซกา,บึงกาฬ,SAN,2025-06-30,ไม่ผ่านเกณฑ์
ส้มตำหวานใจ,ร้านจำหน่ายอาหาร,เซกา,เซกา,บึงกาฬ,SAN,2025-06-30,ไม่ผ่านเกณฑ์
Cafe Amazon,ร้านเครื่องดื่ม,เซกา,เซกา,บึงกาฬ,SAN,2025-06-30,ไม่ผ่านเกณฑ์
ร้านเดอะคอนเนอร์,ร้านจำหน่ายอาหาร,เซกา,เซกา,บึงกาฬ,SAN,2025-06-30,ไม่ผ่านเกณฑ์
ครัวคุณหลง,ร้านจำหน่ายอาหาร,ดอนหญ้านาง,พรเจริญ,บึงกาฬ,SAN,2025-07-30,ไม่ผ่านเกณฑ์
ร้านอาหารครัวระเบียงไม้,ร้านจำหน่ายอาหาร,พรเจริญ,พรเจริญ,บึงกาฬ,SAN,2025-07-25,ไม่ผ่านเกณฑ์
U-Tuan-Bar,ร้านจำหน่ายอาหาร,พรเจริญ,พรเจริญ,บึงกาฬ,SAN,2025-07-25,ไม่ผ่านเกณฑ์
ครัวสี่แยก,ร้านจำหน่ายอาหาร,พรเจริญ,พรเจริญ,บึงกาฬ,SAN,2025-07-25,ไม่ผ่านเกณฑ์
ร้านก๋วยเตี๋ยวยายนาง,อื่นๆ,พรเจริญ,พรเจริญ,บึงกาฬ,SAN,2025-04-04,รับรอง
ตั้งโต๊ะ,ร้านจำหน่ายอาหาร,พรเจริญ,พรเจริญ,บึงกาฬ,SAN,2025-04-04,รับรอง
ร้านก๋วยเตี๋ยวแม่องุ่น,ร้านจำหน่ายอาหาร,พรเจริญ,พรเจริญ,บึงกาฬ,SAN,2025-04-04,รับรอง
ส้มตำยวยทอง,ร้านจำหน่ายอาหาร,พรเจริญ,พรเจริญ,บึงกาฬ,SAN,2025-04-04,รับรอง
ร้านตำมั่วยายเมฆ,ร้านจำหน่ายอาหาร,พรเจริญ,พรเจริญ,บึงกาฬ,SAN,2025-04-04,รับรอง
บัวลอยตามสั่ง,ร้านจำหน่ายอาหาร,พรเจริญ,พรเจริญ,บึงกาฬ,SAN,2025-04-04,รับรอง
ร้านก๋วยเตี๋ยวยายนาง,ร้านจำหน่ายอาหาร,พรเจริญ,พรเจริญ,บึงกาฬ,SAN,2025-04-04,รับรอง
เจ้ดาอาหารตามสั่ง,ร้านจำหน่ายอาหาร,พรเจริญ,พรเจริญ,บึงกาฬ,SAN,2025-04-04,รับรอง
ต้มเส้นแม่แต๋ว,ร้านจำหน่ายอาหาร,พรเจริญ,พรเจริญ,บึงกาฬ,SAN,2025-04-04,รับรอง
ครัวแม่พิมพ์,ร้านจำหน่ายอาหาร,ไคสี,เมืองบึงกาฬ,บึงกาฬ,SAN,2025-07-29,ไม่ผ่านเกณฑ์
นัดฏิมากร ก๋วยเตี๋ยว,ร้านจำหน่ายอาหาร,หนองหัวช้าง,พรเจริญ,บึงกาฬ,SAN,2025-07-29,ไม่ผ่านเกณฑ์
สุภนิดา ,ร้านจำหน่ายอาหาร,หนองหัวช้าง,พรเจริญ,บึงกาฬ,SAN,2025-04-05,รับรอง
ก๋วยเตี๋ยวเรือเกาะหลัก,ร้านจำหน่ายอาหาร,หนองหัวช้าง,พรเจริญ,บึงกาฬ,SAN,2025-04-05,รับรอง
ก๋วยเตี๋ยวเรือนายนพ,ร้านจำหน่ายอาหาร,หนองหัวช้าง,พรเจริญ,บึงกาฬ,SAN,2025-04-05,รับรอง
นิตยา ตามสั่ง,ร้านจำหน่ายอาหาร,หนองหัวช้าง,พรเจริญ,บึงกาฬ,SAN,2025-04-05,รับรอง
ชาบ้านกระต่ายเมี่ยงปลาเผา,ร้านจำหน่ายอาหาร,บึงกาฬ,เมืองบึงกาฬ,บึงกาฬ,SAN,2025-04-05,รับรอง
ไทไทก๋วยเตี๋ยวเป็ด,ร้านจำหน่ายอาหาร,บึงกาฬ,เมืองบึงกาฬ,บึงกาฬ,SAN,2025-07-30,ไม่ผ่านเกณฑ์
นกก๋วยเตี๋ยวเรือ,ร้านจำหน่ายอาหาร,บึงกาฬ,เมืองบึงกาฬ,บึงกาฬ,SAN,2025-07-30,ไม่ผ่านเกณฑ์
ร้านไออุ่นเนื้อสด,อื่นๆ,บึงกาฬ,เมืองบึงกาฬ,บึงกาฬ,SAN,2025-07-30,ไม่ผ่านเกณฑ์
ร้านจำนงค์,ร้านจำหน่ายอาหาร,บึงกาฬ,เมืองบึงกาฬ,บึงกาฬ,SAN,2025-07-30,ไม่ผ่านเกณฑ์
ร้านพิทักษ์,ร้านจำหน่ายอาหาร,บึงกาฬ,เมืองบึงกาฬ,บึงกาฬ,SAN,2025-07-30,ไม่ผ่านเกณฑ์
ร้านน้อยก๋วยเตี๋ยวเนื้อตุ๋น,ร้านจำหน่ายอาหาร,บึงกาฬ,เมืองบึงกาฬ,บึงกาฬ,SAN,2025-07-30,ไม่ผ่านเกณฑ์
ร้านอาหารพรพิศ,ร้านจำหน่ายอาหาร,ศรีชมภู,พรเจริญ,บึงกาฬ,SAN,2025-07-30,ไม่ผ่านเกณฑ์
ร้านก๋วยเตี๋ยวแม่ขัน,ร้านจำหน่ายอาหาร,ศรีชมภู,พรเจริญ,บึงกาฬ,SAN,2025-07-30,ไม่ผ่านเกณฑ์
ก๋วยเตี๋ยวดาวเรือง,ร้านจำหน่ายอาหาร,ศรีชมภู,พรเจริญ,บึงกาฬ,SAN,2025-07-30,ไม่ผ่านเกณฑ์
ร้านเตี๋ยวเจ้ยูร,ร้านจำหน่ายอาหาร,ศรีชมภู,พรเจริญ,บึงกาฬ,SAN,2025-07-30,ไม่ผ่านเกณฑ์
ร้านส้มตำยายกว้าง,ร้านจำหน่ายอาหาร,ศรีชมภู,พรเจริญ,บึงกาฬ,SAN,2025-07-30,ไม่ผ่านเกณฑ์
ร้านลาบแซ่บสะเดิด,ร้านจำหน่ายอาหาร,ดอนหญ้านาง,พรเจริญ,บึงกาฬ,SAN,2025-07-30,ไม่ผ่านเกณฑ์
ร้านแม่อึ่ง คำภู,ร้านจำหน่ายอาหาร,ดอนหญ้านาง,พรเจริญ,บึงกาฬ,SAN,2025-07-30,ไม่ผ่านเกณฑ์
ก๋วยเตี๋ยวร้านซ่อม,ร้านจำหน่ายอาหาร,หนองเลิง,เมืองบึงกาฬ,บึงกาฬ,SAN,2025-08-01,ไม่ผ่านเกณฑ์
ร้านก๋วยเตี๋ยวแม่หนูเตียง,ร้านจำหน่ายอาหาร,หนองเลิง,เมืองบึงกาฬ,บึงกาฬ,SAN,2025-08-01,ไม่ผ่านเกณฑ์
ร้านมาลีวรรณ,ร้านจำหน่ายอาหาร,ศรีสำราญ,พรเจริญ,บึงกาฬ,SAN,2025-06-25,รับรอง
กุยกุยจังก๋วยเตี๋ยวไก่มะระ,ร้านจำหน่ายอาหาร,ศรีสำราญ,พรเจริญ,บึงกาฬ,SAN,2025-04-22,รับรอง
สมภารไก่หมุน,ร้านจำหน่ายอาหาร,ไคสี,เมืองบึงกาฬ,บึงกาฬ,SAN,2025-08-05,ไม่ผ่านเกณฑ์
ครัววังชมภู,ร้านจำหน่ายอาหาร,วังชมภู,พรเจริญ,บึงกาฬ,SAN,2025-08-15,ไม่ผ่านเกณฑ์
ร้านน้องอาย,ร้านจำหน่ายอาหาร,วังชมภู,พรเจริญ,บึงกาฬ,SAN,2025-07-15,รับรอง
ร้านก๋วยเตี๋ยวภูไท,ร้านจำหน่ายอาหาร,วังชมภู,พรเจริญ,บึงกาฬ,SAN,2025-08-15,ไม่ผ่านเกณฑ์
ร้านแม่แต๋ว,ร้านจำหน่ายอาหาร,วังชมภู,พรเจริญ,บึงกาฬ,SAN,2025-08-15,ไม่ผ่านเกณฑ์
ร้านเฟิร์นแอนด์ฟิว,ร้านจำหน่ายอาหาร,วังชมภู,พรเจริญ,บึงกาฬ,SAN,2025-08-15,ไม่ผ่านเกณฑ์
ครัวลุงยักษ์,ศูนย์อาหาร,บึงกาฬ,เมืองบึงกาฬ,บึงกาฬ,SAN,2025-08-25,ไม่ผ่านเกณฑ์
ร้านน้องปิ่น,ศูนย์อาหาร,บึงกาฬ,เมืองบึงกาฬ,บึงกาฬ,SAN,2025-05-14,รับรอง
