name,type,subdistrict,district,province,standard,approve_date,status
บ้านบนสัน,ร้านจำหน่ายอาหาร,แม่จะเรา,แม่ระมาด,ตาก,SAN,2025-02-27,ไม่ผ่านเกณฑ์
สวนอาหารกวางตุ้ง,สวนอาหาร,แม่สอด,แม่สอด,ตาก,SAN,2025-01-30,ไม่ผ่านเกณฑ์
บ้านเคียงน้ำ,ร้านจำหน่ายอาหาร,ป่ามะม่วง,เมืองตาก,ตาก,SAN,2025-02-27,ไม่ผ่านเกณฑ์
เถียงนา คอฟฟี่ แอนด์ เบเกอรี่ ฟาร์ม,ร้านจำหน่ายอาหาร,ไม้งาม,เมืองตาก,ตาก,SAN,2025-02-27,ไม่ผ่านเกณฑ์
ช่อม่วง,ร้านจำหน่ายอาหาร,แม่ปะ,แม่สอด,ตาก,SAN,2025-01-31,ไม่ผ่านเกณฑ์
บ้านผักรักตะวัน,ร้านจำหน่ายอาหาร,แม่ท้อ,เมืองตาก,ตาก,SAN,2024-07-18,ไม่ผ่านเกณฑ์
ครัวคุณนาย,ร้านจำหน่ายอาหาร,แม่ปะ,แม่สอด,ตาก,SAN,2025-01-27,ไม่ผ่านเกณฑ์
ร้านปีกไม้,ร้านจำหน่ายอาหาร,ป่ามะม่วง,เมืองตาก,ตาก,SAN,2025-02-02,ไม่ผ่านเกณฑ์
ร้านบ้านเพื่อน,ร้านจำหน่ายอาหาร,น้ำรึม,เมืองตาก,ตาก,มาตรฐาน SAN,2025-02-27,หมดอายุ
ร้านปลาสดเมืองฉอด,ร้านจำหน่ายอาหาร,แม่ปะ,แม่สอด,ตาก,SAN,2025-01-31,ไม่ผ่านเกณฑ์
ภูชิว,ร้านจำหน่ายอาหาร,แม่กาษา,แม่สอด,ตาก,SAN,2024-07-18,ไม่ผ่านเกณฑ์
วิวดอย,ร้านจำหน่ายอาหาร,แม่กาษา,แม่สอด,ตาก,SAN,2025-07-14,รับรอง
วิวดอย,ร้านจำหน่ายอาหาร,แม่กาษา,แม่สอด,ตาก,SAN,2025-01-31,ไม่ผ่านเกณฑ์
ครัวคุณนาย,ร้านจำหน่ายอาหาร,แม่ปะ,แม่สอด,ตาก,มาตรฐาน SAN,2025-01-31,หมดอายุ
สวนอาหารกวางตุ้ง,สวนอาหาร,แม่สอด,แม่สอด,ตาก,SAN,2025-01-30,ไม่ผ่านเกณฑ์
วิวดอย,ร้านจำหน่ายอาหาร,แม่กาษา,แม่สอด,ตาก,SAN PLUS,2024-11-06,รับรอง
หลงนา,ร้านจำหน่ายอาหาร,แม่กาษา,แม่สอด,ตาก,SAN PLUS,2024-11-06,รับรอง
วิวดอย,ร้านจำหน่ายอาหาร,แม่กาษา,แม่สอด,ตาก,SAN,2025-01-31,ไม่ผ่านเกณฑ์
ร้าน Asa teabar and eatery,ร้านจำหน่ายอาหาร,แม่สอด,แม่สอด,ตาก,SAN,2025-01-31,ไม่ผ่านเกณฑ์
เกดถะหวา,ร้านจำหน่ายอาหาร,แม่สอด,แม่สอด,ตาก,SAN,2025-01-31,ไม่ผ่านเกณฑ์
Rosewood cafe & Bistro,ร้านจำหน่ายอาหาร,แม่สอด,แม่สอด,ตาก,SAN,2025-01-31,ไม่ผ่านเกณฑ์
ห้องอาหารโรงแรมเดอะทีค,อื่นๆ,แม่สอด,แม่สอด,ตาก,SAN,2025-01-31,ไม่ผ่านเกณฑ์
บ.กุ้งเผา,ร้านจำหน่ายอาหาร,แม่สอด,แม่สอด,ตาก,SAN,2025-01-31,ไม่ผ่านเกณฑ์
ร้านมูกัลเรสเตอรอง,ภัตาคาร,แม่สอด,แม่สอด,ตาก,SAN,2025-01-31,ไม่ผ่านเกณฑ์
ห้องอาหารโรงแรมเซ็นทารา ไลฟ์ แม่สอด,อื่นๆ,แม่สอด,แม่สอด,ตาก,มาตรฐาน SAN,2025-01-31,หมดอายุ
ขนมจีนขยุ้มคุณน้อย,ร้านจำหน่ายอาหาร,แม่สอด,แม่สอด,ตาก,SAN,2025-01-31,ไม่ผ่านเกณฑ์
ร้านป้าองุ่นก๋วยเตี๋ยวไทยโบราณ,ร้านจำหน่ายอาหาร,แม่สอด,แม่สอด,ตาก,มาตรฐาน SAN,2025-02-02,หมดอายุ
ร้านบ้านหินโค้ว,ร้านจำหน่ายอาหาร,หนองบัวเหนือ,เมืองตาก,ตาก,SAN,2025-06-18,รับรอง
ครัวจักรกะพัทธ,ร้านจำหน่ายอาหาร,หัวเดียด,เมืองตาก,ตาก,SAN,2025-02-27,ไม่ผ่านเกณฑ์
ร้านอาหารพรชัย2,ร้านจำหน่ายอาหาร,แม่สอด,แม่สอด,ตาก,มาตรฐาน SAN,2025-02-04,หมดอายุ
ร้านซารีฟะห์ไก่ทอด สาขา2,ร้านจำหน่ายอาหาร,แม่สอด,แม่สอด,ตาก,มาตรฐาน SAN,2025-02-04,หมดอายุ
ร้านปลาสด2,ร้านจำหน่ายอาหาร,แม่สอด,แม่สอด,ตาก,มาตรฐาน SAN,2025-02-04,หมดอายุ
345 studio,ร้านจำหน่ายอาหาร,แม่สอด,แม่สอด,ตาก,มาตรฐาน SAN,2025-02-04,หมดอายุ
Coffee room at Maesod,ร้านจำหน่ายอาหาร,แม่สอด,แม่สอด,ตาก,SAN PLUS,2025-07-16,รับรอง
ร้านปังใหญ่,ร้านจำหน่ายอาหาร,แม่สอด,แม่สอด,ตาก,มาตรฐาน SAN,2025-02-04,หมดอายุ
ร้านเอบิสึ ราเมน,ร้านจำหน่ายอาหาร,แม่สอด,แม่สอด,ตาก,SAN,2025-02-04,ไม่ผ่านเกณฑ์
ร้านข้าวมันไก่,ร้านจำหน่ายอาหาร,แม่สอด,แม่สอด,ตาก,SAN,2025-02-04,ไม่ผ่านเกณฑ์
เอ็นเอ็นก๋วยเตี๋ยวเป็ด,ร้านจำหน่ายอาหาร,แม่สอด,แม่สอด,ตาก,มาตรฐาน SAN,2025-02-04,หมดอายุ
ร้านคาโอริ,ร้านจำหน่ายอาหาร,แม่สอด,แม่สอด,ตาก,มาตรฐาน SAN,2025-02-04,หมดอายุ
ครัวคุณนันทา,ร้านจำหน่ายอาหาร,พระธาตุผาแดง,แม่สอด,ตาก,มาตรฐาน SAN,2025-02-05,หมดอายุ
ร้านลาบป้านอม 1,ร้านจำหน่ายอาหาร,พระธาตุผาแดง,แม่สอด,ตาก,SAN,2025-03-05,รับรอง
ร้านครัวการีม ฮาล้าลฟูด,ร้านจำหน่ายอาหาร,แม่สอด,แม่สอด,ตาก,SAN,2024-08-26,รับรอง
ร้านหมูกระทะบอกต่อ,ร้านบุฟเฟ่ต์ (ปิ้งย่าง/ชาบู/สุกี้),พระธาตุผาแดง,แม่สอด,ตาก,SAN,2025-03-04,รับรอง
บริษัท เซ็นทรัล ฟู้ด รีเทล จำกัด สาขาแม่สอด  ,อื่นๆ,แม่สอด,แม่สอด,ตาก,SAN,2025-05-07,รับรอง
