name,type,subdistrict,district,province,standard,approve_date,status
ร้านอาหาร10/6,ร้านจำหน่ายอาหาร,ตลาดหลวง,เมืองอ่างทอง,อ่างทอง,SAN,2023-03-13,ไม่ผ่านเกณฑ์
ร้านเล็กบ้านรอ,ร้านจำหน่ายอาหาร,บางแก้ว,เมืองอ่างทอง,อ่างทอง,SAN,2023-03-13,ไม่ผ่านเกณฑ์
Flamingo,ร้านจำหน่ายอาหาร,บางแก้ว,เมืองอ่างทอง,อ่างทอง,SAN,2023-03-13,ไม่ผ่านเกณฑ์
ร้านสี่แยกปากหวาน,ร้านจำหน่ายอาหาร,ตลาดหลวง,เมืองอ่างทอง,อ่างทอง,SAN,2023-03-13,ไม่ผ่านเกณฑ์
ร้อยกระทะ,ร้านบุฟเฟ่ต์ (ปิ้งย่าง/ชาบู/สุกี้),โคกพุทรา,โพธิ์ทอง,อ่างทอง,SAN,2025-07-02,รับรอง
เรือนรับขวัญ,ร้านจำหน่ายอาหาร,บางจัก,วิเศษชัยชาญ,อ่างทอง,มาตรฐาน SAN,2023-05-24,หมดอายุ
ร้านอาหารวันอังคาร,ร้านจำหน่ายอาหาร,มหาดไทย,เมืองอ่างทอง,อ่างทอง,มาตรฐาน SAN,2025-03-13,หมดอายุ
ร้านอาหารกำธร,ภัตาคาร,ศาลาแดง,เมืองอ่างทอง,อ่างทอง,SAN,2023-05-30,ไม่ผ่านเกณฑ์
ส้มตำเก้าแยก,ร้านจำหน่ายอาหาร,หัวไผ่,เมืองอ่างทอง,อ่างทอง,มาตรฐาน SAN,2023-06-07,หมดอายุ
ปากหม้อ ย่านซื่อ,ร้านจำหน่ายอาหาร,ย่านซื่อ,เมืองอ่างทอง,อ่างทอง,มาตรฐาน SAN,2023-06-07,หมดอายุ
ร้านอาหารบ้านตาสืบ,ร้านจำหน่ายอาหาร,ย่านซื่อ,เมืองอ่างทอง,อ่างทอง,มาตรฐาน SAN,2023-06-06,หมดอายุ
ร้านอาหารบอกต่อ,ร้านจำหน่ายอาหาร,บ้านแห,เมืองอ่างทอง,อ่างทอง,มาตรฐาน SAN,2024-08-08,หมดอายุ
บ้านสวนผักยิ้ม,อื่นๆ,ห้วยคันแหลน,วิเศษชัยชาญ,อ่างทอง,SAN PLUS,2025-02-18,รับรอง
สวนอาหารเรือนพูลทอง,สวนอาหาร,ตลาดกรวด,เมืองอ่างทอง,อ่างทอง,SAN,2025-01-31,รับรอง
ร้านตาวอนอาหารป่า,ร้านจำหน่ายอาหาร,โผงเผง,ป่าโมก,อ่างทอง,SAN,2023-06-23,ไม่ผ่านเกณฑ์
เวลาดีดีหมูกระทะ,อื่นๆ,ศรีพราน,แสวงหา,อ่างทอง,SAN,2025-04-08,รับรอง
ครัวลุงนม,ร้านจำหน่ายอาหาร,โรงช้าง,ป่าโมก,อ่างทอง,SAN,2025-01-22,รับรอง
เจ๊นงค์,ร้านจำหน่ายอาหาร,สามโก้,สามโก้,อ่างทอง,มาตรฐาน SAN,2023-07-14,หมดอายุ
ร้านใบบุญ,ร้านจำหน่ายอาหาร,หัวไผ่,เมืองอ่างทอง,อ่างทอง,SAN,2025-05-04,รับรอง
ร้านยายเทือง,ร้านจำหน่ายอาหาร,อ่างแก้ว,โพธิ์ทอง,อ่างทอง,SAN,2025-06-06,รับรอง
ร้านสีส้ม,ร้านเครื่องดื่ม,จรเข้ร้อง,ไชโย,อ่างทอง,SAN,2024-11-26,ไม่ผ่านเกณฑ์
บะหมี่นายช่าง,อื่นๆ,จรเข้ร้อง,ไชโย,อ่างทอง,SAN,2025-08-04,รับรอง
นัทพบ,ร้านจำหน่ายอาหาร,อ่างแก้ว,โพธิ์ทอง,อ่างทอง,SAN,2023-07-20,ไม่ผ่านเกณฑ์
kkN by ครัวคุณเหนียม,ร้านจำหน่ายอาหาร,อ่างแก้ว,โพธิ์ทอง,อ่างทอง,มาตรฐาน SAN,2023-07-20,หมดอายุ
ร้านตั้งตังอา,ร้านจำหน่ายอาหาร,อ่างแก้ว,โพธิ์ทอง,อ่างทอง,SAN,2023-07-20,ไม่ผ่านเกณฑ์
ร้านส้มตำครุเต้ย,ร้านจำหน่ายอาหาร,อ่างแก้ว,โพธิ์ทอง,อ่างทอง,มาตรฐาน SAN,2023-07-20,หมดอายุ
ร้านครัวอัมพร(ก๋วยเตี๋ยวเรืออยุธยา),ร้านจำหน่ายอาหาร,อ่างแก้ว,โพธิ์ทอง,อ่างทอง,SAN,2023-07-20,ไม่ผ่านเกณฑ์
ก๋วยเตี๋ยวหม้อดิน,ร้านจำหน่ายอาหาร,อ่างแก้ว,โพธิ์ทอง,อ่างทอง,SAN,2023-07-20,ไม่ผ่านเกณฑ์
ร้าส้มตำแม่กองพัน,ร้านจำหน่ายอาหาร,อ่างแก้ว,โพธิ์ทอง,อ่างทอง,SAN,2023-07-20,ไม่ผ่านเกณฑ์
ร้านลาบเป็ดร้อยเอ็ด,ร้านจำหน่ายอาหาร,อ่างแก้ว,โพธิ์ทอง,อ่างทอง,มาตรฐาน SAN,2023-07-20,หมดอายุ
ร้านหมูกะทะ 168,ร้านบุฟเฟ่ต์ (ปิ้งย่าง/ชาบู/สุกี้),อ่างแก้ว,โพธิ์ทอง,อ่างทอง,SAN,2023-07-20,ไม่ผ่านเกณฑ์
ร้านเจ๊แว่นข้าวมันไก่,ร้านจำหน่ายอาหาร,อ่างแก้ว,โพธิ์ทอง,อ่างทอง,SAN,2025-06-25,รับรอง
ร้านก๋วยเตี๋ยวเป็ด,ร้านจำหน่ายอาหาร,อ่างแก้ว,โพธิ์ทอง,อ่างทอง,SAN,2023-07-20,ไม่ผ่านเกณฑ์
ร้านข้าวมันไก่ 30,ร้านจำหน่ายอาหาร,อ่างแก้ว,โพธิ์ทอง,อ่างทอง,SAN,2025-01-13,รับรอง
ร้านก๋วยเตี๋ยวต้มยำชามโต,ร้านจำหน่ายอาหาร,อ่างแก้ว,โพธิ์ทอง,อ่างทอง,SAN,2025-01-13,รับรอง
ครัวกลางทุ่ง,ร้านจำหน่ายอาหาร,สามโก้,สามโก้,อ่างทอง,SAN,2025-05-05,รับรอง
บะหมี่เกี๊ยวเฮียฮั๊ว,ร้านจำหน่ายอาหาร,ศาลเจ้าโรงทอง,วิเศษชัยชาญ,อ่างทอง,SAN,2025-01-13,รับรอง
ร้านป้าณี ซอย 7,ร้านจำหน่ายอาหาร,ไผ่จำศีล,วิเศษชัยชาญ,อ่างทอง,SAN,2025-05-05,รับรอง
นางสร้อยสอางค์ วงษ์คูณ,ร้านจำหน่ายอาหาร,จรเข้ร้อง,ไชโย,อ่างทอง,มาตรฐาน SAN,2024-11-26,หมดอายุ
ร้านขนมจีน ณ อ่างทอง,ร้านจำหน่ายอาหาร,จรเข้ร้อง,ไชโย,อ่างทอง,มาตรฐาน SAN,2024-11-26,หมดอายุ
แม่เจี๊ยบซ่าส์,ร้านจำหน่ายอาหาร,ป่าโมก,ป่าโมก,อ่างทอง,SAN,2025-05-07,รับรอง
ครัวคุณจุ๋ม,ร้านจำหน่ายอาหาร,ย่านซื่อ,เมืองอ่างทอง,อ่างทอง,SAN,2025-05-07,รับรอง
ครัวบ้านไชโย,ร้านจำหน่ายอาหาร,ชัยฤทธิ์,ไชโย,อ่างทอง,SAN,2024-11-22,ไม่ผ่านเกณฑ์
ร้านป้าสุนันท์,ร้านจำหน่ายอาหาร,สามโก้,สามโก้,อ่างทอง,SAN,2025-01-13,รับรอง
ร้านสุภาภรณ์,ร้านจำหน่ายอาหาร,สามโก้,สามโก้,อ่างทอง,SAN,2025-01-13,รับรอง
ปังปัง,ร้านจำหน่ายอาหาร,โรงช้าง,ป่าโมก,อ่างทอง,SAN,2023-07-13,ไม่ผ่านเกณฑ์
ปิ่นโต,ร้านจำหน่ายอาหาร,ป่าโมก,ป่าโมก,อ่างทอง,SAN,2024-12-04,รับรอง
ร้านป้าสำรวย,อื่นๆ,สามโก้,สามโก้,อ่างทอง,SAN,2023-07-14,ไม่ผ่านเกณฑ์
ร้านข้าวต้มแม่มณี,ร้านจำหน่ายอาหาร,บางปลากด,ป่าโมก,อ่างทอง,SAN,2025-06-16,รับรอง
หอยกระทะทรัพย์นรสิงห์,ร้านจำหน่ายอาหาร,ป่าโมก,ป่าโมก,อ่างทอง,มาตรฐาน SAN,2025-02-28,หมดอายุ
ร้านเจ้รอดข้าวมันไก่,ร้านจำหน่ายอาหาร,ป่าโมก,ป่าโมก,อ่างทอง,SAN,2023-07-25,ไม่ผ่านเกณฑ์
อิ่มสุขหมูกระทะ,ร้านจำหน่ายอาหาร,ป่าโมก,ป่าโมก,อ่างทอง,SAN,2023-07-25,ไม่ผ่านเกณฑ์
ครัวนาวา,ร้านจำหน่ายอาหาร,ป่าโมก,ป่าโมก,อ่างทอง,SAN,2025-02-28,ไม่ผ่านเกณฑ์
น้อยหมูน้ำตก,ร้านจำหน่ายอาหาร,ป่าโมก,ป่าโมก,อ่างทอง,SAN,2025-04-11,รับรอง
พัชรี อาหารตามสั่ง,ร้านจำหน่ายอาหาร,อ่างแก้ว,โพธิ์ทอง,อ่างทอง,SAN,2023-07-20,ไม่ผ่านเกณฑ์
บุบผาอาหารตามสั่ง,ร้านจำหน่ายอาหาร,อ่างแก้ว,โพธิ์ทอง,อ่างทอง,SAN,2025-05-14,รับรอง
ก๊วยเตี๋ยวยายเอิบ,ร้านจำหน่ายอาหาร,ป่าโมก,ป่าโมก,อ่างทอง,SAN,2023-07-25,ไม่ผ่านเกณฑ์
หลบมุมหมูกระทะ,ร้านบุฟเฟ่ต์ (ปิ้งย่าง/ชาบู/สุกี้),ป่าโมก,ป่าโมก,อ่างทอง,SAN,2025-05-15,รับรอง
เจ๊แหววก๋วยเตี๋ยวโบราณ,ร้านจำหน่ายอาหาร,ป่าโมก,ป่าโมก,อ่างทอง,SAN,2023-07-25,ไม่ผ่านเกณฑ์
Pizza A.T. garden,ร้านจำหน่ายอาหาร,ป่าโมก,ป่าโมก,อ่างทอง,SAN,2023-07-25,ไม่ผ่านเกณฑ์
ร้านเตี๋ยวเรือ​ยุ​ด​ยา​สาขา​อ่างทอง​,ร้านจำหน่ายอาหาร,โพสะ,เมืองอ่างทอง,อ่างทอง,SAN,2025-02-03,รับรอง
ร้านคุณนิวหมูกระทะ,ร้านบุฟเฟ่ต์ (ปิ้งย่าง/ชาบู/สุกี้),โพสะ,เมืองอ่างทอง,อ่างทอง,SAN,2025-04-25,ไม่ผ่านเกณฑ์
ครัวบ้านสวนอ่างทอง,สวนอาหาร,โพสะ,เมืองอ่างทอง,อ่างทอง,SAN,2023-07-11,ไม่ผ่านเกณฑ์
ไทยลาว,ร้านจำหน่ายอาหาร,โพสะ,เมืองอ่างทอง,อ่างทอง,SAN,2023-07-10,ไม่ผ่านเกณฑ์
ร้านเต็มอิ่มหมูกระทะ@อ่างทอง,ร้านบุฟเฟ่ต์ (ปิ้งย่าง/ชาบู/สุกี้),โพสะ,เมืองอ่างทอง,อ่างทอง,SAN,2023-07-11,ไม่ผ่านเกณฑ์
บ้านระเบียงทองคาเฟ่,ร้านจำหน่ายอาหาร,โพสะ,เมืองอ่างทอง,อ่างทอง,SAN,2023-07-11,ไม่ผ่านเกณฑ์
ศรีนวลเบเกอรี่,ร้านเครื่องดื่ม,บ้านอิฐ,เมืองอ่างทอง,อ่างทอง,SAN,2023-07-12,ไม่ผ่านเกณฑ์
ไก่ย่างดุสิตบุรี,ร้านจำหน่ายอาหาร,ป่าโมก,ป่าโมก,อ่างทอง,SAN,2025-02-28,ไม่ผ่านเกณฑ์
ครัวบางแก้ว,ร้านจำหน่ายอาหาร,บ้านอิฐ,เมืองอ่างทอง,อ่างทอง,มาตรฐาน SAN,2023-07-12,หมดอายุ
หมูตกหม้อ,ร้านจำหน่ายอาหาร,บ้านอิฐ,เมืองอ่างทอง,อ่างทอง,SAN,2025-07-02,รับรอง
ป้าต้อยก๋วยเตี๋ยวเรือ,ร้านจำหน่ายอาหาร,โพสะ,เมืองอ่างทอง,อ่างทอง,SAN,2024-08-05,ไม่ผ่านเกณฑ์
บ้านสำราญกมล,ร้านจำหน่ายอาหาร,,เมืองอ่างทอง,อ่างทอง,SAN,2023-07-13,ไม่ผ่านเกณฑ์
ร้านดำแดง,ร้านจำหน่ายอาหาร,โพสะ,เมืองอ่างทอง,อ่างทอง,SAN,2025-07-29,รับรอง
Home 51 coffee & tree,ร้านเครื่องดื่ม,หัวไผ่,เมืองอ่างทอง,อ่างทอง,SAN,2023-07-13,ไม่ผ่านเกณฑ์
ร้านป้าสุนันท์,อื่นๆ,สามโก้,สามโก้,อ่างทอง,SAN,2023-07-14,ไม่ผ่านเกณฑ์
ร้านเอ็มเค,ภัตาคาร,โพสะ,เมืองอ่างทอง,อ่างทอง,SAN,2023-07-17,ไม่ผ่านเกณฑ์
ร้านเดอะพิซซ่า,ร้านจำหน่ายอาหาร,โพสะ,เมืองอ่างทอง,อ่างทอง,SAN,2025-06-17,รับรอง
DairyQueen,ร้านจำหน่ายอาหาร,,เมืองอ่างทอง,อ่างทอง,SAN,2025-06-17,รับรอง
ศูนย์อาหาร,ศูนย์อาหาร,โพสะ,เมืองอ่างทอง,อ่างทอง,SAN,2023-07-17,ไม่ผ่านเกณฑ์
Yayoi โลตัสอ่างทอง,ร้านจำหน่ายอาหาร,โพสะ,เมืองอ่างทอง,อ่างทอง,SAN,2023-07-17,ไม่ผ่านเกณฑ์
สเซ่นเซ้นท์,ร้านจำหน่ายอาหาร,โพสะ,เมืองอ่างทอง,อ่างทอง,SAN,2023-07-17,ไม่ผ่านเกณฑ์
Mk บิ๊กซีอ่างทอง,ภัตาคาร,โพสะ,เมืองอ่างทอง,อ่างทอง,SAN,2023-07-19,ไม่ผ่านเกณฑ์
Food court Big C,ศูนย์อาหาร,โพสะ,เมืองอ่างทอง,อ่างทอง,SAN,2023-07-19,ไม่ผ่านเกณฑ์
เอสแอนด์พี,ร้านจำหน่ายอาหาร,โพสะ,เมืองอ่างทอง,อ่างทอง,SAN,2023-07-19,ไม่ผ่านเกณฑ์
ชาบูชิ บิ๊กซีอ่างทอง,ร้านบุฟเฟ่ต์ (ปิ้งย่าง/ชาบู/สุกี้),โพสะ,เมืองอ่างทอง,อ่างทอง,SAN,2023-07-19,ไม่ผ่านเกณฑ์
Southern coffee ,ร้านเครื่องดื่ม,โพสะ,เมืองอ่างทอง,อ่างทอง,SAN,2025-01-13,รับรอง
บ้านนอกคอกควาย,ร้านจำหน่ายอาหาร,สามโก้,สามโก้,อ่างทอง,SAN,2023-07-19,ไม่ผ่านเกณฑ์
ร้านตุ๊กตาอาหารตามสั่ง,ร้านจำหน่ายอาหาร,ราษฎรพัฒนา,สามโก้,อ่างทอง,SAN,2023-07-24,ไม่ผ่านเกณฑ์
ร้าน อร่อย เอฟเวรี่เดย์ คาเฟ่  AROY EVERY DAY,ร้านจำหน่ายอาหาร,อ่างแก้ว,โพธิ์ทอง,อ่างทอง,SAN,2024-10-08,รับรอง
ชอนก๋วยเตี๋ยวเรือ,ร้านจำหน่ายอาหาร,อ่างแก้ว,โพธิ์ทอง,อ่างทอง,SAN,2023-07-21,ไม่ผ่านเกณฑ์
ครัวลุงหมึก,ร้านจำหน่ายอาหาร,ศาลเจ้าโรงทอง,วิเศษชัยชาญ,อ่างทอง,SAN,2024-10-22,รับรอง
กาแฟออมบุญ,ร้านจำหน่ายอาหาร,ศาลเจ้าโรงทอง,วิเศษชัยชาญ,อ่างทอง,SAN,2024-10-22,รับรอง
ก๋วยเตี๋ยวไก่มะระเซียนตี๋,ร้านจำหน่ายอาหาร,ศาลเจ้าโรงทอง,วิเศษชัยชาญ,อ่างทอง,SAN,2024-10-22,รับรอง
เป็ดย่างวิเศษ,ร้านจำหน่ายอาหาร,ศาลเจ้าโรงทอง,วิเศษชัยชาญ,อ่างทอง,SAN,2024-09-13,รับรอง
ก๋วยเตี๋ยวไส้เนื้อตี๋เหยาะ,ร้านจำหน่ายอาหาร,ศาลเจ้าโรงทอง,วิเศษชัยชาญ,อ่างทอง,SAN,2025-05-07,ไม่ผ่านเกณฑ์
ก๋วยเตี๋ยวต้มยำวัดช้าง ,ร้านจำหน่ายอาหาร,ศาลเจ้าโรงทอง,วิเศษชัยชาญ,อ่างทอง,SAN,2024-12-03,รับรอง
ข้าวมันไก่ หน้า รพ.,ร้านจำหน่ายอาหาร,ศาลเจ้าโรงทอง,วิเศษชัยชาญ,อ่างทอง,SAN,2023-07-26,ไม่ผ่านเกณฑ์
กาแฟแม่อูคอ,ร้านจำหน่ายอาหาร,ศาลเจ้าโรงทอง,วิเศษชัยชาญ,อ่างทอง,SAN,2025-07-08,รับรอง
ส้มตำกองช้าง,ร้านจำหน่ายอาหาร,ศาลเจ้าโรงทอง,วิเศษชัยชาญ,อ่างทอง,SAN,2024-10-22,รับรอง
ก๋วยเตี๋ยวต้นโพธิ์,ร้านจำหน่ายอาหาร,ศาลเจ้าโรงทอง,วิเศษชัยชาญ,อ่างทอง,SAN,2024-10-22,รับรอง
ครัวพิทักษ์ฟาร์ม,ร้านจำหน่ายอาหาร,ศาลเจ้าโรงทอง,วิเศษชัยชาญ,อ่างทอง,SAN,2025-07-09,รับรอง
ก๋วยเตี๋ยวลืมอิ่ม,ร้านจำหน่ายอาหาร,ศาลเจ้าโรงทอง,วิเศษชัยชาญ,อ่างทอง,SAN,2025-07-07,ไม่ผ่านเกณฑ์
ร้านโจ๊กลุงหงอก สาขา 2,ร้านจำหน่ายอาหาร,ศาลเจ้าโรงทอง,วิเศษชัยชาญ,อ่างทอง,SAN,2025-01-09,รับรอง
คาเฟ่ อเมซอน,ร้านเครื่องดื่ม,ศาลเจ้าโรงทอง,วิเศษชัยชาญ,อ่างทอง,SAN,2025-07-07,ไม่ผ่านเกณฑ์
ฟ้าประทานข้าวมันไก่,ร้านจำหน่ายอาหาร,ศาลเจ้าโรงทอง,วิเศษชัยชาญ,อ่างทอง,SAN,2025-07-07,ไม่ผ่านเกณฑ์
ราดหน้ายอดผักเอ็มไพร์น้องณิชา,ร้านจำหน่ายอาหาร,ศาลเจ้าโรงทอง,วิเศษชัยชาญ,อ่างทอง,SAN,2025-07-15,รับรอง
ข้าวหมูแดง หมูกรอบ,ร้านจำหน่ายอาหาร,ศาลเจ้าโรงทอง,วิเศษชัยชาญ,อ่างทอง,SAN,2025-07-07,ไม่ผ่านเกณฑ์
สวนอาหารย่านซื่อปลาเผา,สวนอาหาร,ย่านซื่อ,เมืองอ่างทอง,อ่างทอง,SAN,2023-08-07,ไม่ผ่านเกณฑ์
หมูสะเต๊ะอยากขาย,ร้านจำหน่ายอาหาร,ศาลเจ้าโรงทอง,วิเศษชัยชาญ,อ่างทอง,มาตรฐาน SAN,2025-07-07,หมดอายุ
เฮือนลำโขง,ร้านจำหน่ายอาหาร,บางพลับ,โพธิ์ทอง,อ่างทอง,SAN,2023-08-09,ไม่ผ่านเกณฑ์
ต้นมะยม,ร้านจำหน่ายอาหาร,บางพลับ,โพธิ์ทอง,อ่างทอง,SAN,2023-08-10,ไม่ผ่านเกณฑ์
ร้านต้อยอาหารตามสั่ง,ร้านจำหน่ายอาหาร,ไผ่จำศีล,วิเศษชัยชาญ,อ่างทอง,SAN,2025-07-07,ไม่ผ่านเกณฑ์
ร้านหมอรวย,ร้านจำหน่ายอาหาร,มหาดไทย,เมืองอ่างทอง,อ่างทอง,SAN,2025-07-25,รับรอง
กว๋ยเตี๋ยวลงแพ,ร้านจำหน่ายอาหาร,ป่าโมก,ป่าโมก,อ่างทอง,SAN,2025-06-19,รับรอง
กว๋ยเตี๋ยวป้าไหม,ร้านจำหน่ายอาหาร,ป่าโมก,ป่าโมก,อ่างทอง,SAN,2025-02-28,ไม่ผ่านเกณฑ์
Brighter Day Cafe & Bistro,ร้านจำหน่ายอาหาร,โพสะ,เมืองอ่างทอง,อ่างทอง,SAN,2025-07-30,รับรอง
ร้านอาหารไก่ชน,ร้านจำหน่ายอาหาร,ป่าโมก,ป่าโมก,อ่างทอง,SAN,2024-07-18,ไม่ผ่านเกณฑ์
ร้านอาหารเสมอใจ,ร้านจำหน่ายอาหาร,ท่าช้าง,วิเศษชัยชาญ,อ่างทอง,SAN,2024-07-16,ไม่ผ่านเกณฑ์
ติดแมว คาเฟ่,ร้านจำหน่ายอาหาร,ท่าช้าง,วิเศษชัยชาญ,อ่างทอง,SAN,2024-07-19,ไม่ผ่านเกณฑ์
KFC สาขาโลตัสอ่างทอง,ร้านจำหน่ายอาหาร,โพสะ,เมืองอ่างทอง,อ่างทอง,มาตรฐาน SAN,2025-02-20,หมดอายุ
อินทนิล สาขาบางจาก ปั๊มน้ำมันไทรทอง,ร้านจำหน่ายอาหาร,โพสะ,เมืองอ่างทอง,อ่างทอง,SAN,2025-01-09,ไม่ผ่านเกณฑ์
ร้านเอชวนชิม,ร้านจำหน่ายอาหาร,หลักฟ้า,ไชโย,อ่างทอง,SAN,2024-11-19,ไม่ผ่านเกณฑ์
ไลลาข้าวหมกไก่,ร้านจำหน่ายอาหาร,หลักฟ้า,ไชโย,อ่างทอง,มาตรฐาน SAN,2024-11-19,หมดอายุ
Tree House Cafe,ร้านจำหน่ายอาหาร,หลักฟ้า,ไชโย,อ่างทอง,SAN,2025-07-13,รับรอง
รุ่งเรืองเมล่อนฟาร์ม,ร้านจำหน่ายอาหาร,หลักฟ้า,ไชโย,อ่างทอง,มาตรฐาน SAN,2024-11-19,หมดอายุ
ก๋วยเตี๋ยวเรือ,ร้านจำหน่ายอาหาร,หลักฟ้า,ไชโย,อ่างทอง,SAN,2024-11-19,ไม่ผ่านเกณฑ์
ซุปหางวัว,ร้านจำหน่ายอาหาร,หลักฟ้า,ไชโย,อ่างทอง,SAN,2024-11-19,ไม่ผ่านเกณฑ์
ร้านโด่งต้มเลือดหมู,ร้านจำหน่ายอาหาร,ราชสถิตย์,ไชโย,อ่างทอง,SAN PLUS,2024-06-19,หมดอายุ
บ้านชม,ร้านจำหน่ายอาหาร,เทวราช,ไชโย,อ่างทอง,SAN,2025-07-08,รับรอง
ก๋วยเตี๋ยวบ้านน้องบิ๊กไบค์,ร้านจำหน่ายอาหาร,เทวราช,ไชโย,อ่างทอง,SAN,2024-11-27,ไม่ผ่านเกณฑ์
ร้านนิตยา,ร้านจำหน่ายอาหาร,ไชยภูมิ,ไชโย,อ่างทอง,SAN,2024-11-27,ไม่ผ่านเกณฑ์
ร้านสมพงษ์,ร้านจำหน่ายอาหาร,ไชยภูมิ,ไชโย,อ่างทอง,SAN,2025-08-19,รับรอง
ร้านวารี,ร้านจำหน่ายอาหาร,ไชยภูมิ,ไชโย,อ่างทอง,มาตรฐาน SAN,2024-11-27,หมดอายุ
ร้านจันทิมา,ร้านจำหน่ายอาหาร,ไชยภูมิ,ไชโย,อ่างทอง,SAN,2025-03-05,รับรอง
ร้านนิสติญา,ร้านจำหน่ายอาหาร,ไชยภูมิ,ไชโย,อ่างทอง,มาตรฐาน SAN,2024-11-27,หมดอายุ
ร้านสมพงษ์,ร้านจำหน่ายอาหาร,ไชยภูมิ,ไชโย,อ่างทอง,มาตรฐาน SAN,2024-11-28,หมดอายุ
ร้านวารี,ร้านจำหน่ายอาหาร,ไชยภูมิ,ไชโย,อ่างทอง,SAN,2025-08-13,รับรอง
อินทร์โตฟาร์ม,ร้านจำหน่ายอาหาร,ศรีพราน,แสวงหา,อ่างทอง,มาตรฐาน SAN,2025-03-19,หมดอายุ
ร้านสมพงษ์,ร้านจำหน่ายอาหาร,ไชยภูมิ,ไชโย,อ่างทอง,มาตรฐาน SAN,2024-12-20,หมดอายุ
ร้านวารี,ร้านจำหน่ายอาหาร,ไชยภูมิ,ไชโย,อ่างทอง,มาตรฐาน SAN,2024-12-20,หมดอายุ
ร้านจันทิมา,ร้านจำหน่ายอาหาร,ไชยภูมิ,ไชโย,อ่างทอง,มาตรฐาน SAN,2024-12-20,หมดอายุ
ร้านนิสติญา,ร้านจำหน่ายอาหาร,ไชยภูมิ,ไชโย,อ่างทอง,มาตรฐาน SAN,2024-12-20,หมดอายุ
ร้านนิตยา,ร้านจำหน่ายอาหาร,ไชยภูมิ,ไชโย,อ่างทอง,มาตรฐาน SAN,2024-12-20,หมดอายุ
อินทนิล สาขาบางจาก ปั๊มน้ำมันไทรทอง,ร้านจำหน่ายอาหาร,โพสะ,เมืองอ่างทอง,อ่างทอง,มาตรฐาน SAN,2025-02-20,หมดอายุ
ร้านมึนจังกู,ร้านจำหน่ายอาหาร,ตลาดใหม่,วิเศษชัยชาญ,อ่างทอง,มาตรฐาน SAN,2025-03-10,หมดอายุ
ร้านจำปา,ร้านจำหน่ายอาหาร,แสวงหา,แสวงหา,อ่างทอง,มาตรฐาน SAN,2025-03-07,หมดอายุ
ครัวเตาถ่าน,ร้านจำหน่ายอาหาร,แสวงหา,แสวงหา,อ่างทอง,SAN,2025-07-31,รับรอง
TopTen Forest ,อื่นๆ,แสวงหา,แสวงหา,อ่างทอง,SAN,2025-06-16,รับรอง
ร้านริมรั้ว,ร้านจำหน่ายอาหาร,แสวงหา,แสวงหา,อ่างทอง,SAN PLUS,2025-07-22,รับรอง
ร้านทิวาพร,ร้านจำหน่ายอาหาร,แสวงหา,แสวงหา,อ่างทอง,มาตรฐาน SAN,2025-03-10,หมดอายุ
เรือนรับขวัญ,ร้านจำหน่ายอาหาร,บางจัก,วิเศษชัยชาญ,อ่างทอง,มาตรฐาน SAN,2025-04-17,หมดอายุ
ร้านนิรมิต,สวนอาหาร,ศาลเจ้าโรงทอง,วิเศษชัยชาญ,อ่างทอง,SAN,2025-03-06,ไม่ผ่านเกณฑ์
มาริสา,ร้านจำหน่ายอาหาร,บ้านพราน,แสวงหา,อ่างทอง,SAN,2025-04-11,ไม่ผ่านเกณฑ์
ลุงเบิ้ม บ้านน้ำพุ,ร้านจำหน่ายอาหาร,บางจัก,วิเศษชัยชาญ,อ่างทอง,มาตรฐาน SAN,2025-03-24,หมดอายุ
ร้านอาหารบอกต่อ,ร้านจำหน่ายอาหาร,บ้านแห,เมืองอ่างทอง,อ่างทอง,SAN,2025-03-13,ไม่ผ่านเกณฑ์
ร้านสรัลวลัย เกษดี,ร้านเครื่องดื่ม,ตลาดใหม่,วิเศษชัยชาญ,อ่างทอง,SAN,2025-07-03,รับรอง
ร้านหมูจุ่มกัปตัน,ร้านจำหน่ายอาหาร,มหาดไทย,เมืองอ่างทอง,อ่างทอง,มาตรฐาน SAN,2025-03-13,หมดอายุ
Honey Bakery & Cafe,อื่นๆ,ยี่ล้น,วิเศษชัยชาญ,อ่างทอง,SAN,2025-05-07,ไม่ผ่านเกณฑ์
Chaya Home Cafe,ร้านจำหน่ายอาหาร,ยี่ล้น,วิเศษชัยชาญ,อ่างทอง,SAN,2025-07-22,รับรอง
อินทร์โตฟาร์ม,ร้านจำหน่ายอาหาร,ศรีพราน,แสวงหา,อ่างทอง,มาตรฐาน SAN,2025-04-17,หมดอายุ
ก๊กนำชัย,ร้านจำหน่ายอาหาร,ศาลเจ้าโรงทอง,วิเศษชัยชาญ,อ่างทอง,มาตรฐาน SAN,2025-07-07,หมดอายุ
BOON COFFEE,ร้านจำหน่ายอาหาร,ยี่ล้น,วิเศษชัยชาญ,อ่างทอง,SAN,2025-07-22,ไม่ผ่านเกณฑ์
ร้านโค้งกาแฟสด & ส้มตำวัดช้าง,ร้านจำหน่ายอาหาร,ม่วงเตี้ย,วิเศษชัยชาญ,อ่างทอง,SAN,2025-06-19,ไม่ผ่านเกณฑ์
ร้านครัวบ้านไร่,ร้านจำหน่ายอาหาร,ม่วงเตี้ย,วิเศษชัยชาญ,อ่างทอง,SAN PLUS,2025-05-27,รับรอง
ร้านก๋วยเตี๋ยวต้มยำสูตรโบราณ,ร้านจำหน่ายอาหาร,ม่วงเตี้ย,วิเศษชัยชาญ,อ่างทอง,SAN,2025-06-19,ไม่ผ่านเกณฑ์
ร้านพิชชาภรณ์ (ป้าอ้อย),ศูนย์อาหาร,ม่วงเตี้ย,วิเศษชัยชาญ,อ่างทอง,มาตรฐาน SAN,2025-05-07,หมดอายุ
เรือนรับขวัญ,ร้านจำหน่ายอาหาร,บางจัก,วิเศษชัยชาญ,อ่างทอง,SAN,2025-04-17,ไม่ผ่านเกณฑ์
คุณเปิ้ลข้าวร้อนแกงอร่อย,ร้านจำหน่ายอาหาร,ยี่ล้น,วิเศษชัยชาญ,อ่างทอง,มาตรฐาน SAN,2025-07-22,หมดอายุ
ร้านศรีประภา,ร้านจำหน่ายอาหาร,สี่ร้อย,วิเศษชัยชาญ,อ่างทอง,SAN,2025-05-08,ไม่ผ่านเกณฑ์
มาลี ผลแย้ม,ร้านจำหน่ายอาหาร,ไผ่ดำพัฒนา,วิเศษชัยชาญ,อ่างทอง,SAN,2024-10-31,รับรอง
นางสาว พิชญรัศมิ์ โพธิ์ทอง,ร้านจำหน่ายอาหาร,ไผ่ดำพัฒนา,วิเศษชัยชาญ,อ่างทอง,มาตรฐาน SAN,2025-05-10,หมดอายุ
ขวัญเมือง,ร้านจำหน่ายอาหาร,หลักแก้ว,วิเศษชัยชาญ,อ่างทอง,SAN,2024-09-05,รับรอง
New Day,ร้านจำหน่ายอาหาร,หลักแก้ว,วิเศษชัยชาญ,อ่างทอง,SAN,2025-08-20,รับรอง
ชาลีโฮมคาเฟ่,ร้านจำหน่ายอาหาร,ยี่ล้น,วิเศษชัยชาญ,อ่างทอง,SAN,2025-05-19,ไม่ผ่านเกณฑ์
ร้านครัวคุณยาย,ร้านจำหน่ายอาหาร,หัวตะพาน,วิเศษชัยชาญ,อ่างทอง,SAN,2025-05-21,ไม่ผ่านเกณฑ์
คำนึง  พุฒซ้อน,ร้านจำหน่ายอาหาร,ไผ่ดำพัฒนา,วิเศษชัยชาญ,อ่างทอง,SAN,2024-09-19,รับรอง
ร้านนิรมิต,สวนอาหาร,ศาลเจ้าโรงทอง,วิเศษชัยชาญ,อ่างทอง,SAN,2024-09-26,รับรอง
วิชาญ กมลฉ่ำ,ร้านจำหน่ายอาหาร,ไผ่ดำพัฒนา,วิเศษชัยชาญ,อ่างทอง,SAN,2024-10-04,รับรอง
นาง สำลี คงมั่น,ร้านจำหน่ายอาหาร,ไผ่ดำพัฒนา,วิเศษชัยชาญ,อ่างทอง,SAN,2025-05-27,ไม่ผ่านเกณฑ์
ร้านส้มตำ ยำ แกง,ร้านจำหน่ายอาหาร,ม่วงเตี้ย,วิเศษชัยชาญ,อ่างทอง,SAN,2024-11-11,รับรอง
ร้านก๋วยเตี๋ยวเนื้อ ป้าจุก บ้านม่วงเตี้ย,ร้านจำหน่ายอาหาร,ม่วงเตี้ย,วิเศษชัยชาญ,อ่างทอง,SAN,2024-11-11,รับรอง
ร้านตาดุลย์,ร้านจำหน่ายอาหาร,ม่วงเตี้ย,วิเศษชัยชาญ,อ่างทอง,SAN,2025-03-21,รับรอง
ก๋วยเตี๋ยวโค้งต้นมะขาม,ร้านจำหน่ายอาหาร,ม่วงเตี้ย,วิเศษชัยชาญ,อ่างทอง,SAN,2024-11-11,รับรอง
เตี้ยอาหารป่า,ร้านจำหน่ายอาหาร,ศาลเจ้าโรงทอง,วิเศษชัยชาญ,อ่างทอง,SAN PLUS,2025-07-17,รับรอง
เตี้ยอาหารป่า,ร้านจำหน่ายอาหาร,ศาลเจ้าโรงทอง,วิเศษชัยชาญ,อ่างทอง,SAN,2025-07-07,ไม่ผ่านเกณฑ์
ครัวแซ่บๆ,ร้านจำหน่ายอาหาร,ศาลเจ้าโรงทอง,วิเศษชัยชาญ,อ่างทอง,SAN,2025-03-06,รับรอง
เค้กป๋อมแป๋ม,ร้านจำหน่ายอาหาร,ศาลเจ้าโรงทอง,วิเศษชัยชาญ,อ่างทอง,SAN,2025-03-06,รับรอง
ร้านตามสั่งที่มียำนิดหน่อย,ร้านจำหน่ายอาหาร,ศาลเจ้าโรงทอง,วิเศษชัยชาญ,อ่างทอง,SAN,2025-07-02,รับรอง
ข้างแกงแม่รา,ร้านจำหน่ายอาหาร,ศาลเจ้าโรงทอง,วิเศษชัยชาญ,อ่างทอง,SAN,2025-07-02,รับรอง
บะหมี่จับกัง,ร้านจำหน่ายอาหาร,ศาลเจ้าโรงทอง,วิเศษชัยชาญ,อ่างทอง,SAN,2025-07-07,ไม่ผ่านเกณฑ์
กาแฟพันธุ์ไทย,ร้านเครื่องดื่ม,ศาลเจ้าโรงทอง,วิเศษชัยชาญ,อ่างทอง,SAN,2025-04-25,รับรอง
