name,type,subdistrict,district,province,standard,approve_date,status
ร้านอาหารโกตุง,ร้านจำหน่ายอาหาร,กระบี่ใหญ่,เมืองกระบี่,กระบี่,SAN PLUS,2024-08-22,หมดอายุ
ร้านเรือนไม้,ร้านจำหน่ายอาหาร,ไสไทย,เมืองกระบี่,กระบี่,SAN,2025-04-23,ไม่ผ่านเกณฑ์
ร้านCARAMEL,ร้านเครื่องดื่ม,ปากน้ำ,เมืองกระบี่,กระบี่,SAN,2025-04-11,รับรอง
อิ่มละมุน,ร้านจำหน่ายอาหาร,กระบี่ใหญ่,เมืองกระบี่,กระบี่,SAN,2023-12-31,ไม่ผ่านเกณฑ์
ฟารีดา ข้าวหมกแพะ,ร้านจำหน่ายอาหาร,กระบี่ใหญ่,เมืองกระบี่,กระบี่,SAN,2023-12-31,ไม่ผ่านเกณฑ์
ก๋วยเตี๊ยวไก่มะระ,ร้านจำหน่ายอาหาร,ปากน้ำ,เมืองกระบี่,กระบี่,SAN,2023-12-31,ไม่ผ่านเกณฑ์
ตำฮาลาล,ร้านจำหน่ายอาหาร,ปากน้ำ,เมืองกระบี่,กระบี่,SAN,2023-12-31,ไม่ผ่านเกณฑ์
Pizza Company,ร้านจำหน่ายอาหาร,ปากน้ำ,เมืองกระบี่,กระบี่,SAN,2023-12-31,ไม่ผ่านเกณฑ์
ก๋วยเตี๊ยวเรือ4พระยา,ร้านจำหน่ายอาหาร,ปากน้ำ,เมืองกระบี่,กระบี่,SAN,2023-12-31,ไม่ผ่านเกณฑ์
ซุปเปอร์เล้งแซ่บกระบี่,ร้านจำหน่ายอาหาร,ปากน้ำ,เมืองกระบี่,กระบี่,SAN,2023-12-31,ไม่ผ่านเกณฑ์
ข้าวหน้าเป็ดเยาวราช,ร้านจำหน่ายอาหาร,กระบี่ใหญ่,เมืองกระบี่,กระบี่,SAN,2025-04-24,ไม่ผ่านเกณฑ์
Sala klang du cafe by good cafe,ร้านจำหน่ายอาหาร,ปากน้ำ,เมืองกระบี่,กระบี่,มาตรฐาน SAN,2023-12-31,หมดอายุ
เจ้ลิบและเจ้ไล้,ร้านจำหน่ายอาหาร,กระบี่ใหญ่,เมืองกระบี่,กระบี่,SAN,2023-12-31,ไม่ผ่านเกณฑ์
ข้าวมันไก่ต้นตาล,ร้านจำหน่ายอาหาร,กระบี่ใหญ่,เมืองกระบี่,กระบี่,SAN,2025-07-07,รับรอง
อาม่า คาเฟ่ แอนด์ บาร์,ร้านจำหน่ายอาหาร,ปากน้ำ,เมืองกระบี่,กระบี่,SAN,2023-12-31,ไม่ผ่านเกณฑ์
ใบเตย,ร้านจำหน่ายอาหาร,ปากน้ำ,เมืองกระบี่,กระบี่,SAN,2023-12-31,ไม่ผ่านเกณฑ์
เรือนทิพย์,ร้านจำหน่ายอาหาร,ปากน้ำ,เมืองกระบี่,กระบี่,SAN,2025-08-19,รับรอง
Much and Mellow,ร้านจำหน่ายอาหาร,ปากน้ำ,เมืองกระบี่,กระบี่,มาตรฐาน SAN,2023-12-31,หมดอายุ
คนสุราษฎร์,ร้านจำหน่ายอาหาร,ปากน้ำ,เมืองกระบี่,กระบี่,SAN,2025-08-19,รับรอง
ก๋วยเตี๊ยวสุโขทันbyคุณจันทร์,ร้านจำหน่ายอาหาร,ปากน้ำ,เมืองกระบี่,กระบี่,SAN,2025-05-07,รับรอง
ข้าวขาหมู พีพี,ร้านจำหน่ายอาหาร,กระบี่ใหญ่,เมืองกระบี่,กระบี่,SAN,2025-08-13,รับรอง
หลิน หลิน,ร้านจำหน่ายอาหาร,กระบี่ใหญ่,เมืองกระบี่,กระบี่,SAN,2023-12-31,ไม่ผ่านเกณฑ์
เจ้าเก่า เกาเหลา เครื่องในหมู2535,ร้านจำหน่ายอาหาร,ปากน้ำ,เมืองกระบี่,กระบี่,SAN,2023-12-31,ไม่ผ่านเกณฑ์
JinZi shabu,ร้านจำหน่ายอาหาร,ปากน้ำ,เมืองกระบี่,กระบี่,SAN,2023-12-31,ไม่ผ่านเกณฑ์
ก๋วยเตี๊ยวเรือน้ำตื้น,ร้านจำหน่ายอาหาร,ปากน้ำ,เมืองกระบี่,กระบี่,มาตรฐาน SAN,2023-12-31,หมดอายุ
ครัวขี้ร้อง,ร้านจำหน่ายอาหาร,กระบี่ใหญ่,เมืองกระบี่,กระบี่,มาตรฐาน SAN,2023-12-31,หมดอายุ
กุ๊กนันท์,ร้านจำหน่ายอาหาร,ปากน้ำ,เมืองกระบี่,กระบี่,SAN,2025-01-03,รับรอง
ครัวซือดะ,ร้านจำหน่ายอาหาร,ปากน้ำ,เมืองกระบี่,กระบี่,SAN,2024-03-12,ไม่ผ่านเกณฑ์
"Swensen""s",ร้านจำหน่ายอาหาร,ปากน้ำ,เมืองกระบี่,กระบี่,SAN,2024-07-04,ไม่ผ่านเกณฑ์
กระบี่ติ่มซำ วัชระ9,ร้านจำหน่ายอาหาร,กระบี่ใหญ่,เมืองกระบี่,กระบี่,มาตรฐาน SAN,2024-07-08,หมดอายุ
ส้มตำ หมีปลิ้น,ร้านจำหน่ายอาหาร,ปากน้ำ,เมืองกระบี่,กระบี่,SAN,2024-07-04,ไม่ผ่านเกณฑ์
KFC ห้างโวค,ร้านจำหน่ายอาหาร,ปากน้ำ,เมืองกระบี่,กระบี่,SAN,2024-07-04,ไม่ผ่านเกณฑ์
ฮายาตี ฮาลาลฟู้ด,ร้านจำหน่ายอาหาร,ปากน้ำ,เมืองกระบี่,กระบี่,SAN,2024-07-04,ไม่ผ่านเกณฑ์
ฟิลฟิล,ร้านจำหน่ายอาหาร,ศาลาด่าน,เกาะลันตา,กระบี่,SAN,2024-07-02,ไม่ผ่านเกณฑ์
คิงส์มัสซาล่า ⁄ไอศกรีมมะพร้าวอ่อน,ร้านจำหน่ายอาหาร,ศาลาด่าน,เกาะลันตา,กระบี่,มาตรฐาน SAN,2024-07-02,หมดอายุ
ดิโอเชียนเรทเทอรองค์บาร์แอนด์คาเฟ่,ร้านจำหน่ายอาหาร,ศาลาด่าน,เกาะลันตา,กระบี่,SAN,2024-07-02,ไม่ผ่านเกณฑ์
ร้านอาหารอัญชลี,สวนอาหาร,ปากน้ำ,เมืองกระบี่,กระบี่,มาตรฐาน SAN,2024-07-02,หมดอายุ
Pangpon Mexican cuisine &Thai food koh lanta ,ร้านจำหน่ายอาหาร,ศาลาด่าน,เกาะลันตา,กระบี่,มาตรฐาน SAN,2024-07-02,หมดอายุ
จ๊ะย๊ะไทฟู้ด,อื่นๆ,ศาลาด่าน,เกาะลันตา,กระบี่,มาตรฐาน SAN,2024-07-02,หมดอายุ
อาหารตามสั่ง คนเดินเกาะลันตา,อื่นๆ,ศาลาด่าน,เกาะลันตา,กระบี่,มาตรฐาน SAN,2024-07-02,หมดอายุ
Lanta Riski Restaurant ,ภัตาคาร,ศาลาด่าน,เกาะลันตา,กระบี่,มาตรฐาน SAN,2024-07-02,หมดอายุ
ร้านข้าวแกงจะมิ้นลันตา,ภัตาคาร,ศาลาด่าน,เกาะลันตา,กระบี่,มาตรฐาน SAN,2024-07-02,หมดอายุ
โรตีริมทาง,ร้านเครื่องดื่ม,ศาลาด่าน,เกาะลันตา,กระบี่,มาตรฐาน SAN,2024-07-02,หมดอายุ
เดอะซันเรสเตอรองท์,ร้านจำหน่ายอาหาร,ศาลาด่าน,เกาะลันตา,กระบี่,มาตรฐาน SAN,2024-07-02,หมดอายุ
ก๋วยเตี๋ยวไก่มะระสมุนไพรยาจีน,ร้านจำหน่ายอาหาร,คลองท่อมใต้,คลองท่อม,กระบี่,SAN,2025-06-20,รับรอง
Ms homemade bakery,ร้านจำหน่ายอาหาร,ศาลาด่าน,เกาะลันตา,กระบี่,SAN,2024-07-03,ไม่ผ่านเกณฑ์
พี่อ็อด ข้าวมันไก่,ร้านจำหน่ายอาหาร,ปากน้ำ,เมืองกระบี่,กระบี่,SAN,2024-07-04,ไม่ผ่านเกณฑ์
ข้าวหน้าเป็ดเยาวราช,ร้านจำหน่ายอาหาร,กระบี่ใหญ่,เมืองกระบี่,กระบี่,SAN,2024-07-04,ไม่ผ่านเกณฑ์
โกตุง,ร้านจำหน่ายอาหาร,กระบี่ใหญ่,เมืองกระบี่,กระบี่,SAN,2024-07-04,ไม่ผ่านเกณฑ์
ข้าวมันไก่ต้นตาล,ร้านจำหน่ายอาหาร,กระบี่ใหญ่,เมืองกระบี่,กระบี่,SAN,2024-07-04,ไม่ผ่านเกณฑ์
ข้าวแกงแม่ยุพิน,ร้านจำหน่ายอาหาร,ปากน้ำ,เมืองกระบี่,กระบี่,มาตรฐาน SAN,2024-07-04,หมดอายุ
อิ่มหมี หมีนุ้ย,ร้านจำหน่ายอาหาร,อ่าวนาง,เมืองกระบี่,กระบี่,มาตรฐาน SAN,2024-07-04,หมดอายุ
ส้มตำเจ้าฟ้า,ร้านจำหน่ายอาหาร,ปากน้ำ,เมืองกระบี่,กระบี่,SAN,2024-07-04,ไม่ผ่านเกณฑ์
ราชรส ติ่มซำ,ร้านจำหน่ายอาหาร,ปากน้ำ,เมืองกระบี่,กระบี่,มาตรฐาน SAN,2024-07-04,หมดอายุ
ส้มตำไร่ใหญ่,ร้านจำหน่ายอาหาร,เหนือคลอง,เหนือคลอง,กระบี่,มาตรฐาน SAN,2024-07-04,หมดอายุ
ครัวชายคลอง,ร้านจำหน่ายอาหาร,ปลายพระยา,ปลายพระยา,กระบี่,มาตรฐาน SAN,2024-07-05,หมดอายุ
เมค มาย เดย์ ,ร้านจำหน่ายอาหาร,ปากน้ำ,เมืองกระบี่,กระบี่,มาตรฐาน SAN,2024-07-05,หมดอายุ
มิตรทาวน์,ร้านจำหน่ายอาหาร,ปากน้ำ,เมืองกระบี่,กระบี่,SAN,2024-07-08,ไม่ผ่านเกณฑ์
ร้านอาหารน้องโจ๊กกระบี่,ภัตาคาร,ไสไทย,เมืองกระบี่,กระบี่,มาตรฐาน SAN,2024-07-08,หมดอายุ
ข้าวแกงป้ายินดี (โวค),ร้านจำหน่ายอาหาร,ปากน้ำ,เมืองกระบี่,กระบี่,SAN,2024-07-08,ไม่ผ่านเกณฑ์
สายไหม,ร้านจำหน่ายอาหาร,ปากน้ำ,เมืองกระบี่,กระบี่,มาตรฐาน SAN,2024-07-08,หมดอายุ
ซุปเปอร์เล้งแซ่บกระบี่,ร้านจำหน่ายอาหาร,ปากน้ำ,เมืองกระบี่,กระบี่,SAN,2024-07-11,ไม่ผ่านเกณฑ์
ร้านข้าวแกงจะมิ้นลันตา,ภัตาคาร,ศาลาด่าน,เกาะลันตา,กระบี่,มาตรฐาน SAN,2024-07-08,หมดอายุ
สาว@ออย เรสเตอรอง,ร้านจำหน่ายอาหาร,ศาลาด่าน,เกาะลันตา,กระบี่,SAN,2024-07-08,ไม่ผ่านเกณฑ์
19นายทีนCafe,ร้านจำหน่ายอาหาร,เขาพนม,เขาพนม,กระบี่,SAN,2024-07-11,ไม่ผ่านเกณฑ์
Mama beach residence ,อื่นๆ,อ่าวนาง,เมืองกระบี่,กระบี่,SAN,2024-07-15,ไม่ผ่านเกณฑ์
Cococape cafe,ร้านจำหน่ายอาหาร,ศาลาด่าน,เกาะลันตา,กระบี่,มาตรฐาน SAN,2024-07-15,หมดอายุ
อาหารรืมทางข้างสะพานสิริลันตา,ร้านจำหน่ายอาหาร,ศาลาด่าน,เกาะลันตา,กระบี่,มาตรฐาน SAN,2024-07-11,หมดอายุ
ซ้อฟียะ ธารา,ร้านจำหน่ายอาหาร,ปากน้ำ,เมืองกระบี่,กระบี่,SAN,2024-07-11,ไม่ผ่านเกณฑ์
Fahsai coffee and restaurant,ร้านจำหน่ายอาหาร,ศาลาด่าน,เกาะลันตา,กระบี่,SAN,2024-07-11,ไม่ผ่านเกณฑ์
พี่ดา ริมชล,ร้านจำหน่ายอาหาร,ปากน้ำ,เมืองกระบี่,กระบี่,มาตรฐาน SAN,2024-07-11,หมดอายุ
อาหารเจ ป้าติ๋ม,ร้านจำหน่ายอาหาร,กระบี่ใหญ่,เมืองกระบี่,กระบี่,มาตรฐาน SAN,2024-07-11,หมดอายุ
เรือนข้าว,ร้านจำหน่ายอาหาร,ลำทับ,ลำทับ,กระบี่,มาตรฐาน SAN,2024-07-11,หมดอายุ
พรชูชัย,ร้านจำหน่ายอาหาร,ลำทับ,ลำทับ,กระบี่,มาตรฐาน SAN,2024-07-11,หมดอายุ
ข้าวมันไก่ต้นตาล,ร้านจำหน่ายอาหาร,กระบี่ใหญ่,เมืองกระบี่,กระบี่,SAN,2024-07-11,ไม่ผ่านเกณฑ์
พี่ดำธารา,ร้านจำหน่ายอาหาร,ปากน้ำ,เมืองกระบี่,กระบี่,มาตรฐาน SAN,2024-07-11,หมดอายุ
โรงอาหารบริษัทยูนิวานิชน้ำมันปาล์มสาขาอ่าวลึก,โรงอาหาร,อ่าวลึกใต้,อ่าวลึก,กระบี่,มาตรฐาน SAN,2024-07-15,หมดอายุ
ร้านอาหารใบเตย,ร้านจำหน่ายอาหาร,ปากน้ำ,เมืองกระบี่,กระบี่,SAN,2024-07-15,ไม่ผ่านเกณฑ์
ปานะลองบีช รีสอร์ท เรสเตอรองท์,ร้านจำหน่ายอาหาร,ศาลาด่าน,เกาะลันตา,กระบี่,SAN,2024-07-15,ไม่ผ่านเกณฑ์
บ้านคุณย่า,ร้านจำหน่ายอาหาร,คลองท่อมใต้,คลองท่อม,กระบี่,SAN,2024-07-15,ไม่ผ่านเกณฑ์
ส้มตำบนควน,ร้านจำหน่ายอาหาร,โคกยาง,เหนือคลอง,กระบี่,มาตรฐาน SAN,2024-07-17,หมดอายุ
กวงลูกชิ้นปลา,ร้านจำหน่ายอาหาร,เหนือคลอง,เหนือคลอง,กระบี่,มาตรฐาน SAN,2024-07-17,หมดอายุ
ร้านอาหารพิรมณ์,ร้านจำหน่ายอาหาร,เหนือคลอง,เหนือคลอง,กระบี่,มาตรฐาน SAN,2024-07-17,หมดอายุ
ชะลอม,ร้านจำหน่ายอาหาร,ไสไทย,เมืองกระบี่,กระบี่,SAN,2025-05-19,รับรอง
ร้านตำหลวงพระบาง สาขา 1,ร้านจำหน่ายอาหาร,เขาพนม,เขาพนม,กระบี่,SAN,2025-05-19,รับรอง
ร้านน้องเพ็ญ,ร้านจำหน่ายอาหาร,เขาพนม,เขาพนม,กระบี่,SAN,2024-07-18,ไม่ผ่านเกณฑ์
ร้านน้องภัทรข้าวมันไก่,ร้านจำหน่ายอาหาร,เขาพนม,เขาพนม,กระบี่,มาตรฐาน SAN,2024-07-18,หมดอายุ
ร้านใบชา,ร้านจำหน่ายอาหาร,เขาพนม,เขาพนม,กระบี่,SAN,2024-07-18,ไม่ผ่านเกณฑ์
ร้านบ้านใหม่@เขาพนม,ร้านจำหน่ายอาหาร,เขาพนม,เขาพนม,กระบี่,มาตรฐาน SAN,2024-07-18,หมดอายุ
บริษัท ดุสิต คอฟฟี่ พาร์ค จำกัด,ร้านเครื่องดื่ม,เขาพนม,เขาพนม,กระบี่,SAN,2024-07-18,ไม่ผ่านเกณฑ์
ร้านข้าวแกงน้องดาว,ร้านจำหน่ายอาหาร,เขาพนม,เขาพนม,กระบี่,มาตรฐาน SAN,2024-07-18,หมดอายุ
ติ๋มข้าวมันไก่ + หมูกรอบ,ร้านจำหน่ายอาหาร,อ่าวลึกใต้,อ่าวลึก,กระบี่,SAN,2025-05-19,รับรอง
บะหมี่แป๊ะจุ้ย,ร้านจำหน่ายอาหาร,อ่าวลึกเหนือ,อ่าวลึก,กระบี่,มาตรฐาน SAN,2024-07-18,หมดอายุ
ร้านข้าวแกงปากช่อง,ร้านจำหน่ายอาหาร,อ่าวลึกเหนือ,อ่าวลึก,กระบี่,SAN,2024-07-18,ไม่ผ่านเกณฑ์
ร้านน้ำป้าขวัญ,ร้านเครื่องดื่ม,ลำทับ,ลำทับ,กระบี่,มาตรฐาน SAN,2024-08-05,หมดอายุ
โรงพยาบาลวัฒนแพทย์อ่าวนาง,โรงอาหาร,อ่าวนาง,เมืองกระบี่,กระบี่,มาตรฐาน SAN,2024-08-15,หมดอายุ
บริษัท กาแฟพันธุ์ไทย จำกัด สาขาลำทับ,ร้านเครื่องดื่ม,ลำทับ,ลำทับ,กระบี่,SAN,2025-04-25,ไม่ผ่านเกณฑ์
ดำโอชา,ร้านจำหน่ายอาหาร,ลำทับ,ลำทับ,กระบี่,SAN,2025-04-26,ไม่ผ่านเกณฑ์
ร้านติดใจก้วยจั๊บ,ร้านจำหน่ายอาหาร,ลำทับ,ลำทับ,กระบี่,SAN,2025-04-26,ไม่ผ่านเกณฑ์
ร้านข้าวมันไก่รสเด็ด,ร้านจำหน่ายอาหาร,ลำทับ,ลำทับ,กระบี่,SAN,2025-04-26,ไม่ผ่านเกณฑ์
ร้านก้วยเตี๋ยวจูมง,อื่นๆ,ลำทับ,ลำทับ,กระบี่,มาตรฐาน SAN,2025-04-26,หมดอายุ
ร้านข้าวแกงพี่ศิ,ร้านจำหน่ายอาหาร,ลำทับ,ลำทับ,กระบี่,SAN PLUS,2024-08-07,หมดอายุ
ร้านฮาชิชาบู,ร้านจำหน่ายอาหาร,ลำทับ,ลำทับ,กระบี่,SAN,2025-04-26,ไม่ผ่านเกณฑ์
ร้านเมอริชา,ร้านจำหน่ายอาหาร,ลำทับ,ลำทับ,กระบี่,SAN,2025-04-26,ไม่ผ่านเกณฑ์
คาเฟ่อเมซอน ปตท.สนามบิน,ร้านเครื่องดื่ม,กระบี่น้อย,เมืองกระบี่,กระบี่,SAN,2025-05-01,ไม่ผ่านเกณฑ์
เซเว่นอีเลฟเว่นสาขาปตท.สนามบิน,ร้านจำหน่ายอาหาร,กระบี่น้อย,เมืองกระบี่,กระบี่,SAN,2024-09-05,รับรอง
คาเฟ่ธารี่,ร้านจำหน่ายอาหาร,กระบี่น้อย,เมืองกระบี่,กระบี่,SAN,2024-09-05,รับรอง
ร้านกบข้าวแกง,ร้านจำหน่ายอาหาร,กระบี่น้อย,เมืองกระบี่,กระบี่,SAN,2024-09-05,รับรอง
Dunkin Donut สาขาโลตัสกระบี่,ร้านจำหน่ายอาหาร,กระบี่น้อย,เมืองกระบี่,กระบี่,มาตรฐาน SAN,2025-05-02,หมดอายุ
เซเว่นอีเลฟเว่น สาขาบ้านน้ำจาน,ร้านจำหน่ายอาหาร,กระบี่น้อย,เมืองกระบี่,กระบี่,มาตรฐาน SAN,2025-07-03,หมดอายุ
เซเว่นอีเลฟเว่น สาขาโพธิ์เรียง,ร้านจำหน่ายอาหาร,กระบี่น้อย,เมืองกระบี่,กระบี่,SAN,2025-05-02,ไม่ผ่านเกณฑ์
เซเว่นอีเลฟเว่น สาขาโพธิ์เรียง,ร้านจำหน่ายอาหาร,กระบี่น้อย,เมืองกระบี่,กระบี่,SAN,2025-05-02,ไม่ผ่านเกณฑ์
เคเอฟซี สาขาบิ๊กซีกระบี่,ร้านจำหน่ายอาหาร,กระบี่น้อย,เมืองกระบี่,กระบี่,SAN PLUS,2024-08-14,หมดอายุ
Mister Donut สาขาบิ๊กซีกระบี่,ร้านจำหน่ายอาหาร,กระบี่น้อย,เมืองกระบี่,กระบี่,SAN,2025-07-23,รับรอง
MK Restaurant สาขาบิ๊กซีกระบี่,ร้านจำหน่ายอาหาร,กระบี่น้อย,เมืองกระบี่,กระบี่,SAN,2025-05-02,ไม่ผ่านเกณฑ์
MK Restaurant สาขาโลตัสกระบี่,ร้านจำหน่ายอาหาร,กระบี่น้อย,เมืองกระบี่,กระบี่,SAN PLUS,2024-08-14,หมดอายุ
The Pizza Company สาขาโลตัสกระบี่,ร้านจำหน่ายอาหาร,กระบี่น้อย,เมืองกระบี่,กระบี่,SAN,2025-05-02,ไม่ผ่านเกณฑ์
KFC สาขาโลตัสกระบี่,ร้านจำหน่ายอาหาร,กระบี่น้อย,เมืองกระบี่,กระบี่,มาตรฐาน SAN,2025-05-02,หมดอายุ
Santa fe' สาขาโลตัสกระบี่,ร้านจำหน่ายอาหาร,กระบี่น้อย,เมืองกระบี่,กระบี่,มาตรฐาน SAN,2025-05-02,หมดอายุ
Yayoi (ยาโยอิ) สาขาโลตัสกระบี่,ร้านจำหน่ายอาหาร,กระบี่น้อย,เมืองกระบี่,กระบี่,มาตรฐาน SAN,2025-05-02,หมดอายุ
Swensen's สาขาโลตัสกระบี่,ร้านจำหน่ายอาหาร,กระบี่น้อย,เมืองกระบี่,กระบี่,มาตรฐาน SAN,2025-05-02,หมดอายุ
ฮะจิบัง ราเมน สาขาโลตัสกระบี่,ร้านจำหน่ายอาหาร,กระบี่น้อย,เมืองกระบี่,กระบี่,มาตรฐาน SAN,2025-05-02,หมดอายุ
เมเจอร์ซีนีเพล็กซ์ สาขาโลตัสกระบี่,ร้านจำหน่ายอาหาร,กระบี่น้อย,เมืองกระบี่,กระบี่,มาตรฐาน SAN,2025-05-02,หมดอายุ
เซเว่นอิเลเว่น สาขากระบี่น้อย,ร้านจำหน่ายอาหาร,กระบี่น้อย,เมืองกระบี่,กระบี่,SAN,2025-02-13,รับรอง
ซินเซียน,ร้านจำหน่ายอาหาร,กระบี่น้อย,เมืองกระบี่,กระบี่,SAN,2025-01-14,รับรอง
ซินเซียน,ร้านจำหน่ายอาหาร,กระบี่น้อย,เมืองกระบี่,กระบี่,SAN,2025-01-07,รับรอง
ร้านการะเกด,ร้านจำหน่ายอาหาร,กระบี่น้อย,เมืองกระบี่,กระบี่,SAN,2025-05-06,รับรอง
Golf Club Café By Hula Hula,ร้านจำหน่ายอาหาร,กระบี่น้อย,เมืองกระบี่,กระบี่,SAN,2025-05-06,รับรอง
S&P bakery shop สาขาโลตัสกระบี่,ร้านจำหน่ายอาหาร,กระบี่น้อย,เมืองกระบี่,กระบี่,SAN,2025-05-06,รับรอง
เอสเอฟซีนีม่า บิ๊กซีกระบี่,ร้านจำหน่ายอาหาร,กระบี่น้อย,เมืองกระบี่,กระบี่,SAN,2024-12-26,รับรอง
คาเฟ่อเมซอน สาขาปู่จ้าว,ร้านเครื่องดื่ม,กระบี่น้อย,เมืองกระบี่,กระบี่,SAN,2024-12-26,รับรอง
Coffee Relax,ร้านจำหน่ายอาหาร,ลำทับ,ลำทับ,กระบี่,SAN,2025-07-01,ไม่ผ่านเกณฑ์
Coffee Relax,ร้านจำหน่ายอาหาร,ลำทับ,ลำทับ,กระบี่,SAN,2025-07-27,รับรอง
มณีวงศ์โภชนา,ร้านจำหน่ายอาหาร,คลองท่อมใต้,คลองท่อม,กระบี่,SAN,2025-01-31,รับรอง
ฮาน่า,ร้านจำหน่ายอาหาร,อ่าวลึกใต้,อ่าวลึก,กระบี่,SAN,2025-07-07,ไม่ผ่านเกณฑ์
โรงพยาบาลวัฒนแพทย์อ่าวนาง,โรงอาหาร,อ่าวนาง,เมืองกระบี่,กระบี่,SAN,2025-05-10,รับรอง
โรงพยาบาลวัฒนแพทย์อ่าวนาง,โรงอาหาร,อ่าวนาง,เมืองกระบี่,กระบี่,SAN,2025-08-21,ไม่ผ่านเกณฑ์
โรงพยาบาลวัฒนแพทย์อ่าวนาง,โรงอาหาร,อ่าวนาง,เมืองกระบี่,กระบี่,SAN,2025-08-21,ไม่ผ่านเกณฑ์
