name,type,subdistrict,district,province,standard,approve_date,status
ครัวชมทะเล,ร้านจำหน่ายอาหาร,ฉิมพลี,ตลิ่งชัน,กรุงเทพมหานคร,SAN,2024-10-21,รับรอง
บริษัทมิตซูบิชิ เฮฟวี่ อินดัสตรี่ส์ - มหาจักร แอร์ คอนดิชั่นเนอร์ส จำกัด,โรงอาหาร,ลำปลาทิว,ลาดกระบัง,กรุงเทพมหานคร,SAN,2023-08-16,ไม่ผ่านเกณฑ์
บริษัท  แพนดอร่า โพรดักชั่น จำกัด,โรงอาหาร,ดอกไม้,ประเวศ,กรุงเทพมหานคร,SAN,2024-08-27,ไม่ผ่านเกณฑ์
บริษัทมิตซูบิชิ เฮฟวี่ อินดัสตรี่ส์- มหาจักร แอร์ คอนดิชั่นเนอร์ส จำกัด,โรงอาหาร,ลำปลาทิว,ลาดกระบัง,กรุงเทพมหานคร,มาตรฐาน SAN,2023-08-16,หมดอายุ
นิตยาไก่ย่างสาขาสามย่านมิตรทาวน์,ร้านจำหน่ายอาหาร,วังใหม่,ปทุมวัน,กรุงเทพมหานคร,SAN,2025-07-07,รับรอง
นิตยาไก่ย่าง สาขาสายลม,ร้านจำหน่ายอาหาร,สามเสนใน,พญาไท,กรุงเทพมหานคร,SAN,2024-11-06,ไม่ผ่านเกณฑ์
นิตยาไก่ย่างสวนเพลินมาร์เก็ต,ร้านจำหน่ายอาหาร,คลองเตย,คลองเตย,กรุงเทพมหานคร,SAN,2024-11-06,ไม่ผ่านเกณฑ์
นิตยาไก่ย่างสาขานวมินทร์,ร้านจำหน่ายอาหาร,คลองกุ่ม,บึงกุ่ม,กรุงเทพมหานคร,มาตรฐาน SAN,2024-09-26,หมดอายุ
Rock in bar,ร้านเครื่องดื่ม,จอมทอง,จอมทอง,กรุงเทพมหานคร,SAN,2025-01-13,รับรอง
NUANEAR ARI,ร้านจำหน่ายอาหาร,สามเสนใน,พญาไท,กรุงเทพมหานคร,SAN,2024-03-15,ไม่ผ่านเกณฑ์
ไทยเทอเรส,ภัตาคาร,สุริยวงศ์,บางรัก,กรุงเทพมหานคร,มาตรฐาน SAN,2024-03-15,หมดอายุ
ร้านก๋วยเตี๋ยวเรืออัศวิน ,ร้านจำหน่ายอาหาร,วังใหม่,ปทุมวัน,กรุงเทพมหานคร,SAN,2024-05-23,ไม่ผ่านเกณฑ์
ร้านตามใจปรารถนา,ร้านจำหน่ายอาหาร,รามอินทรา,คันนายาว,กรุงเทพมหานคร,มาตรฐาน SAN,2024-04-03,หมดอายุ
เหลือง Test,ศูนย์อาหาร,ลาดพร้าว,ลาดพร้าว,กรุงเทพมหานคร,SAN,2024-06-05,ไม่ผ่านเกณฑ์
ไทยเทอเรส,ภัตาคาร,สุริยวงศ์,บางรัก,กรุงเทพมหานคร,SAN,2024-06-11,ไม่ผ่านเกณฑ์
โรงแรมโนโวเทล ไอบิส สไตล์ กรุงเทพ สุขุมวิท 4,ร้านจำหน่ายอาหาร,คลองเตย,คลองเตย,กรุงเทพมหานคร,SAN,2024-06-11,ไม่ผ่านเกณฑ์
นิตยาไก่ย่างสาขาประชานุกูล,ร้านจำหน่ายอาหาร,บางซื่อ,บางซื่อ,กรุงเทพมหานคร,มาตรฐาน SAN,2024-11-06,หมดอายุ
นิตยาไก่ย่าง สาขาสามย่านมิตรทาวน์,ร้านจำหน่ายอาหาร,วังใหม่,ปทุมวัน,กรุงเทพมหานคร,มาตรฐาน SAN,2024-11-06,หมดอายุ
นิตยาไก่ย่าง สาขาพระราม2,ร้านจำหน่ายอาหาร,ท่าข้าม,บางขุนเทียน,กรุงเทพมหานคร,มาตรฐาน SAN,2024-11-06,หมดอายุ
นิตยาไก่ย่าง สาขาลาดกระบัง,ร้านจำหน่ายอาหาร,ลาดกระบัง,ลาดกระบัง,กรุงเทพมหานคร,SAN,2024-11-06,ไม่ผ่านเกณฑ์
นิตยาไก่ย่าง สาขาพาซิโอกาญจนา,ร้านจำหน่ายอาหาร,ศาลาธรรมสพน์,ทวีวัฒนา,กรุงเทพมหานคร,SAN,2024-11-06,ไม่ผ่านเกณฑ์
ร้านนิตยาไก่ย่างโฮมโปรจรัญสนิทวงค์18,ร้านจำหน่ายอาหาร,บ้านช่างหล่อ,บางกอกน้อย,กรุงเทพมหานคร,SAN,2024-11-06,ไม่ผ่านเกณฑ์
นิตยาไก่ย่าง สาขาเซ็นทรัลพระราม3,ร้านจำหน่ายอาหาร,ช่องนนทรี,ยานนาวา,กรุงเทพมหานคร,SAN,2024-11-06,ไม่ผ่านเกณฑ์
นิตยาไก่ย่างสายไหมอเวนิว,ร้านจำหน่ายอาหาร,สายไหม,สายไหม,กรุงเทพมหานคร,SAN,2024-11-06,ไม่ผ่านเกณฑ์
นิตยาไก่ย่าง สาขาปิ่นเกล้า,ร้านจำหน่ายอาหาร,อรุณอมรินทร์,บางกอกน้อย,กรุงเทพมหานคร,มาตรฐาน SAN,2024-09-23,หมดอายุ
นิตยาไก่ย่างวิคตอเรีย,ร้านจำหน่ายอาหาร,หลักสอง,บางแค,กรุงเทพมหานคร,มาตรฐาน SAN,2024-11-06,หมดอายุ
นิตยาไก่ย่าง สาขาวัชรพล,ร้านจำหน่ายอาหาร,ท่าแร้ง,บางเขน,กรุงเทพมหานคร,มาตรฐาน SAN,2024-09-23,หมดอายุ
นิตยาไก่ย่าง โก สาขาปตท.รามอินทรา,ร้านจำหน่ายอาหาร,อนุสาวรีย์,บางเขน,กรุงเทพมหานคร,มาตรฐาน SAN,2024-11-06,หมดอายุ
นิตยาไก่ย่างสาขารัชดา,ร้านจำหน่ายอาหาร,ดินแดง,ดินแดง,กรุงเทพมหานคร,มาตรฐาน SAN,2024-11-06,หมดอายุ
โอโตยะ (สาขา CentralWorld),ร้านจำหน่ายอาหาร,ปทุมวัน,ปทุมวัน,กรุงเทพมหานคร,SAN,2024-07-03,ไม่ผ่านเกณฑ์
คัตสึยะ (สาขา CentralWorld) ,ร้านจำหน่ายอาหาร,ปทุมวัน,ปทุมวัน,กรุงเทพมหานคร,SAN,2024-07-03,ไม่ผ่านเกณฑ์
ไทยเทอเรส  สาขาเซ็นทรัลลาดพร้าว,ภัตาคาร,จตุจักร,จตุจักร,กรุงเทพมหานคร,SAN,2024-08-01,ไม่ผ่านเกณฑ์
ไทยเทอเรส  สาขาโรงพยาบาลวิภาวดี,ภัตาคาร,ลาดยาว,จตุจักร,กรุงเทพมหานคร,SAN,2025-06-27,รับรอง
KFC (สาขา CentralWorld),ร้านจำหน่ายอาหาร,ปทุมวัน,ปทุมวัน,กรุงเทพมหานคร,มาตรฐาน SAN,2025-01-07,หมดอายุ
เดอะเทอเรส สาขา เซ็นทรัลบางนา,ภัตาคาร,บางนาเหนือ,บางนา,กรุงเทพมหานคร,SAN,2025-07-02,รับรอง
โรงแรม เดอะ ซิลเวอร์ ปาล์ม ,ร้านจำหน่ายอาหาร,สวนหลวง,สวนหลวง,กรุงเทพมหานคร,มาตรฐาน SAN,2024-09-16,หมดอายุ
นิตยาไก่ย่าง สาขา ทรู ดิจิทัล,ร้านจำหน่ายอาหาร,บางจาก,พระโขนง,กรุงเทพมหานคร,มาตรฐาน SAN,2024-11-06,หมดอายุ
นิตยาไก่ย่าง go สาขา ปตท.วิภาวดี 62,ร้านจำหน่ายอาหาร,ตลาดบางเขน,หลักสี่,กรุงเทพมหานคร,SAN,2024-11-06,ไม่ผ่านเกณฑ์
นิตยาไก่ย่างโก รามอินทรา,ร้านจำหน่ายอาหาร,อนุสาวรีย์,บางเขน,กรุงเทพมหานคร,มาตรฐาน SAN,2024-11-06,หมดอายุ
นิตยาไก่ย่าง สาขาโลตัสลาดพร้าว,ร้านจำหน่ายอาหาร,จอมพล,จตุจักร,กรุงเทพมหานคร,SAN,2024-11-06,ไม่ผ่านเกณฑ์
ไทยเทอเรส  สาขา รพ.ศิริราช,ภัตาคาร,ศิริราช,บางกอกน้อย,กรุงเทพมหานคร,มาตรฐาน SAN,2024-10-21,หมดอายุ
ไทยเทอเรส  สาขา เซ็นทรัลพระราม 2,ภัตาคาร,แสมดำ,บางขุนเทียน,กรุงเทพมหานคร,มาตรฐาน SAN,2024-10-25,หมดอายุ
แกงใต้ เมืองคอน,ร้านจำหน่ายอาหาร,คลองบางบอน,บางบอน,กรุงเทพมหานคร,SAN,2025-07-31,รับรอง
ศูนย์อาหารฮักไทย (สาขา CentralWorld),ศูนย์อาหาร,ปทุมวัน,ปทุมวัน,กรุงเทพมหานคร,SAN,2025-01-07,ไม่ผ่านเกณฑ์
Spaghetti Factory (สาขา CentralWorld),ร้านจำหน่ายอาหาร,ลุมพินี,ปทุมวัน,กรุงเทพมหานคร,SAN,2025-01-07,ไม่ผ่านเกณฑ์
เขียวไข่กา (สาขา CentralWorld),ร้านจำหน่ายอาหาร,ลุมพินี,ปทุมวัน,กรุงเทพมหานคร,SAN,2025-01-07,ไม่ผ่านเกณฑ์
ศูนย์อาหาร Tops (สาขา CentralWorld),ศูนย์อาหาร,ลุมพินี,ปทุมวัน,กรุงเทพมหานคร,SAN,2025-01-07,ไม่ผ่านเกณฑ์
Centara (ห้องอาหาร ventisi),ร้านจำหน่ายอาหาร,ลุมพินี,ปทุมวัน,กรุงเทพมหานคร,SAN,2025-06-13,รับรอง
ศูนย์อาหาร ชั้น 7 (สาขา CentralWorld),ศูนย์อาหาร,ลุมพินี,ปทุมวัน,กรุงเทพมหานคร,มาตรฐาน SAN,2025-01-07,หมดอายุ
โกเฟ่ (สาขาพระราม 2),ร้านจำหน่ายอาหาร,แสมดำ,บางขุนเทียน,กรุงเทพมหานคร,SAN,2025-01-08,ไม่ผ่านเกณฑ์
ร้านตามใจปรารถนา,ร้านจำหน่ายอาหาร,รามอินทรา,คันนายาว,กรุงเทพมหานคร,SAN,2025-04-24,ไม่ผ่านเกณฑ์
ร้านตามใจปรารถนา,ร้านจำหน่ายอาหาร,รามอินทรา,คันนายาว,กรุงเทพมหานคร,มาตรฐาน SAN,2025-04-24,หมดอายุ
CHOWPATI,ร้านจำหน่ายอาหาร,คลองเตยเหนือ,วัฒนา,กรุงเทพมหานคร,SAN,2024-10-02,รับรอง
CHOWPATI,ร้านจำหน่ายอาหาร,คลองเตยเหนือ,วัฒนา,กรุงเทพมหานคร,SAN,2024-10-04,รับรอง
โรงพยาบาลพญาไทนวมินทร์,โรงอาหาร,นวลจันทร์,บึงกุ่ม,กรุงเทพมหานคร,SAN,2024-10-09,รับรอง
ร้านราเมงคาเกทสึ อาราชิ,ร้านจำหน่ายอาหาร,ปทุมวัน,ปทุมวัน,กรุงเทพมหานคร,SAN,2025-06-10,ไม่ผ่านเกณฑ์
โรงพยาบาลรวมใจรักษ์,โรงอาหาร,พระโขนงใต้,พระโขนง,กรุงเทพมหานคร,SAN,2025-07-27,รับรอง
มานะคราฟท์,ร้านจำหน่ายอาหาร,ตลาดน้อย,สัมพันธวงศ์,กรุงเทพมหานคร,SAN,2024-11-14,รับรอง
ร้านเฉิง ก๋วยเตี๋ยวเนื้อตุ๋นหมูตุ๋นหม้อไฟ ,ร้านจำหน่ายอาหาร,ตลาดน้อย,สัมพันธวงศ์,กรุงเทพมหานคร,SAN,2025-06-30,ไม่ผ่านเกณฑ์
Sunset Coffee Roaster ,ร้านจำหน่ายอาหาร,ตลาดน้อย,สัมพันธวงศ์,กรุงเทพมหานคร,SAN,2025-07-28,รับรอง
ร้านตั้งจั๊วหลี,ร้านจำหน่ายอาหาร,ตลาดน้อย,สัมพันธวงศ์,กรุงเทพมหานคร,SAN,2025-07-27,รับรอง
บริษัท อาหารปิ่นโต จำกัด,ร้านจำหน่ายอาหาร,สี่พระยา,บางรัก,กรุงเทพมหานคร,SAN,2025-02-06,รับรอง
โรงอาหารมหาวิทยาลัยธรรมศาสตร์ (ท่าพระจันทร์),ร้านจำหน่ายอาหาร,พระบรมมหาราชวัง,พระนคร,กรุงเทพมหานคร,SAN,2025-07-04,ไม่ผ่านเกณฑ์
โรงพยาบาลวิชัยยุทธ อาคารศูนย์การแพทย์,โรงอาหาร,สามเสนใน,พญาไท,กรุงเทพมหานคร,SAN,2025-03-25,รับรอง
โรงพยาบาลวิชัยยุทธ อาคารวิชัยยุทธเหนือ,โรงอาหาร,สามเสนใน,พญาไท,กรุงเทพมหานคร,SAN,2025-03-21,รับรอง
โยชิโนยะสาขา เช็นทรัลเวิลด์,ร้านจำหน่ายอาหาร,ปทุมวัน,ปทุมวัน,กรุงเทพมหานคร,SAN,2025-08-04,ไม่ผ่านเกณฑ์
บริษัท  แพนดอร่า โพรดักชั่น จำกัด,โรงอาหาร,ดอกไม้,ประเวศ,กรุงเทพมหานคร,SAN,2025-07-30,ไม่ผ่านเกณฑ์
โรงพยาบาลวิมุต,อื่นๆ,สามเสนใน,พญาไท,กรุงเทพมหานคร,SAN,2025-04-26,รับรอง
รสแกงแม่ละเอียด,ร้านจำหน่ายอาหาร,ลาดพร้าว,ลาดพร้าว,กรุงเทพมหานคร,SAN,2025-08-14,ไม่ผ่านเกณฑ์
โรงพยาบาลพญาไท 1,อื่นๆ,ถนนพญาไท,ราชเทวี,กรุงเทพมหานคร,SAN,2025-04-29,รับรอง
