name,type,subdistrict,district,province,standard,approve_date,status
ศูนย์อาหารในโลตัส,โรงอาหาร,ย่านซื่อ,ควนโดน,สตูล,SAN,2024-08-22,ไม่ผ่านเกณฑ์
ร้านอาหารลานข้าว,ร้านจำหน่ายอาหาร,ละงู,ละงู,สตูล,SAN,2024-09-06,รับรอง
ร้านสตารินทร์เคเทอริ่ง,ร้านจำหน่ายอาหาร,พิมาน,เมืองสตูล,สตูล,SAN,2024-09-06,รับรอง
บิ๊กซี ซูเปอร์เซ็นเตอร์ จำกัด,ศูนย์อาหาร,คลองขุด,เมืองสตูล,สตูล,SAN,2024-08-22,ไม่ผ่านเกณฑ์
ขนมจีนสวนลุงลี,ร้านจำหน่ายอาหาร,คลองขุด,เมืองสตูล,สตูล,มาตรฐาน SAN,2025-07-07,หมดอายุ
อิควาน,ร้านจำหน่ายอาหาร,พิมาน,เมืองสตูล,สตูล,SAN,2024-08-22,ไม่ผ่านเกณฑ์
น้องเบียร์,ร้านจำหน่ายอาหาร,พิมาน,เมืองสตูล,สตูล,SAN,2024-10-15,รับรอง
โมคาเฟ่ ติ่มซำ ฮาลาล,ร้านจำหน่ายอาหาร,พิมาน,เมืองสตูล,สตูล,SAN,2023-08-29,ไม่ผ่านเกณฑ์
เลิศชัย คาเฟ่,ร้านเครื่องดื่ม,คลองขุด,เมืองสตูล,สตูล,SAN,2023-05-10,ไม่ผ่านเกณฑ์
ก๋วยเตี๋ยวต้มยำเย็นตาโฟ,ร้านจำหน่ายอาหาร,คลองขุด,เมืองสตูล,สตูล,SAN,2023-05-15,ไม่ผ่านเกณฑ์
ครัวชัยสิทธิ์,ร้านจำหน่ายอาหาร,ทุ่งนุ้ย,ควนกาหลง,สตูล,SAN,2023-05-22,ไม่ผ่านเกณฑ์
ก๋วยเตี๋ยวบังโสบ สาขา 2,ร้านจำหน่ายอาหาร,ทุ่งนุ้ย,ควนกาหลง,สตูล,SAN,2023-05-22,ไม่ผ่านเกณฑ์
ฟาฮานเย็นตาโฟ,ร้านจำหน่ายอาหาร,ท่าแพ,ท่าแพ,สตูล,SAN,2025-02-26,ไม่ผ่านเกณฑ์
ครัวริมนา,ร้านจำหน่ายอาหาร,ท่าเรือ,ท่าแพ,สตูล,SAN,2025-07-29,ไม่ผ่านเกณฑ์
ก๊ะฉ๊ะ,ร้านจำหน่ายอาหาร,ท่าเรือ,ท่าแพ,สตูล,SAN,2025-07-29,ไม่ผ่านเกณฑ์
วารีย๊ะ,ร้านจำหน่ายอาหาร,ท่าเรือ,ท่าแพ,สตูล,SAN,2024-10-24,รับรอง
ฮาฟิรข้าวมันไก่,ร้านจำหน่ายอาหาร,ท่าเรือ,ท่าแพ,สตูล,SAN,2025-07-29,ไม่ผ่านเกณฑ์
ปลาบิน,ร้านจำหน่ายอาหาร,ทุ่งหว้า,ทุ่งหว้า,สตูล,SAN,2024-08-01,ไม่ผ่านเกณฑ์
จ๊ะสาว,ร้านจำหน่ายอาหาร,ทุ่งหว้า,ทุ่งหว้า,สตูล,SAN,2025-02-26,ไม่ผ่านเกณฑ์
น้องกิมลั้ง,ร้านจำหน่ายอาหาร,ทุ่งหว้า,ทุ่งหว้า,สตูล,SAN,2025-05-21,รับรอง
โก๋จ้อย,ร้านจำหน่ายอาหาร,ทุ่งหว้า,ทุ่งหว้า,สตูล,SAN,2025-02-26,ไม่ผ่านเกณฑ์
โสแดง,ร้านจำหน่ายอาหาร,ทุ่งหว้า,ทุ่งหว้า,สตูล,SAN,2025-02-18,ไม่ผ่านเกณฑ์
ครัวก๊ะเจ๊ะ,ร้านจำหน่ายอาหาร,ทุ่งนุ้ย,ควนกาหลง,สตูล,SAN,2025-05-02,รับรอง
อดิลัน,ร้านจำหน่ายอาหาร,ทุ่งนุ้ย,ควนกาหลง,สตูล,SAN,2025-05-02,รับรอง
ก๋วยเตี๋ยวหางหมู,ร้านจำหน่ายอาหาร,พิมาน,เมืองสตูล,สตูล,มาตรฐาน SAN,2023-08-29,หมดอายุ
สามพี่น้อง,ร้านจำหน่ายอาหาร,พิมาน,เมืองสตูล,สตูล,SAN,2024-11-07,รับรอง
พริกไทย,ร้านจำหน่ายอาหาร,พิมาน,เมืองสตูล,สตูล,มาตรฐาน SAN,2023-08-29,หมดอายุ
คนพะเยา,ร้านจำหน่ายอาหาร,พิมาน,เมืองสตูล,สตูล,มาตรฐาน SAN,2023-08-29,หมดอายุ
ส้มตำแม่จ๋า,ร้านจำหน่ายอาหาร,พิมาน,เมืองสตูล,สตูล,มาตรฐาน SAN,2023-08-29,หมดอายุ
ครัวฟารีดา,ร้านจำหน่ายอาหาร,พิมาน,เมืองสตูล,สตูล,มาตรฐาน SAN,2023-08-29,หมดอายุ
สตูลเรือนขนม,ร้านเครื่องดื่ม,พิมาน,เมืองสตูล,สตูล,มาตรฐาน SAN,2023-08-29,หมดอายุ
โรตีชาชัก (Ize kimo) บิ๊กซี,ร้านเครื่องดื่ม,คลองขุด,เมืองสตูล,สตูล,มาตรฐาน SAN,2023-06-07,หมดอายุ
มิตรอารีย์,ร้านจำหน่ายอาหาร,คลองขุด,เมืองสตูล,สตูล,มาตรฐาน SAN,2023-06-07,หมดอายุ
ป๊อบอายลูกชิ้นปลาระเบิด,อื่นๆ,คลองขุด,เมืองสตูล,สตูล,มาตรฐาน SAN,2023-08-16,หมดอายุ
Coffee rotibun,ร้านเครื่องดื่ม,คลองขุด,เมืองสตูล,สตูล,มาตรฐาน SAN,2023-06-07,หมดอายุ
ลูกชิ้นทิพย์ สาขาบิ๊กซีสตูล,อื่นๆ,คลองขุด,เมืองสตูล,สตูล,มาตรฐาน SAN,2023-06-07,หมดอายุ
แครี ควีน,อื่นๆ,คลองขุด,เมืองสตูล,สตูล,มาตรฐาน SAN,2023-06-07,หมดอายุ
บังโสบ,ร้านจำหน่ายอาหาร,พิมาน,เมืองสตูล,สตูล,มาตรฐาน SAN,2023-08-29,หมดอายุ
เอ็มเค สาขาบิ๊กซี สตูล,ร้านจำหน่ายอาหาร,คลองขุด,เมืองสตูล,สตูล,มาตรฐาน SAN,2023-06-08,หมดอายุ
Cha go pong Cafe บิ๊กซีสตูล,ร้านจำหน่ายอาหาร,คลองขุด,เมืองสตูล,สตูล,มาตรฐาน SAN,2023-06-08,หมดอายุ
The pizza company big C,ร้านจำหน่ายอาหาร,คลองขุด,เมืองสตูล,สตูล,มาตรฐาน SAN,2025-05-16,หมดอายุ
KFC สาขาบิ๊กซี สตูล,ร้านจำหน่ายอาหาร,คลองขุด,เมืองสตูล,สตูล,มาตรฐาน SAN,2024-08-22,หมดอายุ
บริษัท เพอร์เฟคดริ้งสตูล จำกัด (อเมซอน),ร้านเครื่องดื่ม,คลองขุด,เมืองสตูล,สตูล,มาตรฐาน SAN,2024-10-01,หมดอายุ
เจ๊หงุ่น,ร้านจำหน่ายอาหาร,คลองขุด,เมืองสตูล,สตูล,มาตรฐาน SAN,2023-06-08,หมดอายุ
บานาสโตย,ร้านจำหน่ายอาหาร,คลองขุด,เมืองสตูล,สตูล,มาตรฐาน SAN,2023-06-08,หมดอายุ
กะเรียมอาหารตามสั่ง,ร้านจำหน่ายอาหาร,ควนขัน,เมืองสตูล,สตูล,มาตรฐาน SAN,2023-06-09,หมดอายุ
Coffee focus,ร้านเครื่องดื่ม,คลองขุด,เมืองสตูล,สตูล,SAN,2023-06-09,ไม่ผ่านเกณฑ์
ครัวฟารุค,ร้านจำหน่ายอาหาร,คลองขุด,เมืองสตูล,สตูล,SAN,2025-01-30,รับรอง
ศศิ หลีเป๊ะ,ร้านจำหน่ายอาหาร,เกาะสาหร่าย,เมืองสตูล,สตูล,SAN,2024-10-22,รับรอง
บันดาหยา,ร้านจำหน่ายอาหาร,เกาะสาหร่าย,เมืองสตูล,สตูล,SAN,2024-10-22,รับรอง
บันดาหยา วิลล่าห์,ร้านจำหน่ายอาหาร,เกาะสาหร่าย,เมืองสตูล,สตูล,SAN,2025-05-02,รับรอง
เดอะ บ๊อกซ์ หลีเป๊ะ,ร้านจำหน่ายอาหาร,เกาะสาหร่าย,เมืองสตูล,สตูล,SAN,2024-12-02,ไม่ผ่านเกณฑ์
เท็นมูนส์ ,ร้านจำหน่ายอาหาร,เกาะสาหร่าย,เมืองสตูล,สตูล,SAN,2025-01-22,รับรอง
มะลิซันไรส์,ร้านจำหน่ายอาหาร,เกาะสาหร่าย,เมืองสตูล,สตูล,SAN,2025-01-22,รับรอง
ลำนำเวียนนา,ร้านจำหน่ายอาหาร,กำแพง,ละงู,สตูล,SAN,2025-04-08,รับรอง
ก๋วยเตี๋ยวต้มยำไข่โต,ร้านจำหน่ายอาหาร,กำแพง,ละงู,สตูล,SAN,2025-04-10,ไม่ผ่านเกณฑ์
ครัวมาตะ,ร้านจำหน่ายอาหาร,ปาล์มพัฒนา,มะนัง,สตูล,SAN,2025-01-28,ไม่ผ่านเกณฑ์
ครัวศศิธร,ร้านจำหน่ายอาหาร,นิคมพัฒนา,มะนัง,สตูล,SAN,2025-07-07,รับรอง
ร้านป้าเอียด,ร้านจำหน่ายอาหาร,นิคมพัฒนา,มะนัง,สตูล,SAN,2025-06-20,รับรอง
จะเกี๋ยะก๋วยเตี๋ยวเรือ,ร้านจำหน่ายอาหาร,ปาล์มพัฒนา,มะนัง,สตูล,SAN,2024-08-22,ไม่ผ่านเกณฑ์
ร้านมาลีนา,ร้านจำหน่ายอาหาร,เจ๊ะบิลัง,เมืองสตูล,สตูล,SAN,2025-07-07,รับรอง
"Pooh,s Bar Restaurant",ร้านจำหน่ายอาหาร,เกาะสาหร่าย,เมืองสตูล,สตูล,SAN,2024-12-02,ไม่ผ่านเกณฑ์
บูโลคาซ่า เรสเตอรองต์,ร้านจำหน่ายอาหาร,เกาะสาหร่าย,เมืองสตูล,สตูล,SAN,2025-05-05,รับรอง
มะลิ รีสอร์ท พัทยา,ร้านจำหน่ายอาหาร,เกาะสาหร่าย,เมืองสตูล,สตูล,SAN,2025-05-05,รับรอง
เมค อิน อิตาลี,ร้านจำหน่ายอาหาร,เกาะสาหร่าย,เมืองสตูล,สตูล,SAN,2024-12-12,รับรอง
เอเลเฟนท์,ร้านจำหน่ายอาหาร,เกาะสาหร่าย,เมืองสตูล,สตูล,SAN,2024-12-02,ไม่ผ่านเกณฑ์
เดอะคลิฟ หลีเป๊ะ,ร้านจำหน่ายอาหาร,เกาะสาหร่าย,เมืองสตูล,สตูล,SAN,2025-01-13,รับรอง
แคสเวย์,ร้านจำหน่ายอาหาร,เกาะสาหร่าย,เมืองสตูล,สตูล,SAN,2025-01-13,รับรอง
เม้าเทิร์น,ร้านจำหน่ายอาหาร,เกาะสาหร่าย,เมืองสตูล,สตูล,SAN,2025-01-13,รับรอง
ส้มตำกลางนา,ร้านจำหน่ายอาหาร,ควนโดน,ควนโดน,สตูล,SAN,2024-08-22,ไม่ผ่านเกณฑ์
ก๋วยเตี๋ยวเรือบังแนน,ร้านจำหน่ายอาหาร,ควนสตอ,ควนโดน,สตูล,SAN,2024-08-22,ไม่ผ่านเกณฑ์
ฟาเดล-ฟาคิร,ร้านจำหน่ายอาหาร,ควนสตอ,ควนโดน,สตูล,SAN,2025-05-28,รับรอง
ผัดไทควนโดน,ร้านจำหน่ายอาหาร,ควนโดน,ควนโดน,สตูล,มาตรฐาน SAN,2024-08-22,หมดอายุ
ก๊ะแขก,ร้านจำหน่ายอาหาร,กำแพง,ละงู,สตูล,SAN,2025-04-10,ไม่ผ่านเกณฑ์
ร้านสูฉ๊ะ,ร้านจำหน่ายอาหาร,กำแพง,ละงู,สตูล,มาตรฐาน SAN,2025-04-10,หมดอายุ
สะโตย โดยเซน,ร้านจำหน่ายอาหาร,กำแพง,ละงู,สตูล,SAN,2025-04-10,ไม่ผ่านเกณฑ์
ก๋วยเตี๋ยวต้มยำ ป้ายแดง,ร้านจำหน่ายอาหาร,กำแพง,ละงู,สตูล,มาตรฐาน SAN,2025-04-10,หมดอายุ
ร้านจิบ่าว,ร้านจำหน่ายอาหาร,กำแพง,ละงู,สตูล,SAN,2025-04-10,ไม่ผ่านเกณฑ์
ร้านบังอน,ร้านจำหน่ายอาหาร,กำแพง,ละงู,สตูล,SAN,2025-04-10,ไม่ผ่านเกณฑ์
ข้าวแกงกะย๊ะ,ร้านจำหน่ายอาหาร,กำแพง,ละงู,สตูล,SAN,2024-10-22,รับรอง
ร้านอัลบารอกาต,ร้านจำหน่ายอาหาร,กำแพง,ละงู,สตูล,SAN,2025-07-23,รับรอง
TWIN CAFF,ร้านจำหน่ายอาหาร,กำแพง,ละงู,สตูล,SAN,2023-07-21,ไม่ผ่านเกณฑ์
ครัวประหยัด,ร้านจำหน่ายอาหาร,กำแพง,ละงู,สตูล,SAN,2025-06-16,รับรอง
กล้วยทอดกะย๊ะ,ร้านเครื่องดื่ม,กำแพง,ละงู,สตูล,SAN,2025-06-17,รับรอง
กะโสม,ร้านจำหน่ายอาหาร,กำแพง,ละงู,สตูล,SAN,2024-10-22,รับรอง
ส้อส้มตำ,ร้านจำหน่ายอาหาร,กำแพง,ละงู,สตูล,SAN,2025-06-16,รับรอง
Blues Cup Coffee,ร้านจำหน่ายอาหาร,พิมาน,เมืองสตูล,สตูล,SAN,2024-08-23,ไม่ผ่านเกณฑ์
ร้านบังบ่าว,ร้านจำหน่ายอาหาร,กำแพง,ละงู,สตูล,SAN,2024-10-24,รับรอง
ข้าวแกงบังกาก,ร้านจำหน่ายอาหาร,กำแพง,ละงู,สตูล,SAN,2024-10-24,รับรอง
ร้านโกเส้งข้าวขาหมู,ร้านจำหน่ายอาหาร,กำแพง,ละงู,สตูล,SAN,2025-07-09,รับรอง
ร้าน ณ ละงู,ร้านจำหน่ายอาหาร,กำแพง,ละงู,สตูล,SAN,2023-07-26,ไม่ผ่านเกณฑ์
ตำนานก๋วยเตี๋ยว,ร้านจำหน่ายอาหาร,กำแพง,ละงู,สตูล,SAN,2025-07-31,ไม่ผ่านเกณฑ์
ปาปาย่ามัม,ร้านจำหน่ายอาหาร,ปากน้ำ,ละงู,สตูล,SAN,2024-11-20,ไม่ผ่านเกณฑ์
มิหลา ซีฟู๊ด,ร้านจำหน่ายอาหาร,ปากน้ำ,ละงู,สตูล,SAN,2024-11-21,ไม่ผ่านเกณฑ์
เพลินเล ซีฟู้ด,ร้านจำหน่ายอาหาร,ปากน้ำ,ละงู,สตูล,SAN,2024-11-20,ไม่ผ่านเกณฑ์
ฟ้าใส ซีฟู้ด,ร้านจำหน่ายอาหาร,ปากน้ำ,ละงู,สตูล,มาตรฐาน SAN,2024-11-20,หมดอายุ
เขยอุดร,ร้านจำหน่ายอาหาร,ปากน้ำ,ละงู,สตูล,มาตรฐาน SAN,2024-11-19,หมดอายุ
ชมวิว ซีฟู้ด,ร้านจำหน่ายอาหาร,ปากน้ำ,ละงู,สตูล,SAN,2024-11-20,ไม่ผ่านเกณฑ์
ครัวริมเล,ร้านจำหน่ายอาหาร,ปากน้ำ,ละงู,สตูล,SAN,2024-11-20,ไม่ผ่านเกณฑ์
มารีน่า,ร้านจำหน่ายอาหาร,ปากน้ำ,ละงู,สตูล,SAN,2024-11-19,ไม่ผ่านเกณฑ์
บูโลเน่,ร้านจำหน่ายอาหาร,ปากน้ำ,ละงู,สตูล,SAN,2024-11-19,ไม่ผ่านเกณฑ์
สิงโตพ่นไฟ,ร้านเครื่องดื่ม,กำแพง,ละงู,สตูล,SAN,2023-08-15,ไม่ผ่านเกณฑ์
อาร์นชาละงู,ร้านเครื่องดื่ม,กำแพง,ละงู,สตูล,มาตรฐาน SAN,2023-08-15,หมดอายุ
KFC สาขาละงู,ร้านจำหน่ายอาหาร,กำแพง,ละงู,สตูล,มาตรฐาน SAN,2023-08-15,หมดอายุ
ส้มตำป้าเพียร,ร้านจำหน่ายอาหาร,ควนโพธิ์,เมืองสตูล,สตูล,SAN,2023-08-16,ไม่ผ่านเกณฑ์
นกน้ำ,ร้านจำหน่ายอาหาร,ควนโพธิ์,เมืองสตูล,สตูล,SAN,2023-08-21,ไม่ผ่านเกณฑ์
ต้นเฟริน,ร้านจำหน่ายอาหาร,ควนโพธิ์,เมืองสตูล,สตูล,มาตรฐาน SAN,2023-08-16,หมดอายุ
บ้านแสงจันทร์,ร้านจำหน่ายอาหาร,ฉลุง,เมืองสตูล,สตูล,SAN,2024-11-11,ไม่ผ่านเกณฑ์
Waffle สาขา Big C,ร้านเครื่องดื่ม,คลองขุด,เมืองสตูล,สตูล,SAN,2023-08-16,ไม่ผ่านเกณฑ์
อิสานริมเขา,ร้านจำหน่ายอาหาร,คลองขุด,เมืองสตูล,สตูล,SAN,2025-02-06,ไม่ผ่านเกณฑ์
บาร์นม 55,ร้านเครื่องดื่ม,พิมาน,เมืองสตูล,สตูล,SAN,2023-08-29,ไม่ผ่านเกณฑ์
ชาเรือนผา,ร้านจำหน่ายอาหาร,พิมาน,เมืองสตูล,สตูล,มาตรฐาน SAN,2023-08-29,หมดอายุ
ร่มลำไย,ร้านจำหน่ายอาหาร,พิมาน,เมืองสตูล,สตูล,SAN,2025-01-13,ไม่ผ่านเกณฑ์
Canteen,ร้านจำหน่ายอาหาร,คลองขุด,เมืองสตูล,สตูล,SAN,2024-09-26,ไม่ผ่านเกณฑ์
ไก่ทอดห้าดาว (Macro),ร้านจำหน่ายอาหาร,คลองขุด,เมืองสตูล,สตูล,SAN,2024-10-01,ไม่ผ่านเกณฑ์
ส้มตำ,ร้านจำหน่ายอาหาร,พิมาน,เมืองสตูล,สตูล,SAN,2023-08-29,ไม่ผ่านเกณฑ์
ข้าวซอย,ร้านจำหน่ายอาหาร,พิมาน,เมืองสตูล,สตูล,SAN PLUS,2025-05-22,รับรอง
บังโกบข้าวมันไก่,ร้านจำหน่ายอาหาร,พิมาน,เมืองสตูล,สตูล,SAN,2025-01-16,ไม่ผ่านเกณฑ์
บางรัก เมืองสตูล,ร้านจำหน่ายอาหาร,พิมาน,เมืองสตูล,สตูล,มาตรฐาน SAN,2023-08-29,หมดอายุ
น้องณี,ร้านจำหน่ายอาหาร,พิมาน,เมืองสตูล,สตูล,SAN,2025-01-03,รับรอง
ข้าวมันแกงปลา,ร้านจำหน่ายอาหาร,พิมาน,เมืองสตูล,สตูล,SAN,2023-08-22,ไม่ผ่านเกณฑ์
เจ้แดง,ร้านจำหน่ายอาหาร,พิมาน,เมืองสตูล,สตูล,SAN,2023-08-22,ไม่ผ่านเกณฑ์
เนอฆรา,ร้านจำหน่ายอาหาร,พิมาน,เมืองสตูล,สตูล,SAN,2023-08-29,ไม่ผ่านเกณฑ์
บจก.ซี.พี.ออลล์ จำกัด,ร้านจำหน่ายอาหาร,ปาล์มพัฒนา,มะนัง,สตูล,SAN,2024-08-22,ไม่ผ่านเกณฑ์
เซเว่น อีเลฟเว่น สาขาปากน้ำ,ร้านจำหน่ายอาหาร,ปากน้ำ,ละงู,สตูล,มาตรฐาน SAN,2024-11-19,หมดอายุ
ข้าวมันไก่ทอดตลาดสด,ร้านจำหน่ายอาหาร,ฉลุง,เมืองสตูล,สตูล,SAN,2023-08-23,ไม่ผ่านเกณฑ์
ก๋วยเตี๋ยวหน้าปั๊ม,ร้านจำหน่ายอาหาร,กำแพง,ละงู,สตูล,SAN,2023-08-28,ไม่ผ่านเกณฑ์
์NF เบอเกอรี่,ร้านเครื่องดื่ม,กำแพง,ละงู,สตูล,SAN,2023-08-28,ไม่ผ่านเกณฑ์
ฟารานัสอาหารเช้า,ร้านจำหน่ายอาหาร,กำแพง,ละงู,สตูล,มาตรฐาน SAN,2023-08-28,หมดอายุ
โสภาข้าวขาหมู,ร้านจำหน่ายอาหาร,กำแพง,ละงู,สตูล,SAN,2023-08-28,ไม่ผ่านเกณฑ์
ข้าวแกงก๊ะย๊ะ,ร้านจำหน่ายอาหาร,กำแพง,ละงู,สตูล,SAN,2023-08-28,ไม่ผ่านเกณฑ์
ละงูเบอเกอรี่,ร้านเครื่องดื่ม,กำแพง,ละงู,สตูล,SAN,2025-07-31,รับรอง
ร้านจ๊ะแดง,ร้านจำหน่ายอาหาร,กำแพง,ละงู,สตูล,SAN,2023-08-28,ไม่ผ่านเกณฑ์
ร้านลูกปู,ร้านจำหน่ายอาหาร,กำแพง,ละงู,สตูล,SAN,2025-01-09,รับรอง
ร้านข้าวคลุกกะปิ,ร้านจำหน่ายอาหาร,กำแพง,ละงู,สตูล,SAN,2025-01-09,รับรอง
บจก.ซี.พี.ออลล์ จำกัด,ร้านจำหน่ายอาหาร,ควนสตอ,ควนโดน,สตูล,SAN,2025-01-09,รับรอง
ร้านก๋วยเตี๋ยว,ร้านจำหน่ายอาหาร,กำแพง,ละงู,สตูล,SAN,2023-09-08,ไม่ผ่านเกณฑ์
ข้าวแกงจะสุ,ร้านจำหน่ายอาหาร,กำแพง,ละงู,สตูล,SAN,2023-09-08,ไม่ผ่านเกณฑ์
ก๊ะนาข้าวเหนียวมะม่วง,อื่นๆ,กำแพง,ละงู,สตูล,SAN,2023-09-08,ไม่ผ่านเกณฑ์
ก๋วยเตี๋ยวหวาเหมาะ,ร้านจำหน่ายอาหาร,กำแพง,ละงู,สตูล,SAN,2023-09-08,ไม่ผ่านเกณฑ์
ครัวกันเอง,ร้านจำหน่ายอาหาร,กำแพง,ละงู,สตูล,SAN,2023-09-08,ไม่ผ่านเกณฑ์
น้ำชาครูบาหรี,ร้านจำหน่ายอาหาร,กำแพง,ละงู,สตูล,SAN,2023-09-08,ไม่ผ่านเกณฑ์
ส้มตำควนขัน,ร้านจำหน่ายอาหาร,ควนขัน,เมืองสตูล,สตูล,SAN,2023-09-22,ไม่ผ่านเกณฑ์
ชาพะยอม,ร้านเครื่องดื่ม,กำแพง,ละงู,สตูล,SAN,2025-01-31,รับรอง
จิรพันธ์,ร้านจำหน่ายอาหาร,กำแพง,ละงู,สตูล,SAN,2025-01-31,รับรอง
คนคอน,ร้านจำหน่ายอาหาร,กำแพง,ละงู,สตูล,SAN,2025-01-31,รับรอง
บังหนัน,ร้านจำหน่ายอาหาร,กำแพง,ละงู,สตูล,SAN,2025-01-31,รับรอง
วังชะโอน,ร้านจำหน่ายอาหาร,กำแพง,ละงู,สตูล,SAN,2025-01-31,รับรอง
โมโจ,ร้านจำหน่ายอาหาร,เกาะสาหร่าย,เมืองสตูล,สตูล,SAN,2024-02-16,ไม่ผ่านเกณฑ์
จ่ายาว,ร้านจำหน่ายอาหาร,เกาะสาหร่าย,เมืองสตูล,สตูล,SAN,2024-01-12,ไม่ผ่านเกณฑ์
สิบพี่น้อง,ร้านจำหน่ายอาหาร,เกาะสาหร่าย,เมืองสตูล,สตูล,SAN,2025-07-31,รับรอง
ไอดิลลิค,ร้านจำหน่ายอาหาร,เกาะสาหร่าย,เมืองสตูล,สตูล,SAN,2024-01-12,ไม่ผ่านเกณฑ์
ซีทูมูน รีสอร์ท,ร้านจำหน่ายอาหาร,เกาะสาหร่าย,เมืองสตูล,สตูล,SAN,2024-02-23,ไม่ผ่านเกณฑ์
ส้มตำหัวไม้เดอะชิค,ร้านจำหน่ายอาหาร,เกาะสาหร่าย,เมืองสตูล,สตูล,SAN,2024-02-23,ไม่ผ่านเกณฑ์
สุคอนเนอร์,ร้านจำหน่ายอาหาร,ปากน้ำ,ละงู,สตูล,SAN,2024-09-27,รับรอง
พังกาน้อยพิชซ่า,ร้านจำหน่ายอาหาร,ปากน้ำ,ละงู,สตูล,SAN,2024-01-26,ไม่ผ่านเกณฑ์
ชาวเล,ร้านจำหน่ายอาหาร,ปากน้ำ,ละงู,สตูล,SAN,2024-01-26,ไม่ผ่านเกณฑ์
กระโจมทราย,ร้านจำหน่ายอาหาร,ปากน้ำ,ละงู,สตูล,SAN,2024-08-27,ไม่ผ่านเกณฑ์
แกรนด์คอฟฟี่,ร้านจำหน่ายอาหาร,ปากน้ำ,ละงู,สตูล,SAN,2024-01-26,ไม่ผ่านเกณฑ์
บารารีสอร์ท,ร้านจำหน่ายอาหาร,ปากน้ำ,ละงู,สตูล,SAN,2024-01-26,ไม่ผ่านเกณฑ์
ปิ่นแอนด์มูดา,ร้านจำหน่ายอาหาร,ปากน้ำ,ละงู,สตูล,SAN,2024-01-26,ไม่ผ่านเกณฑ์
แพนแซนเรสเตอรอง,ร้านจำหน่ายอาหาร,ปากน้ำ,ละงู,สตูล,SAN,2024-01-26,ไม่ผ่านเกณฑ์
เซเว่น อีเลฟเว่น สาขาปากบารา,ร้านจำหน่ายอาหาร,ปากน้ำ,ละงู,สตูล,SAN,2024-01-26,ไม่ผ่านเกณฑ์
อินน์บล๊อก,ร้านจำหน่ายอาหาร,ปากน้ำ,ละงู,สตูล,SAN,2024-01-29,ไม่ผ่านเกณฑ์
อิ่มจัง,ร้านจำหน่ายอาหาร,ปากน้ำ,ละงู,สตูล,SAN PLUS,2024-05-30,หมดอายุ
ไมอามี่,ร้านจำหน่ายอาหาร,ปากน้ำ,ละงู,สตูล,SAN,2024-01-29,ไม่ผ่านเกณฑ์
ก๋วยเตี๋ยวเรือริมคลอง,ร้านจำหน่ายอาหาร,ปากน้ำ,ละงู,สตูล,SAN,2024-01-29,ไม่ผ่านเกณฑ์
คาบสมุทร คาเฟ่ แอนด์ อีทเทอรี่,ร้านจำหน่ายอาหาร,ปากน้ำ,ละงู,สตูล,SAN,2024-01-29,ไม่ผ่านเกณฑ์
ฟาฮาน่า เย็นตาโฟ,ร้านจำหน่ายอาหาร,บ้านควน,เมืองสตูล,สตูล,SAN,2025-07-25,รับรอง
ขนมหวาน แม่แหละ,ร้านจำหน่ายอาหาร,บ้านควน,เมืองสตูล,สตูล,มาตรฐาน SAN,2024-02-01,หมดอายุ
บัวลอยจงเจริญ,อื่นๆ,พิมาน,เมืองสตูล,สตูล,SAN,2024-02-24,ไม่ผ่านเกณฑ์
แฟมฟาร์มแอนด์ค่าเฟ่,ร้านจำหน่ายอาหาร,พิมาน,เมืองสตูล,สตูล,SAN PLUS,2024-10-15,รับรอง
ลานนั่งชิว by เฟอร์เฟครูม,ร้านจำหน่ายอาหาร,พิมาน,เมืองสตูล,สตูล,SAN,2024-02-24,ไม่ผ่านเกณฑ์
ริน ริน,ร้านจำหน่ายอาหาร,พิมาน,เมืองสตูล,สตูล,SAN,2024-02-24,ไม่ผ่านเกณฑ์
ชาป่าเมือง,ร้านจำหน่ายอาหาร,พิมาน,เมืองสตูล,สตูล,SAN,2024-02-24,ไม่ผ่านเกณฑ์
Sanshine,ร้านจำหน่ายอาหาร,พิมาน,เมืองสตูล,สตูล,SAN,2024-10-21,รับรอง
178 แอนด์ค่าเฟ่,ร้านจำหน่ายอาหาร,พิมาน,เมืองสตูล,สตูล,SAN,2025-07-31,รับรอง
บังฟาน 2 ,ร้านจำหน่ายอาหาร,พิมาน,เมืองสตูล,สตูล,SAN,2024-02-24,ไม่ผ่านเกณฑ์
ไข่หวานบ้านซูชิ,ร้านจำหน่ายอาหาร,พิมาน,เมืองสตูล,สตูล,SAN,2024-09-17,รับรอง
ก๋วยเตี๋ยวหมูมะนาว,ร้านจำหน่ายอาหาร,พิมาน,เมืองสตูล,สตูล,SAN,2025-01-06,รับรอง
Amazon ปั๊ม ปตท.ลอยวัฒนา,ร้านเครื่องดื่ม,บ้านควน,เมืองสตูล,สตูล,SAN,2024-03-11,ไม่ผ่านเกณฑ์
บังต่วน,ร้านจำหน่ายอาหาร,บ้านควน,เมืองสตูล,สตูล,SAN,2025-07-17,รับรอง
โรตีน้ำชา ป้ายรถเมล์,ร้านจำหน่ายอาหาร,บ้านควน,เมืองสตูล,สตูล,SAN,2024-03-12,ไม่ผ่านเกณฑ์
ก๋วยเตี๋ยวจับโบ้ บ้านควน,ร้านจำหน่ายอาหาร,บ้านควน,เมืองสตูล,สตูล,SAN,2024-03-13,ไม่ผ่านเกณฑ์
น้ำชาปะดา,ร้านเครื่องดื่ม,บ้านควน,เมืองสตูล,สตูล,SAN,2024-03-13,ไม่ผ่านเกณฑ์
ขนมจีนก๊ะนาโคกทราย,ร้านจำหน่ายอาหาร,บ้านควน,เมืองสตูล,สตูล,SAN,2024-03-13,ไม่ผ่านเกณฑ์
ลูกหยีคอฟฟี่,ร้านเครื่องดื่ม,บ้านควน,เมืองสตูล,สตูล,SAN,2024-03-13,ไม่ผ่านเกณฑ์
มีเพย์ Halal home,ร้านจำหน่ายอาหาร,กำแพง,ละงู,สตูล,มาตรฐาน SAN,2024-06-21,หมดอายุ
อะโตย,ร้านจำหน่ายอาหาร,กำแพง,ละงู,สตูล,SAN,2024-06-21,ไม่ผ่านเกณฑ์
สี่พี่น้องก๋วยเตี๋ยวไก่มะระบุฟเฟ่,ร้านจำหน่ายอาหาร,กำแพง,ละงู,สตูล,SAN,2025-05-13,รับรอง
บ.เอก-ชัยดิสทริบิวชั่นซิมเทม จก. (เทสโก้ โลตัส),ร้านจำหน่ายอาหาร,ทุ่งหว้า,ทุ่งหว้า,สตูล,SAN,2024-06-28,ไม่ผ่านเกณฑ์
เดอบัว คาเฟ่,ร้านจำหน่ายอาหาร,คลองขุด,เมืองสตูล,สตูล,มาตรฐาน SAN,2024-06-28,หมดอายุ
คอนเนอร์ ค่าเฟ่,ร้านจำหน่ายอาหาร,ทุ่งนุ้ย,ควนกาหลง,สตูล,มาตรฐาน SAN,2024-06-28,หมดอายุ
นาริ นาริ คาเฟ่,ร้านจำหน่ายอาหาร,ย่านซื่อ,ควนโดน,สตูล,SAN PLUS,2025-06-30,รับรอง
ไอติมริมสระ,ร้านจำหน่ายอาหาร,ปาล์มพัฒนา,มะนัง,สตูล,SAN,2024-08-02,ไม่ผ่านเกณฑ์
เดซี่,ร้านเครื่องดื่ม,ย่านซื่อ,ควนโดน,สตูล,มาตรฐาน SAN,2024-08-06,หมดอายุ
ศูนย์อาหารโรงพยาบาลสตูล,ศูนย์อาหาร,พิมาน,เมืองสตูล,สตูล,มาตรฐาน SAN,2024-08-27,หมดอายุ
Town in home cafe,ร้านเครื่องดื่ม,ป่าแก่บ่อหิน,ทุ่งหว้า,สตูล,มาตรฐาน SAN,2024-09-11,หมดอายุ
เดอบัว คาเฟ่,ร้านจำหน่ายอาหาร,คลองขุด,เมืองสตูล,สตูล,SAN,2024-10-01,ไม่ผ่านเกณฑ์
Canteen,ร้านจำหน่ายอาหาร,คลองขุด,เมืองสตูล,สตูล,SAN,2024-09-26,ไม่ผ่านเกณฑ์
บริษัท เพอร์เฟคดริ้งสตูล จำกัด (อเมซอน),ร้านเครื่องดื่ม,คลองขุด,เมืองสตูล,สตูล,มาตรฐาน SAN,2024-10-01,หมดอายุ
บลูม คาเฟ่ แอนด์ โฮสเทล,ร้านจำหน่ายอาหาร,เกาะสาหร่าย,เมืองสตูล,สตูล,มาตรฐาน SAN,2024-11-20,หมดอายุ
หลีเป๊ะ บีช,ร้านจำหน่ายอาหาร,เกาะสาหร่าย,เมืองสตูล,สตูล,SAN,2024-11-20,ไม่ผ่านเกณฑ์
อันดา รีสอร์ท,ร้านจำหน่ายอาหาร,เกาะสาหร่าย,เมืองสตูล,สตูล,มาตรฐาน SAN,2024-11-20,หมดอายุ
ท่าเล ซีฟู้ด,ร้านจำหน่ายอาหาร,ปากน้ำ,ละงู,สตูล,SAN,2024-11-29,ไม่ผ่านเกณฑ์
เดอะ บาริสต้า คาเฟ่ 	,ร้านจำหน่ายอาหาร,ปากน้ำ,ละงู,สตูล,SAN,2024-12-02,ไม่ผ่านเกณฑ์
หาดใหญ่ ซาซิมิ ปากบารา,ร้านจำหน่ายอาหาร,ปากน้ำ,ละงู,สตูล,SAN,2024-12-02,ไม่ผ่านเกณฑ์
บ้านแยมโรล,ร้านจำหน่ายอาหาร,ปากน้ำ,ละงู,สตูล,SAN,2024-12-02,ไม่ผ่านเกณฑ์
ซีซี รีสอร์ท ,อื่นๆ,ปากน้ำ,ละงู,สตูล,SAN,2024-12-02,ไม่ผ่านเกณฑ์
ภูตะวันซีฟู้ด,ร้านจำหน่ายอาหาร,ปากน้ำ,ละงู,สตูล,SAN,2024-12-02,ไม่ผ่านเกณฑ์
บอมเบย์ อินเดียน,ร้านจำหน่ายอาหาร,เกาะสาหร่าย,เมืองสตูล,สตูล,มาตรฐาน SAN,2025-01-09,หมดอายุ
ร้านแกงปลา,ร้านจำหน่ายอาหาร,พิมาน,เมืองสตูล,สตูล,มาตรฐาน SAN,2025-01-13,หมดอายุ
อาซิปโรตี,ร้านจำหน่ายอาหาร,พิมาน,เมืองสตูล,สตูล,SAN,2025-01-13,ไม่ผ่านเกณฑ์
ต้นจิ อีสานฟู๊ด,ร้านจำหน่ายอาหาร,เกาะสาหร่าย,เมืองสตูล,สตูล,SAN,2025-02-19,ไม่ผ่านเกณฑ์
โก๋จ้อย,ร้านจำหน่ายอาหาร,ทุ่งหว้า,ทุ่งหว้า,สตูล,SAN,2025-07-24,ไม่ผ่านเกณฑ์
จ๊ะสาว,ร้านจำหน่ายอาหาร,ทุ่งหว้า,ทุ่งหว้า,สตูล,มาตรฐาน SAN,2025-02-26,หมดอายุ
จ๊ะสาว,ร้านจำหน่ายอาหาร,ทุ่งหว้า,ทุ่งหว้า,สตูล,SAN,2025-03-19,ไม่ผ่านเกณฑ์
ส้มตำฟาร่า,ร้านจำหน่ายอาหาร,ท่าแพ,ท่าแพ,สตูล,SAN,2025-07-25,รับรอง
ร้านกะอ๊อด,อื่นๆ,กำแพง,ละงู,สตูล,มาตรฐาน SAN,2025-04-09,หมดอายุ
ร้านก๊ะฉ๊ะ,ร้านจำหน่ายอาหาร,กำแพง,ละงู,สตูล,มาตรฐาน SAN,2025-04-10,หมดอายุ
ร้านสุดที่รัก,ร้านจำหน่ายอาหาร,ทุ่งหว้า,ทุ่งหว้า,สตูล,มาตรฐาน SAN,2025-07-24,หมดอายุ
ก๋วยเตี๋ยวหน้าปั๊ม,ร้านจำหน่ายอาหาร,กำแพง,ละงู,สตูล,SAN,2024-11-06,รับรอง
ร้านอุบลปลาเผา,ร้านจำหน่ายอาหาร,กำแพง,ละงู,สตูล,SAN,2024-11-06,รับรอง
์NF เบอเกอรี่,ร้านเครื่องดื่ม,กำแพง,ละงู,สตูล,SAN,2025-07-27,รับรอง
ฟารานัสอาหารเช้า,ร้านจำหน่ายอาหาร,กำแพง,ละงู,สตูล,SAN,2025-07-31,ไม่ผ่านเกณฑ์
ร้าน ณ ละงู,ร้านจำหน่ายอาหาร,กำแพง,ละงู,สตูล,SAN,2025-07-31,ไม่ผ่านเกณฑ์
ร้านบังบ่าว,ร้านจำหน่ายอาหาร,กำแพง,ละงู,สตูล,SAN,2025-07-31,ไม่ผ่านเกณฑ์
ร้านข้าวคลุกกะปิ,ร้านจำหน่ายอาหาร,กำแพง,ละงู,สตูล,SAN,2024-12-26,รับรอง
ข้าวแกงจะสุ,ร้านจำหน่ายอาหาร,กำแพง,ละงู,สตูล,SAN,2025-07-31,ไม่ผ่านเกณฑ์
ก๊ะนาข้าวเหนียวมะม่วง,อื่นๆ,กำแพง,ละงู,สตูล,SAN,2025-07-31,ไม่ผ่านเกณฑ์
ข้าวแกงบังกาก,ร้านจำหน่ายอาหาร,กำแพง,ละงู,สตูล,SAN,2025-01-17,รับรอง
ก๋วยเตี๋ยวหวาเหมาะ,ร้านจำหน่ายอาหาร,กำแพง,ละงู,สตูล,SAN,2025-07-31,ไม่ผ่านเกณฑ์
TWIN CAFF,ร้านจำหน่ายอาหาร,กำแพง,ละงู,สตูล,SAN PLUS,2024-12-24,รับรอง
น้ำชาครูบาหรี,ร้านจำหน่ายอาหาร,กำแพง,ละงู,สตูล,SAN,2025-01-14,รับรอง
KFC สาขาละงู,ร้านจำหน่ายอาหาร,กำแพง,ละงู,สตูล,SAN,2025-01-08,รับรอง
ชาพะยอม,ร้านเครื่องดื่ม,กำแพง,ละงู,สตูล,SAN,2025-01-08,รับรอง
อาร์นชาละงู,ร้านเครื่องดื่ม,กำแพง,ละงู,สตูล,SAN,2025-01-08,รับรอง
คนคอน,ร้านจำหน่ายอาหาร,กำแพง,ละงู,สตูล,SAN,2025-07-31,ไม่ผ่านเกณฑ์
ข้าวแกงก๊ะย๊ะ,ร้านจำหน่ายอาหาร,กำแพง,ละงู,สตูล,SAN,2024-12-25,รับรอง
ร้านจ๊ะแดง,ร้านจำหน่ายอาหาร,กำแพง,ละงู,สตูล,SAN,2025-01-14,รับรอง
โสภาข้าวขาหมู,ร้านจำหน่ายอาหาร,กำแพง,ละงู,สตูล,SAN,2025-07-31,ไม่ผ่านเกณฑ์
ส้อส้มตำ,ร้านจำหน่ายอาหาร,กำแพง,ละงู,สตูล,SAN,2025-06-26,รับรอง
กล้วยทอดกะย๊ะ,ร้านเครื่องดื่ม,กำแพง,ละงู,สตูล,SAN,2025-01-31,รับรอง
กะโสม,ร้านจำหน่ายอาหาร,กำแพง,ละงู,สตูล,SAN,2025-01-31,รับรอง
เอ็มซี คาเฟ่ (MC Cafe' & Restaurant),ร้านจำหน่ายอาหาร,คลองขุด,เมืองสตูล,สตูล,SAN,2025-02-05,รับรอง
เอ็มซี คาเฟ่ (MC Cafe' & Restaurant),ร้านจำหน่ายอาหาร,คลองขุด,เมืองสตูล,สตูล,SAN,2025-02-07,รับรอง
เอ็มซี คาเฟ่ (MC Cafe' & Restaurant),ร้านจำหน่ายอาหาร,คลองขุด,เมืองสตูล,สตูล,SAN,2025-07-07,ไม่ผ่านเกณฑ์
ครัวธนวัฒน์,โรงอาหาร,คลองขุด,เมืองสตูล,สตูล,SAN,2025-07-07,ไม่ผ่านเกณฑ์
ศูนย์พัฒนาเด็กเล็กเทศบาลตำบลคลองขุด,โรงอาหาร,คลองขุด,เมืองสตูล,สตูล,SAN,2025-07-07,ไม่ผ่านเกณฑ์
แครี ควีน,อื่นๆ,คลองขุด,เมืองสตูล,สตูล,SAN,2025-07-07,ไม่ผ่านเกณฑ์
โรงเลี้ยงกองพัน ค่ายสมัตรัฐบุรินทร์,โรงอาหาร,คลองขุด,เมืองสตูล,สตูล,SAN PLUS,2025-07-30,รับรอง
พานวาปาท่องโก๋,อื่นๆ,ป่าแก่บ่อหิน,ทุ่งหว้า,สตูล,SAN,2025-07-16,ไม่ผ่านเกณฑ์
เจ้ติ๊ก,ร้านจำหน่ายอาหาร,ป่าแก่บ่อหิน,ทุ่งหว้า,สตูล,SAN,2025-07-16,ไม่ผ่านเกณฑ์
ป้าแตงอาหารตามสั่ง,ร้านจำหน่ายอาหาร,ป่าแก่บ่อหิน,ทุ่งหว้า,สตูล,SAN,2025-07-16,ไม่ผ่านเกณฑ์
เจ้ทัย,ร้านจำหน่ายอาหาร,ป่าแก่บ่อหิน,ทุ่งหว้า,สตูล,SAN,2025-07-16,ไม่ผ่านเกณฑ์
ร้านสูหยาม,โรงอาหาร,ป่าแก่บ่อหิน,ทุ่งหว้า,สตูล,SAN,2025-07-18,ไม่ผ่านเกณฑ์
ร้านกะญา,โรงอาหาร,ป่าแก่บ่อหิน,ทุ่งหว้า,สตูล,SAN,2025-03-14,รับรอง
ร้านกะตัน,โรงอาหาร,ป่าแก่บ่อหิน,ทุ่งหว้า,สตูล,SAN,2025-04-08,รับรอง
ร้านจ้ะแหม่มน้ำหวาน,โรงอาหาร,ป่าแก่บ่อหิน,ทุ่งหว้า,สตูล,SAN,2025-07-18,ไม่ผ่านเกณฑ์
ร้านกะวัลลา,โรงอาหาร,ป่าแก่บ่อหิน,ทุ่งหว้า,สตูล,SAN,2025-03-21,รับรอง
ร้านจ้ะหนาผลไม้,โรงอาหาร,ป่าแก่บ่อหิน,ทุ่งหว้า,สตูล,SAN,2025-07-18,ไม่ผ่านเกณฑ์
ร้านป้ารีย์,ร้านเครื่องดื่ม,ป่าแก่บ่อหิน,ทุ่งหว้า,สตูล,SAN,2025-05-07,รับรอง
ร้านก๋วยเตี๋ยวโต๊ะฉิว,ร้านจำหน่ายอาหาร,ป่าแก่บ่อหิน,ทุ่งหว้า,สตูล,SAN,2025-05-20,รับรอง
ร้านลูกปู,ร้านจำหน่ายอาหาร,กำแพง,ละงู,สตูล,SAN,2025-07-31,ไม่ผ่านเกณฑ์
จิรพันธ์,ร้านจำหน่ายอาหาร,กำแพง,ละงู,สตูล,SAN,2025-07-31,ไม่ผ่านเกณฑ์
ครัวกันเอง,ร้านจำหน่ายอาหาร,กำแพง,ละงู,สตูล,SAN,2025-07-31,ไม่ผ่านเกณฑ์
ร้านโกเส้งข้าวขาหมู,ร้านจำหน่ายอาหาร,กำแพง,ละงู,สตูล,SAN,2025-07-31,ไม่ผ่านเกณฑ์
บังหนัน,ร้านจำหน่ายอาหาร,กำแพง,ละงู,สตูล,SAN,2025-07-31,ไม่ผ่านเกณฑ์
94 ealery,ร้านจำหน่ายอาหาร,กำแพง,ละงู,สตูล,SAN,2025-07-31,ไม่ผ่านเกณฑ์
ละงูเบอเกอรี่,ร้านเครื่องดื่ม,กำแพง,ละงู,สตูล,SAN,2025-04-05,รับรอง
วังชะโอน,ร้านจำหน่ายอาหาร,กำแพง,ละงู,สตูล,SAN,2025-04-05,รับรอง
ร้านคาเมรอล,ร้านจำหน่ายอาหาร,กำแพง,ละงู,สตูล,SAN,2025-07-31,ไม่ผ่านเกณฑ์
บ้านไม้คาเฟ่,ร้านจำหน่ายอาหาร,กำแพง,ละงู,สตูล,SAN,2025-07-31,ไม่ผ่านเกณฑ์
ร้านบีฮายฮิลล์ รีสอร์ต,ร้านจำหน่ายอาหาร,ทุ่งนุ้ย,ควนกาหลง,สตูล,SAN,2025-08-01,ไม่ผ่านเกณฑ์
