name,type,subdistrict,district,province,standard,approve_date,status
222 station,ร้านจำหน่ายอาหาร,หางน้ำสาคร,มโนรมย์,ชัยนาท,SAN,2025-02-03,ไม่ผ่านเกณฑ์
เจริญกรุง,ร้านจำหน่ายอาหาร,วังไก่เถื่อน,หันคา,ชัยนาท,SAN,2024-08-28,รับรอง
บ้านย่านาสวน,ร้านจำหน่ายอาหาร,หาดท่าเสา,เมืองชัยนาท,ชัยนาท,SAN,2024-10-22,รับรอง
210กาแฟ&กระเพรา,ร้านจำหน่ายอาหาร,นางลือ,เมืองชัยนาท,ชัยนาท,SAN,2024-10-22,รับรอง
โทริชาบู,ร้านบุฟเฟ่ต์ (ปิ้งย่าง/ชาบู/สุกี้),ในเมือง,เมืองชัยนาท,ชัยนาท,SAN,2025-02-03,ไม่ผ่านเกณฑ์
มนต์รักแซลมอน,ร้านจำหน่ายอาหาร,บ้านกล้วย,เมืองชัยนาท,ชัยนาท,SAN,2025-06-16,ไม่ผ่านเกณฑ์
หมูจุ่มท่าแจง,ร้านจำหน่ายอาหาร,ในเมือง,เมืองชัยนาท,ชัยนาท,SAN,2025-07-31,ไม่ผ่านเกณฑ์
ที่เก่า,ร้านจำหน่ายอาหาร,เขาท่าพระ,เมืองชัยนาท,ชัยนาท,SAN,2024-06-12,ไม่ผ่านเกณฑ์
ลาบเป็ดชัยนาท,ร้านจำหน่ายอาหาร,เขาท่าพระ,เมืองชัยนาท,ชัยนาท,SAN,2024-06-12,ไม่ผ่านเกณฑ์
ครัวปักษาชมบัว โรงแรมเจ้าพระยาริเวอร์ไซด์,ร้านจำหน่ายอาหาร,บ้านกล้วย,เมืองชัยนาท,ชัยนาท,SAN,2024-06-12,ไม่ผ่านเกณฑ์
สำรับกับข้าว,ร้านจำหน่ายอาหาร,บ้านกล้วย,เมืองชัยนาท,ชัยนาท,SAN,2024-06-12,ไม่ผ่านเกณฑ์
ควายเกษตร,ร้านจำหน่ายอาหาร,อู่ตะเภา,มโนรมย์,ชัยนาท,มาตรฐาน SAN,2024-06-12,หมดอายุ
ริเช่ฟาร์ม,ร้านจำหน่ายอาหาร,คุ้งสำเภา,มโนรมย์,ชัยนาท,มาตรฐาน SAN,2024-06-12,หมดอายุ
โรงอาหารเรือนจำจังหวัดชัยนาท,โรงอาหาร,ในเมือง,เมืองชัยนาท,ชัยนาท,SAN,2024-06-12,ไม่ผ่านเกณฑ์
รสนิยม,ร้านจำหน่ายอาหาร,ชัยนาท,เมืองชัยนาท,ชัยนาท,SAN,2024-06-12,ไม่ผ่านเกณฑ์
ตำแซบสะเด็ด,ร้านจำหน่ายอาหาร,วัดสิงห์,วัดสิงห์,ชัยนาท,มาตรฐาน SAN,2024-06-12,หมดอายุ
ครัวท่าน้ำอ้อย,ร้านจำหน่ายอาหาร,ท่าฉนวน,มโนรมย์,ชัยนาท,SAN,2024-06-12,ไม่ผ่านเกณฑ์
ข้าวแฟ2397,ร้านจำหน่ายอาหาร,หางน้ำสาคร,มโนรมย์,ชัยนาท,มาตรฐาน SAN,2024-06-12,หมดอายุ
ร้านปลา ครัวท่าน้ำอ้อยสาขา3,ร้านจำหน่ายอาหาร,หางน้ำสาคร,มโนรมย์,ชัยนาท,มาตรฐาน SAN,2024-06-12,หมดอายุ
ครัวมโนภิรมย์,ร้านจำหน่ายอาหาร,หางน้ำสาคร,มโนรมย์,ชัยนาท,SAN,2024-09-02,รับรอง
ปูท่าโบสถ์,ร้านจำหน่ายอาหาร,สามง่ามท่าโบสถ์,หันคา,ชัยนาท,SAN,2024-06-12,ไม่ผ่านเกณฑ์
โอซาก้า สาขา 2 มัจฉะ บ่เซบบ่เสริ์ฟ,ร้านจำหน่ายอาหาร,ชัยนาท,เมืองชัยนาท,ชัยนาท,SAN,2024-06-12,ไม่ผ่านเกณฑ์
ครัวทรัพย์มณีย์,ร้านจำหน่ายอาหาร,มะขามเฒ่า,วัดสิงห์,ชัยนาท,มาตรฐาน SAN,2024-06-12,หมดอายุ
แอนสเต็ก,ร้านจำหน่ายอาหาร,วัดสิงห์,วัดสิงห์,ชัยนาท,มาตรฐาน SAN,2024-06-12,หมดอายุ
ชมข้าวคาเฟ่,ร้านจำหน่ายอาหาร,ศิลาดาน,มโนรมย์,ชัยนาท,มาตรฐาน SAN,2024-06-12,หมดอายุ
กินปลามโนรมย์,ร้านจำหน่ายอาหาร,วัดโคก,มโนรมย์,ชัยนาท,SAN,2024-06-12,ไม่ผ่านเกณฑ์
กินปลา,ร้านจำหน่ายอาหาร,มะขามเฒ่า,วัดสิงห์,ชัยนาท,SAN,2024-06-12,ไม่ผ่านเกณฑ์
ต้นตะขบ,ร้านจำหน่ายอาหาร,บางหลวง,สรรพยา,ชัยนาท,มาตรฐาน SAN,2024-06-13,หมดอายุ
กันและกัน,ร้านจำหน่ายอาหาร,มะขามเฒ่า,วัดสิงห์,ชัยนาท,SAN PLUS,2024-07-16,หมดอายุ
อินดี้สเต็กคาเฟ หางน้ำสาคร,ร้านจำหน่ายอาหาร,หางน้ำสาคร,มโนรมย์,ชัยนาท,มาตรฐาน SAN,2024-06-13,หมดอายุ
นลินธรณ์สวนเกษตร,ร้านจำหน่ายอาหาร,โพนางดำตก,สรรพยา,ชัยนาท,มาตรฐาน SAN,2024-06-13,หมดอายุ
ครัวบ้านนา,ร้านจำหน่ายอาหาร,ตลุก,สรรพยา,ชัยนาท,มาตรฐาน SAN,2024-06-13,หมดอายุ
ครัวบ้านอ้อยริมน้ำ,ร้านจำหน่ายอาหาร,สรรพยา,สรรพยา,ชัยนาท,SAN,2024-06-13,ไม่ผ่านเกณฑ์
คุณยายคาเฟ่,ร้านจำหน่ายอาหาร,โพงาม,สรรคบุรี,ชัยนาท,มาตรฐาน SAN,2024-06-13,หมดอายุ
มุกศ์ริมทุ่ง,ร้านจำหน่ายอาหาร,บางหลวง,สรรพยา,ชัยนาท,SAN,2024-06-13,ไม่ผ่านเกณฑ์
ครัวดงคอน,ร้านจำหน่ายอาหาร,ดงคอน,สรรคบุรี,ชัยนาท,SAN,2025-06-16,ไม่ผ่านเกณฑ์
ครัวนิด-อ้อ,ร้านจำหน่ายอาหาร,ดงคอน,สรรคบุรี,ชัยนาท,SAN PLUS,2024-03-19,หมดอายุ
แซบปากอ้า,ร้านจำหน่ายอาหาร,โพงาม,สรรคบุรี,ชัยนาท,มาตรฐาน SAN,2024-06-13,หมดอายุ
ครัวป้านา,ร้านจำหน่ายอาหาร,แพรกศรีราชา,สรรคบุรี,ชัยนาท,SAN,2024-06-13,ไม่ผ่านเกณฑ์
แปะข้าวต้ม,ร้านจำหน่ายอาหาร,หันคา,หันคา,ชัยนาท,SAN,2024-06-13,ไม่ผ่านเกณฑ์
ครัวบุญทัน,ร้านจำหน่ายอาหาร,แพรกศรีราชา,สรรคบุรี,ชัยนาท,SAN,2024-06-14,ไม่ผ่านเกณฑ์
แปะเส่ง,ร้านจำหน่ายอาหาร,หันคา,หันคา,ชัยนาท,SAN,2024-06-13,ไม่ผ่านเกณฑ์
โกอ่างข้าวต้ม,ร้านจำหน่ายอาหาร,หันคา,หันคา,ชัยนาท,SAN,2024-06-13,ไม่ผ่านเกณฑ์
ลาบขอนแก่น,ร้านจำหน่ายอาหาร,หันคา,หันคา,ชัยนาท,SAN,2024-06-13,ไม่ผ่านเกณฑ์
จ๊อดเย็นเจียบ,ร้านจำหน่ายอาหาร,สามง่ามท่าโบสถ์,หันคา,ชัยนาท,มาตรฐาน SAN,2024-06-13,หมดอายุ
บ้านสวนริมบึงชัยนาท,ร้านจำหน่ายอาหาร,หาดท่าเสา,เมืองชัยนาท,ชัยนาท,มาตรฐาน SAN,2024-06-14,หมดอายุ
ครัวตาโหน่ง,ร้านจำหน่ายอาหาร,สามง่ามท่าโบสถ์,หันคา,ชัยนาท,มาตรฐาน SAN,2024-06-14,หมดอายุ
เนรมิตรคาเฟ่,ร้านจำหน่ายอาหาร,อู่ตะเภา,มโนรมย์,ชัยนาท,มาตรฐาน SAN,2024-06-14,หมดอายุ
ส้มตำทองเอก,ร้านจำหน่ายอาหาร,อู่ตะเภา,มโนรมย์,ชัยนาท,SAN,2024-06-14,ไม่ผ่านเกณฑ์
ริมชล,ร้านจำหน่ายอาหาร,วัดโคก,มโนรมย์,ชัยนาท,มาตรฐาน SAN,2024-06-14,หมดอายุ
ลัลดาหมูกระทะ,ร้านบุฟเฟ่ต์ (ปิ้งย่าง/ชาบู/สุกี้),สุขเดือนห้า,เนินขาม,ชัยนาท,มาตรฐาน SAN,2024-06-14,หมดอายุ
ครัวนกน้อย,ร้านจำหน่ายอาหาร,วังตะเคียน,หนองมะโมง,ชัยนาท,SAN,2025-06-06,รับรอง
ลาบคนเมือง,ร้านจำหน่ายอาหาร,ชัยนาท,เมืองชัยนาท,ชัยนาท,มาตรฐาน SAN,2024-06-14,หมดอายุ
สวนอาหารสะพานสี่,ร้านจำหน่ายอาหาร,ชัยนาท,เมืองชัยนาท,ชัยนาท,มาตรฐาน SAN,2024-06-14,หมดอายุ
หางกรวดริเวอร์ไซต์,ร้านจำหน่ายอาหาร,เขาท่าพระ,เมืองชัยนาท,ชัยนาท,SAN,2024-06-14,ไม่ผ่านเกณฑ์
กุ้งเผาทองแท้,ร้านจำหน่ายอาหาร,ในเมือง,เมืองชัยนาท,ชัยนาท,SAN,2024-06-14,ไม่ผ่านเกณฑ์
เรือนแพ,ร้านจำหน่ายอาหาร,ในเมือง,เมืองชัยนาท,ชัยนาท,มาตรฐาน SAN,2024-06-14,หมดอายุ
ครัวตั้งจตุพร,ร้านจำหน่ายอาหาร,หาดอาษา,สรรพยา,ชัยนาท,มาตรฐาน SAN,2024-06-14,หมดอายุ
หวานเจี๊ยบ,ร้านจำหน่ายอาหาร,เขาท่าพระ,เมืองชัยนาท,ชัยนาท,มาตรฐาน SAN,2025-07-31,หมดอายุ
ร้านแพอาหารรุ่ง,ร้านจำหน่ายอาหาร,บ้านกล้วย,เมืองชัยนาท,ชัยนาท,SAN,2024-06-14,ไม่ผ่านเกณฑ์
ครัวตั้งหลัก,ร้านจำหน่ายอาหาร,ในเมือง,เมืองชัยนาท,ชัยนาท,มาตรฐาน SAN,2024-06-14,หมดอายุ
แพริมน้ำ,ร้านจำหน่ายอาหาร,บ้านกล้วย,เมืองชัยนาท,ชัยนาท,SAN,2024-06-14,ไม่ผ่านเกณฑ์
ลาบนัว,ร้านจำหน่ายอาหาร,ในเมือง,เมืองชัยนาท,ชัยนาท,มาตรฐาน SAN,2024-06-14,หมดอายุ
สุรัตน์,ร้านจำหน่ายอาหาร,แพรกศรีราชา,สรรคบุรี,ชัยนาท,SAN,2024-06-24,ไม่ผ่านเกณฑ์
ต้นยาง,ร้านจำหน่ายอาหาร,แพรกศรีราชา,สรรคบุรี,ชัยนาท,มาตรฐาน SAN,2024-06-24,หมดอายุ
ข้าวต้มป้าณา,ร้านจำหน่ายอาหาร,แพรกศรีราชา,สรรคบุรี,ชัยนาท,SAN,2024-06-24,ไม่ผ่านเกณฑ์
ครัวข้าวแต๋น,ร้านจำหน่ายอาหาร,แพรกศรีราชา,สรรคบุรี,ชัยนาท,SAN,2024-06-24,ไม่ผ่านเกณฑ์
เตี๋ยวนายเล้ง,ร้านจำหน่ายอาหาร,แพรกศรีราชา,สรรคบุรี,ชัยนาท,มาตรฐาน SAN,2024-06-24,หมดอายุ
ข้าวต้มน้องมีนา(ครัวหลานยายแพ),ร้านจำหน่ายอาหาร,แพรกศรีราชา,สรรคบุรี,ชัยนาท,SAN,2024-06-24,ไม่ผ่านเกณฑ์
ครัวแพริมน้ำ,ร้านจำหน่ายอาหาร,แพรกศรีราชา,สรรคบุรี,ชัยนาท,SAN,2025-07-30,รับรอง
มิตรมงคล,ร้านจำหน่ายอาหาร,แพรกศรีราชา,สรรคบุรี,ชัยนาท,SAN,2024-06-25,ไม่ผ่านเกณฑ์
ลาบขอนแก่นสรรคบุรี,ร้านจำหน่ายอาหาร,แพรกศรีราชา,สรรคบุรี,ชัยนาท,SAN,2024-06-25,ไม่ผ่านเกณฑ์
สุวดี สุกี๊ ในตำนาน,ร้านจำหน่ายอาหาร,แพรกศรีราชา,สรรคบุรี,ชัยนาท,มาตรฐาน SAN,2024-06-25,หมดอายุ
ลัดดา,ร้านจำหน่ายอาหาร,แพรกศรีราชา,สรรคบุรี,ชัยนาท,มาตรฐาน SAN,2024-06-25,หมดอายุ
พูลสุข,ร้านจำหน่ายอาหาร,แพรกศรีราชา,สรรคบุรี,ชัยนาท,มาตรฐาน SAN,2024-06-25,หมดอายุ
ข้าวต้มเจ๊หวิน,ร้านจำหน่ายอาหาร,แพรกศรีราชา,สรรคบุรี,ชัยนาท,SAN,2024-06-25,ไม่ผ่านเกณฑ์
ก๋วยเตี๋ยวสี่จอ,ร้านจำหน่ายอาหาร,มะขามเฒ่า,วัดสิงห์,ชัยนาท,มาตรฐาน SAN,2024-06-25,หมดอายุ
ก๋วยเตี๋ยวชามเล็ก,ร้านจำหน่ายอาหาร,วัดสิงห์,วัดสิงห์,ชัยนาท,มาตรฐาน SAN,2024-06-26,หมดอายุ
ครัวข้าวปั้ม,ร้านจำหน่ายอาหาร,มะขามเฒ่า,วัดสิงห์,ชัยนาท,มาตรฐาน SAN,2024-06-26,หมดอายุ
ข้าวแกงป้าสำรี,ร้านจำหน่ายอาหาร,วัดสิงห์,วัดสิงห์,ชัยนาท,SAN,2024-10-02,รับรอง
ป้าควร,ร้านจำหน่ายอาหาร,วัดสิงห์,วัดสิงห์,ชัยนาท,SAN,2024-06-26,ไม่ผ่านเกณฑ์
ป้าแขก,ร้านจำหน่ายอาหาร,วัดสิงห์,วัดสิงห์,ชัยนาท,SAN,2024-06-26,ไม่ผ่านเกณฑ์
ป้าหนู,ร้านจำหน่ายอาหาร,วัดสิงห์,วัดสิงห์,ชัยนาท,SAN,2024-06-26,ไม่ผ่านเกณฑ์
สิบสองอร่อย,ร้านจำหน่ายอาหาร,บ้านกล้วย,เมืองชัยนาท,ชัยนาท,SAN,2025-02-03,ไม่ผ่านเกณฑ์
ศิรเยนตาโฟ,ร้านจำหน่ายอาหาร,ในเมือง,เมืองชัยนาท,ชัยนาท,มาตรฐาน SAN,2025-01-03,หมดอายุ
โตโภชนา,ร้านจำหน่ายอาหาร,ในเมือง,เมืองชัยนาท,ชัยนาท,SAN,2024-09-17,ไม่ผ่านเกณฑ์
บ้านเลขที่79,ร้านจำหน่ายอาหาร,หาดท่าเสา,เมืองชัยนาท,ชัยนาท,มาตรฐาน SAN,2025-02-03,หมดอายุ
ครัวชลนภา,ร้านจำหน่ายอาหาร,วังตะเคียน,หนองมะโมง,ชัยนาท,มาตรฐาน SAN,2025-02-03,หมดอายุ
ละมุน,ร้านบุฟเฟ่ต์ (ปิ้งย่าง/ชาบู/สุกี้),หันคา,หันคา,ชัยนาท,มาตรฐาน SAN,2025-02-03,หมดอายุ
ข้ามต้มต้องมา,ร้านจำหน่ายอาหาร,ในเมือง,เมืองชัยนาท,ชัยนาท,มาตรฐาน SAN,2025-07-31,หมดอายุ
กาแฟใบบุญ,ร้านเครื่องดื่ม,สรรพยา,สรรพยา,ชัยนาท,SAN,2025-07-25,รับรอง
ตำ ยำ ข้าว,ร้านจำหน่ายอาหาร,สรรพยา,สรรพยา,ชัยนาท,SAN,2025-02-27,ไม่ผ่านเกณฑ์
ฮาร์ทหมูกะทะ,ร้านบุฟเฟ่ต์ (ปิ้งย่าง/ชาบู/สุกี้),สรรพยา,สรรพยา,ชัยนาท,SAN,2025-07-25,รับรอง
ก๋วยเตี๋ยวไม้ฟืน,ร้านจำหน่ายอาหาร,สรรพยา,สรรพยา,ชัยนาท,มาตรฐาน SAN,2025-02-27,หมดอายุ
มาดิ คาเฟ่,ร้านเครื่องดื่ม,สามง่ามท่าโบสถ์,หันคา,ชัยนาท,SAN,2025-07-25,รับรอง
coffee terrace,ร้านจำหน่ายอาหาร,เขาท่าพระ,เมืองชัยนาท,ชัยนาท,SAN,2025-03-28,ไม่ผ่านเกณฑ์
ฟาร์มรัก,ร้านจำหน่ายอาหาร,บ้านกล้วย,เมืองชัยนาท,ชัยนาท,SAN,2025-03-19,ไม่ผ่านเกณฑ์
Mitr coffee bar,ร้านจำหน่ายอาหาร,บ้านกล้วย,เมืองชัยนาท,ชัยนาท,SAN,2025-07-21,รับรอง
ดีนะ,ร้านเครื่องดื่ม,แพรกศรีราชา,สรรคบุรี,ชัยนาท,SAN,2025-03-24,ไม่ผ่านเกณฑ์
ทองสวย กาแฟสด,ร้านเครื่องดื่ม,แพรกศรีราชา,สรรคบุรี,ชัยนาท,SAN,2025-03-24,ไม่ผ่านเกณฑ์
ลาบเชียงราย,ร้านจำหน่ายอาหาร,ในเมือง,เมืองชัยนาท,ชัยนาท,SAN,2025-08-22,รับรอง
โคจิ สาขาชัยนาท,ร้านจำหน่ายอาหาร,เขาท่าพระ,เมืองชัยนาท,ชัยนาท,มาตรฐาน SAN,2025-04-23,หมดอายุ
เสบียง,ร้านจำหน่ายอาหาร,คุ้งสำเภา,มโนรมย์,ชัยนาท,SAN,2025-04-25,ไม่ผ่านเกณฑ์
เจ๊ยู้ กระเพาะปลา,ร้านจำหน่ายอาหาร,บ้านกล้วย,เมืองชัยนาท,ชัยนาท,มาตรฐาน SAN,2025-05-20,หมดอายุ
เฉลิมกรุง,ร้านจำหน่ายอาหาร,ในเมือง,เมืองชัยนาท,ชัยนาท,SAN PLUS,2025-06-23,รับรอง
กะเพราหอม,ร้านจำหน่ายอาหาร,ในเมือง,เมืองชัยนาท,ชัยนาท,มาตรฐาน SAN,2025-07-21,หมดอายุ
ผัดไทร้อย 9 กระทะ,ร้านจำหน่ายอาหาร,ในเมือง,เมืองชัยนาท,ชัยนาท,มาตรฐาน SAN,2025-07-31,หมดอายุ
เจี๊ยะเต้ เจี๊ยะปึ่ง,ร้านจำหน่ายอาหาร,ในเมือง,เมืองชัยนาท,ชัยนาท,มาตรฐาน SAN,2025-07-21,หมดอายุ
โกฮับ ริมน้ำ,ร้านจำหน่ายอาหาร,ในเมือง,เมืองชัยนาท,ชัยนาท,มาตรฐาน SAN,2025-05-22,หมดอายุ
พี่ปุ๊ก อาหารตามสั่ง,ร้านจำหน่ายอาหาร,ในเมือง,เมืองชัยนาท,ชัยนาท,มาตรฐาน SAN,2025-07-21,หมดอายุ
เคี๊ยง เอมไพร์,ร้านจำหน่ายอาหาร,ในเมือง,เมืองชัยนาท,ชัยนาท,มาตรฐาน SAN,2025-07-21,หมดอายุ
ก๋วยเตี๋ยวตาเริ่ม,ร้านจำหน่ายอาหาร,ในเมือง,เมืองชัยนาท,ชัยนาท,มาตรฐาน SAN,2025-07-21,หมดอายุ
กันเองเย็นตาโฟ,ร้านจำหน่ายอาหาร,ในเมือง,เมืองชัยนาท,ชัยนาท,มาตรฐาน SAN,2025-07-21,หมดอายุ
แฉล้มเยนตาโฟ,ร้านจำหน่ายอาหาร,ในเมือง,เมืองชัยนาท,ชัยนาท,มาตรฐาน SAN,2025-07-21,หมดอายุ
หนม นม เนย,ร้านจำหน่ายอาหาร,ในเมือง,เมืองชัยนาท,ชัยนาท,มาตรฐาน SAN,2025-07-31,หมดอายุ
ครูติ๊ด ภาษีซุง,ร้านเครื่องดื่ม,ในเมือง,เมืองชัยนาท,ชัยนาท,มาตรฐาน SAN,2025-07-21,หมดอายุ
ซูซิ ยูกิจัง,ร้านจำหน่ายอาหาร,บ้านกล้วย,เมืองชัยนาท,ชัยนาท,มาตรฐาน SAN,2025-07-21,หมดอายุ
ชาบูเสียบไม้,อื่นๆ,ในเมือง,เมืองชัยนาท,ชัยนาท,SAN,2025-08-22,รับรอง
ปลูกเพาะรัก,ร้านจำหน่ายอาหาร,ในเมือง,เมืองชัยนาท,ชัยนาท,มาตรฐาน SAN,2025-07-21,หมดอายุ
ลัดดาขาหมู,ร้านจำหน่ายอาหาร,ในเมือง,เมืองชัยนาท,ชัยนาท,มาตรฐาน SAN,2025-07-31,หมดอายุ
นักเลงโรงเตี๊ยม,ร้านจำหน่ายอาหาร,บ้านกล้วย,เมืองชัยนาท,ชัยนาท,มาตรฐาน SAN,2025-07-21,หมดอายุ
ท่าโบสถ์,ร้านจำหน่ายอาหาร,ในเมือง,เมืองชัยนาท,ชัยนาท,มาตรฐาน SAN,2025-07-31,หมดอายุ
กีต้าร์ ก๋วยเตี๋ยวไก่มะระ ตุ๋นยาจีน,ร้านจำหน่ายอาหาร,บ้านกล้วย,เมืองชัยนาท,ชัยนาท,SAN,2025-07-21,ไม่ผ่านเกณฑ์
กุ้งเผาทองแท้,ร้านจำหน่ายอาหาร,ในเมือง,เมืองชัยนาท,ชัยนาท,มาตรฐาน SAN,2025-07-31,หมดอายุ
เจ๊เล็กเชิญชิม,ร้านจำหน่ายอาหาร,ในเมือง,เมืองชัยนาท,ชัยนาท,SAN,2025-07-03,รับรอง
ก๋วยเตี๋ยวต้มยำมะนาวสด,ร้านจำหน่ายอาหาร,ในเมือง,เมืองชัยนาท,ชัยนาท,SAN,2025-07-03,รับรอง
ร้านครัวคุณนาย,ร้านจำหน่ายอาหาร,หนองมะโมง,หนองมะโมง,ชัยนาท,SAN,2025-06-09,ไม่ผ่านเกณฑ์
ล้านชิวชิวหนองมะโมง,ร้านจำหน่ายอาหาร,หนองมะโมง,หนองมะโมง,ชัยนาท,SAN,2025-07-31,ไม่ผ่านเกณฑ์
ครัวตั้งจตุพร,ร้านจำหน่ายอาหาร,หาดอาษา,สรรพยา,ชัยนาท,SAN,2025-06-11,ไม่ผ่านเกณฑ์
ครัวตั้งจตุพร,ร้านจำหน่ายอาหาร,หาดอาษา,สรรพยา,ชัยนาท,SAN,2024-11-06,รับรอง
ต้นตะขบ,ร้านจำหน่ายอาหาร,บางหลวง,สรรพยา,ชัยนาท,SAN,2025-06-11,ไม่ผ่านเกณฑ์
เฟรนด์ คาเฟ่ กาแฟกลางทุ่ง,ร้านจำหน่ายอาหาร,ห้วยกรด,สรรคบุรี,ชัยนาท,SAN,2024-11-06,รับรอง
นลินธรณ์สวนเกษตร,ร้านจำหน่ายอาหาร,โพนางดำตก,สรรพยา,ชัยนาท,SAN,2025-07-28,รับรอง
ครัวบุญทัน,ร้านจำหน่ายอาหาร,แพรกศรีราชา,สรรคบุรี,ชัยนาท,SAN,2025-07-28,รับรอง
ครัวข้าวแต๋น,ร้านจำหน่ายอาหาร,แพรกศรีราชา,สรรคบุรี,ชัยนาท,SAN,2025-06-13,ไม่ผ่านเกณฑ์
เตี๋ยวนายเล้ง,ร้านจำหน่ายอาหาร,แพรกศรีราชา,สรรคบุรี,ชัยนาท,SAN,2025-07-28,รับรอง
ข้าวต้มน้องมีนา(ครัวหลานยายแพ),ร้านจำหน่ายอาหาร,แพรกศรีราชา,สรรคบุรี,ชัยนาท,SAN,2024-11-08,รับรอง
ครัวแพริมน้ำ,ร้านจำหน่ายอาหาร,แพรกศรีราชา,สรรคบุรี,ชัยนาท,SAN,2025-05-01,รับรอง
มิตรมงคล,ร้านจำหน่ายอาหาร,แพรกศรีราชา,สรรคบุรี,ชัยนาท,SAN,2025-07-28,รับรอง
ลาบขอนแก่นสรรคบุรี,ร้านจำหน่ายอาหาร,แพรกศรีราชา,สรรคบุรี,ชัยนาท,SAN,2025-06-13,ไม่ผ่านเกณฑ์
สุวดี สุกี๊ ในตำนาน,ร้านจำหน่ายอาหาร,แพรกศรีราชา,สรรคบุรี,ชัยนาท,SAN,2025-07-28,รับรอง
ลัดดา,ร้านจำหน่ายอาหาร,แพรกศรีราชา,สรรคบุรี,ชัยนาท,SAN,2025-06-13,ไม่ผ่านเกณฑ์
พูลสุข,ร้านจำหน่ายอาหาร,แพรกศรีราชา,สรรคบุรี,ชัยนาท,SAN,2025-06-13,ไม่ผ่านเกณฑ์
ข้าวต้มเจ๊หวิน,ร้านจำหน่ายอาหาร,แพรกศรีราชา,สรรคบุรี,ชัยนาท,SAN,2025-06-13,ไม่ผ่านเกณฑ์
ลาบเป็ดชัยนาท,ร้านจำหน่ายอาหาร,เขาท่าพระ,เมืองชัยนาท,ชัยนาท,SAN,2025-06-16,ไม่ผ่านเกณฑ์
วรางค์ศิริ,ร้านจำหน่ายอาหาร,บ้านกล้วย,เมืองชัยนาท,ชัยนาท,SAN,2025-06-16,ไม่ผ่านเกณฑ์
เรือนแพ,ร้านจำหน่ายอาหาร,ในเมือง,เมืองชัยนาท,ชัยนาท,SAN,2025-06-27,รับรอง
บ้านสวนริมบึงชัยนาท,ร้านจำหน่ายอาหาร,หาดท่าเสา,เมืองชัยนาท,ชัยนาท,SAN,2024-11-11,รับรอง
คุณยายคาเฟ่,ร้านจำหน่ายอาหาร,โพงาม,สรรคบุรี,ชัยนาท,SAN,2024-11-11,รับรอง
ครัวนิด-อ้อ,ร้านจำหน่ายอาหาร,ดงคอน,สรรคบุรี,ชัยนาท,SAN,2024-11-11,รับรอง
แซบปากอ้า,ร้านจำหน่ายอาหาร,โพงาม,สรรคบุรี,ชัยนาท,SAN,2025-06-16,ไม่ผ่านเกณฑ์
แปะข้าวต้ม,ร้านจำหน่ายอาหาร,หันคา,หันคา,ชัยนาท,SAN,2025-07-31,ไม่ผ่านเกณฑ์
โรงอาหารเรือนจำจังหวัดชัยนาท,โรงอาหาร,ในเมือง,เมืองชัยนาท,ชัยนาท,SAN,2025-02-02,รับรอง
แอนสเต็ก,ร้านจำหน่ายอาหาร,วัดสิงห์,วัดสิงห์,ชัยนาท,SAN,2025-02-11,รับรอง
กินปลา,ร้านจำหน่ายอาหาร,มะขามเฒ่า,วัดสิงห์,ชัยนาท,SAN,2025-02-13,รับรอง
กันและกัน,ร้านจำหน่ายอาหาร,มะขามเฒ่า,วัดสิงห์,ชัยนาท,SAN,2025-02-19,รับรอง
ก๋วยเตี๋ยวชามเล็ก,ร้านจำหน่ายอาหาร,วัดสิงห์,วัดสิงห์,ชัยนาท,SAN,2025-05-13,รับรอง
ก๋วยเตี๋ยวสี่จอ,ร้านจำหน่ายอาหาร,มะขามเฒ่า,วัดสิงห์,ชัยนาท,SAN,2025-02-17,รับรอง
ป้าหนู,ร้านจำหน่ายอาหาร,วัดสิงห์,วัดสิงห์,ชัยนาท,SAN,2025-02-13,รับรอง
ป้าแขก,ร้านจำหน่ายอาหาร,วัดสิงห์,วัดสิงห์,ชัยนาท,SAN,2025-07-08,ไม่ผ่านเกณฑ์
ป้าแขก,ร้านจำหน่ายอาหาร,วัดสิงห์,วัดสิงห์,ชัยนาท,SAN,2025-07-08,ไม่ผ่านเกณฑ์
ครัวข้าวปั้ม,ร้านจำหน่ายอาหาร,มะขามเฒ่า,วัดสิงห์,ชัยนาท,SAN,2025-07-08,ไม่ผ่านเกณฑ์
ป้าควร,ร้านจำหน่ายอาหาร,วัดสิงห์,วัดสิงห์,ชัยนาท,SAN,2025-07-08,ไม่ผ่านเกณฑ์
ป้าควร,ร้านจำหน่ายอาหาร,วัดสิงห์,วัดสิงห์,ชัยนาท,SAN,2025-02-13,รับรอง
ข้าวแกงป้าสำรี,ร้านจำหน่ายอาหาร,วัดสิงห์,วัดสิงห์,ชัยนาท,SAN,2025-07-08,ไม่ผ่านเกณฑ์
หางกรวดริเวอร์ไซต์,ร้านจำหน่ายอาหาร,เขาท่าพระ,เมืองชัยนาท,ชัยนาท,SAN,2025-02-13,รับรอง
หางกรวดริเวอร์ไซต์,ร้านจำหน่ายอาหาร,เขาท่าพระ,เมืองชัยนาท,ชัยนาท,SAN,2025-07-08,ไม่ผ่านเกณฑ์
โกฮับ ริมน้ำ,ร้านจำหน่ายอาหาร,ในเมือง,เมืองชัยนาท,ชัยนาท,SAN,2025-03-31,รับรอง
ลมเลชาบู,ร้านจำหน่ายอาหาร,ในเมือง,เมืองชัยนาท,ชัยนาท,SAN,2025-07-26,รับรอง
บาร์ซีซุง,ร้านจำหน่ายอาหาร,ในเมือง,เมืองชัยนาท,ชัยนาท,SAN,2025-07-26,รับรอง
ข้าวต้มท่าลาภ,ร้านจำหน่ายอาหาร,บ้านกล้วย,เมืองชัยนาท,ชัยนาท,SAN,2025-07-26,รับรอง
เฮง เฮง หมูกระทะ,ร้านบุฟเฟ่ต์ (ปิ้งย่าง/ชาบู/สุกี้),วัดสิงห์,วัดสิงห์,ชัยนาท,SAN,2025-07-26,รับรอง
Food,ร้านจำหน่ายอาหาร,ห้วยกรดพัฒนา,สรรคบุรี,ชัยนาท,SAN,2025-07-31,ไม่ผ่านเกณฑ์
