name,type,subdistrict,district,province,standard,approve_date,status
สเต็กผู้พัน,อื่นๆ,ค่ายบกหวาน,เมืองหนองคาย,หนองคาย,SAN PLUS,2025-06-16,รับรอง
ลาบ ก้อย ต้ม,ร้านจำหน่ายอาหาร,นาข่า,ท่าบ่อ,หนองคาย,มาตรฐาน SAN,2025-07-06,หมดอายุ
ร้านอีสานกันเอง 9 ท่าบ่อ ,ร้านจำหน่ายอาหาร,ท่าบ่อ,ท่าบ่อ,หนองคาย,SAN,2025-05-01,รับรอง
ร้านยายจ่อย ,ร้านจำหน่ายอาหาร,นาข่า,ท่าบ่อ,หนองคาย,มาตรฐาน SAN,2025-07-06,หมดอายุ
ร้านก๋วยเตี๋ยวยายสัน,ร้านจำหน่ายอาหาร,นาข่า,ท่าบ่อ,หนองคาย,SAN PLUS,2025-02-10,รับรอง
ร้านผู้ช่วยเเหม่ง,ร้านจำหน่ายอาหาร,นาข่า,ท่าบ่อ,หนองคาย,SAN PLUS,2025-05-08,รับรอง
ร้านอาหารลุงหนวด ,ร้านจำหน่ายอาหาร,นาข่า,ท่าบ่อ,หนองคาย,SAN,2025-07-06,ไม่ผ่านเกณฑ์
ร้านลาบเป็ดออฟโรด,ร้านจำหน่ายอาหาร,โพนสา,ท่าบ่อ,หนองคาย,SAN,2025-06-13,รับรอง
ร้านข้าวแกงโพนสา,ร้านจำหน่ายอาหาร,โพนสา,ท่าบ่อ,หนองคาย,SAN,2025-07-06,ไม่ผ่านเกณฑ์
ร้านก๋วยเตี๋ยวแม่จันหอม,ร้านจำหน่ายอาหาร,โพนสา,ท่าบ่อ,หนองคาย,SAN,2025-07-06,ไม่ผ่านเกณฑ์
ร้านก๋วยเตี๋ยว,ร้านจำหน่ายอาหาร,โพนสา,ท่าบ่อ,หนองคาย,SAN,2025-07-06,ไม่ผ่านเกณฑ์
ร้านส้มตำ,ร้านจำหน่ายอาหาร,โพนสา,ท่าบ่อ,หนองคาย,SAN,2025-07-06,ไม่ผ่านเกณฑ์
ก๊วยเตี๋ยวชบา,ร้านจำหน่ายอาหาร,น้ำโมง,ท่าบ่อ,หนองคาย,SAN,2025-07-06,ไม่ผ่านเกณฑ์
คูณอาหารตามสั่ง,ร้านจำหน่ายอาหาร,น้ำโมง,ท่าบ่อ,หนองคาย,SAN,2025-07-06,ไม่ผ่านเกณฑ์
จวน เกี๋ยวเตี่ยว,ร้านจำหน่ายอาหาร,ท่าบ่อ,ท่าบ่อ,หนองคาย,SAN,2025-07-06,ไม่ผ่านเกณฑ์
วราลักษณ์ อาหารตามสั้ง,ร้านจำหน่ายอาหาร,บ้านว่าน,ท่าบ่อ,หนองคาย,SAN,2025-07-06,ไม่ผ่านเกณฑ์
ก๋วยเตี๋ยวอ้อมใจ,ร้านจำหน่ายอาหาร,บ้านว่าน,ท่าบ่อ,หนองคาย,SAN,2025-07-06,ไม่ผ่านเกณฑ์
นางอากาศ มณีรัตน์,ร้านจำหน่ายอาหาร,น้ำโมง,ท่าบ่อ,หนองคาย,SAN,2025-05-01,รับรอง
นางบุญทัน ชาวสวน,ร้านจำหน่ายอาหาร,น้ำโมง,ท่าบ่อ,หนองคาย,SAN,2025-07-06,ไม่ผ่านเกณฑ์
นางทองคำ อามาตย์,ร้านจำหน่ายอาหาร,น้ำโมง,ท่าบ่อ,หนองคาย,SAN,2025-07-06,ไม่ผ่านเกณฑ์
นางนุชวนาถ สุขสำราญ,ร้านจำหน่ายอาหาร,น้ำโมง,ท่าบ่อ,หนองคาย,SAN,2025-07-06,ไม่ผ่านเกณฑ์
ร้านข้าวเปียกแม่เพียร,ร้านจำหน่ายอาหาร,โพนสา,ท่าบ่อ,หนองคาย,SAN,2025-07-06,ไม่ผ่านเกณฑ์
ป๊านาย,ร้านจำหน่ายอาหาร,พระบาทนาสิงห์,รัตนวาปี,หนองคาย,SAN,2023-08-29,ไม่ผ่านเกณฑ์
ร้านแม่หมุน,ร้านจำหน่ายอาหาร,พระบาทนาสิงห์,รัตนวาปี,หนองคาย,SAN,2023-08-29,ไม่ผ่านเกณฑ์
ก๋วยเตี๋ยวแม่ฮวน,อื่นๆ,พระบาทนาสิงห์,รัตนวาปี,หนองคาย,SAN PLUS,2025-06-06,รับรอง
ภูเวียง,ร้านจำหน่ายอาหาร,นาทับไฮ,รัตนวาปี,หนองคาย,SAN,2025-04-01,ไม่ผ่านเกณฑ์
ถาวร,ร้านจำหน่ายอาหาร,นาทับไฮ,รัตนวาปี,หนองคาย,SAN,2025-03-31,ไม่ผ่านเกณฑ์
แม่อ๋อย,ร้านจำหน่ายอาหาร,นาทับไฮ,รัตนวาปี,หนองคาย,SAN,2025-04-01,ไม่ผ่านเกณฑ์
แม่บัวลอง,ร้านจำหน่ายอาหาร,นาทับไฮ,รัตนวาปี,หนองคาย,SAN,2025-04-01,ไม่ผ่านเกณฑ์
ร้านยายอ้น,ร้านจำหน่ายอาหาร,บ้านต้อน,รัตนวาปี,หนองคาย,SAN,2025-03-31,ไม่ผ่านเกณฑ์
ร้านอาหารเปรี้ยวปราย,ร้านจำหน่ายอาหาร,โพนทอง,โพธิ์ตาก,หนองคาย,SAN,2023-08-31,ไม่ผ่านเกณฑ์
ร้านอาหารยายแล,ร้านจำหน่ายอาหาร,โพนทอง,โพธิ์ตาก,หนองคาย,SAN,2023-08-31,ไม่ผ่านเกณฑ์
ร้านบิ๊กสตอ อาหารปักใต้,ร้านจำหน่ายอาหาร,รัตนวาปี,รัตนวาปี,หนองคาย,SAN PLUS,2024-12-18,รับรอง
บัวไลไก่ย่าง,ร้านจำหน่ายอาหาร,รัตนวาปี,รัตนวาปี,หนองคาย,SAN,2025-03-31,ไม่ผ่านเกณฑ์
Wattana cuisine,ร้านจำหน่ายอาหาร,ในเมือง,เมืองหนองคาย,หนองคาย,SAN,2024-06-27,ไม่ผ่านเกณฑ์
ร้านยายมาอาหารตามสั่ง,ร้านจำหน่ายอาหาร,วังหลวง,เฝ้าไร่,หนองคาย,SAN,2025-03-24,ไม่ผ่านเกณฑ์
เวียงแก้ว,ร้านจำหน่ายอาหาร,พานพร้าว,ศรีเชียงใหม่,หนองคาย,SAN,2024-12-09,รับรอง
กรุงโซล คาเฟ่,ร้านจำหน่ายอาหาร,โพนทอง,โพธิ์ตาก,หนองคาย,SAN,2023-08-31,ไม่ผ่านเกณฑ์
ร้านต้มยำศูนย์กลาง,ร้านจำหน่ายอาหาร,ด่านศรีสุข,โพธิ์ตาก,หนองคาย,SAN PLUS,2025-07-29,รับรอง
ร้านโขงวิว,สวนอาหาร,วัดหลวง,โพนพิสัย,หนองคาย,SAN,2024-03-04,ไม่ผ่านเกณฑ์
ล้านตำอร่อยคาเฟ่,ร้านจำหน่ายอาหาร,จุมพล,โพนพิสัย,หนองคาย,SAN,2025-07-07,รับรอง
ร้านสถานีกาแฟสด,ร้านเครื่องดื่ม,แก้งไก่,สังคม,หนองคาย,มาตรฐาน SAN,2023-08-31,หมดอายุ
แม่อารักษ์กล้วยทอดสุก,อื่นๆ,สังคม,สังคม,หนองคาย,มาตรฐาน SAN,2023-08-31,หมดอายุ
ร้านส้มตำ-ไก่ย่าง,อื่นๆ,แก้งไก่,สังคม,หนองคาย,มาตรฐาน SAN,2023-08-31,หมดอายุ
ร้านซุนฮั้ว บะหมี่เกี๊ยวหมูแดง,ร้านจำหน่ายอาหาร,สังคม,สังคม,หนองคาย,มาตรฐาน SAN,2023-08-31,หมดอายุ
ร้านเจ๊เด่นโภชนา,ร้านจำหน่ายอาหาร,แก้งไก่,สังคม,หนองคาย,มาตรฐาน SAN,2023-08-31,หมดอายุ
ร้านก๋วยเตี๋ยวยายเซียง,อื่นๆ,สังคม,สังคม,หนองคาย,มาตรฐาน SAN,2023-08-31,หมดอายุ
ร้านก๋วยจั๊บญวณ,ร้านจำหน่ายอาหาร,แก้งไก่,สังคม,หนองคาย,มาตรฐาน SAN,2023-08-31,หมดอายุ
ร้านชลแดน,ร้านบุฟเฟ่ต์ (ปิ้งย่าง/ชาบู/สุกี้),แก้งไก่,สังคม,หนองคาย,มาตรฐาน SAN,2023-08-31,หมดอายุ
ร้านปกป้องหมูกะทะ,ร้านบุฟเฟ่ต์ (ปิ้งย่าง/ชาบู/สุกี้),แก้งไก่,สังคม,หนองคาย,มาตรฐาน SAN,2023-08-31,หมดอายุ
ติ๊กลาบเป็ด,ร้านจำหน่ายอาหาร,สังคม,สังคม,หนองคาย,มาตรฐาน SAN,2023-08-31,หมดอายุ
ร้านต้นตะขบ,ร้านจำหน่ายอาหาร,แก้งไก่,สังคม,หนองคาย,มาตรฐาน SAN,2023-08-31,หมดอายุ
ครัวตอง๑,ร้านจำหน่ายอาหาร,แก้งไก่,สังคม,หนองคาย,มาตรฐาน SAN,2025-07-08,หมดอายุ
เนื้อย่างจันทิมา,ร้านบุฟเฟ่ต์ (ปิ้งย่าง/ชาบู/สุกี้),แก้งไก่,สังคม,หนองคาย,มาตรฐาน SAN,2023-08-31,หมดอายุ
Ma cafe Restaurant,อื่นๆ,สังคม,สังคม,หนองคาย,มาตรฐาน SAN,2023-08-31,หมดอายุ
ครัวเจ้นงค์,ร้านจำหน่ายอาหาร,แก้งไก่,สังคม,หนองคาย,มาตรฐาน SAN,2025-07-08,หมดอายุ
ทานตะวัน,ร้านจำหน่ายอาหาร,แก้งไก่,สังคม,หนองคาย,SAN,2023-08-31,ไม่ผ่านเกณฑ์
ร้านฮักโขง ณ สังคม,ร้านจำหน่ายอาหาร,สังคม,สังคม,หนองคาย,SAN,2023-08-31,ไม่ผ่านเกณฑ์
ร้านโต๊ะนมเบเกอร์รี่,อื่นๆ,สังคม,สังคม,หนองคาย,SAN,2023-08-31,ไม่ผ่านเกณฑ์
ร้านป้าอรปลาเผา,อื่นๆ,แก้งไก่,สังคม,หนองคาย,SAN,2023-08-31,ไม่ผ่านเกณฑ์
เอก-ชัย สังคม,อื่นๆ,แก้งไก่,สังคม,หนองคาย,SAN,2025-07-08,ไม่ผ่านเกณฑ์
ยาร์คเฮ้าส์,อื่นๆ,สังคม,สังคม,หนองคาย,SAN,2025-07-08,ไม่ผ่านเกณฑ์
วิกกี้โฮเทล,ร้านจำหน่ายอาหาร,ผาตั้ง,สังคม,หนองคาย,SAN,2025-07-08,ไม่ผ่านเกณฑ์
Vera costa,ร้านจำหน่ายอาหาร,แก้งไก่,สังคม,หนองคาย,SAN,2025-07-08,ไม่ผ่านเกณฑ์
ร้านอาหารตามสั่งแม่นุย,ร้านจำหน่ายอาหาร,สระใคร,สระใคร,หนองคาย,SAN,2023-08-31,ไม่ผ่านเกณฑ์
นางลำพอง  คำสุนันท์,ร้านจำหน่ายอาหาร,สระใคร,สระใคร,หนองคาย,SAN,2023-08-31,ไม่ผ่านเกณฑ์
นางกัณณิกา  นาพังคะบุตร,ร้านจำหน่ายอาหาร,สระใคร,สระใคร,หนองคาย,SAN,2023-08-31,ไม่ผ่านเกณฑ์
ร้านก๋วยเตี๋ยวก้องฟ้า,ร้านจำหน่ายอาหาร,สระใคร,สระใคร,หนองคาย,SAN,2023-08-31,ไม่ผ่านเกณฑ์
นางธัมมาพร  สลักษร,ร้านจำหน่ายอาหาร,สระใคร,สระใคร,หนองคาย,SAN,2025-05-03,รับรอง
ร้านเจ้ใจข้าวมันไก่,อื่นๆ,สระใคร,สระใคร,หนองคาย,SAN,2025-05-03,รับรอง
ครัวน้องไอคิว&น้องไอรีน,ร้านจำหน่ายอาหาร,สระใคร,สระใคร,หนองคาย,SAN,2025-05-03,รับรอง
แม่สมบูรณ์อาหารตามสั่ง,ร้านจำหน่ายอาหาร,กองนาง,ท่าบ่อ,หนองคาย,SAN,2025-07-05,ไม่ผ่านเกณฑ์
Food Terrace Asawannn 2,ร้านจำหน่ายอาหาร,ในเมือง,เมืองหนองคาย,หนองคาย,SAN,2025-04-30,รับรอง
แดงแหนมเนือง,ร้านจำหน่ายอาหาร,ในเมือง,เมืองหนองคาย,หนองคาย,SAN,2025-05-07,รับรอง
ร้านอาหารแม่บอย,ร้านจำหน่ายอาหาร,กองนาง,ท่าบ่อ,หนองคาย,มาตรฐาน SAN,2025-07-06,หมดอายุ
ยายใสอาหารตามสั่ง,ร้านจำหน่ายอาหาร,กองนาง,ท่าบ่อ,หนองคาย,SAN,2025-06-16,รับรอง
ร้านก๋วยเตี๋ยวลาบก้อยตรีรัตน์,ร้านจำหน่ายอาหาร,กองนาง,ท่าบ่อ,หนองคาย,SAN,2025-07-02,รับรอง
ร้านก๋วยเตี๊ยวลาบก้อย,ร้านจำหน่ายอาหาร,กองนาง,ท่าบ่อ,หนองคาย,SAN,2025-07-06,ไม่ผ่านเกณฑ์
ยายใบอาหารตามสั่ง,ร้านจำหน่ายอาหาร,กองนาง,ท่าบ่อ,หนองคาย,SAN,2025-07-06,ไม่ผ่านเกณฑ์
ก๋วยเตี๋ยวยายสำอาง,ร้านจำหน่ายอาหาร,กองนาง,ท่าบ่อ,หนองคาย,SAN,2025-07-02,รับรอง
ส้มตำยายกัน,ร้านจำหน่ายอาหาร,กองนาง,ท่าบ่อ,หนองคาย,SAN,2025-07-06,ไม่ผ่านเกณฑ์
ร้านอาหารตามสั่งแม่น้อย,ร้านจำหน่ายอาหาร,กองนาง,ท่าบ่อ,หนองคาย,SAN,2025-07-06,ไม่ผ่านเกณฑ์
ร้านบังอร วิตารัตน์ หนองนาง,ร้านจำหน่ายอาหาร,หนองนาง,ท่าบ่อ,หนองคาย,SAN,2025-07-06,ไม่ผ่านเกณฑ์
ร้านน้องบัวอาหารตามสั่ง,ร้านจำหน่ายอาหาร,โพนสา,ท่าบ่อ,หนองคาย,SAN,2025-07-06,ไม่ผ่านเกณฑ์
ร้านลาบในตำนาน,ร้านจำหน่ายอาหาร,โพนสา,ท่าบ่อ,หนองคาย,SAN,2025-07-06,ไม่ผ่านเกณฑ์
ส สวัสดิ์ ก๋วยจั๊บ ชามเงิน อุบล,ร้านจำหน่ายอาหาร,โพนสา,ท่าบ่อ,หนองคาย,SAN,2023-08-28,ไม่ผ่านเกณฑ์
ร้านก๋วยเตี๋ยว แกงเส้น,ร้านจำหน่ายอาหาร,โพนสา,ท่าบ่อ,หนองคาย,SAN,2025-07-06,ไม่ผ่านเกณฑ์
ร้านแม่น้อยข้าวเปียกน้ำใส,ร้านจำหน่ายอาหาร,ท่าบ่อ,ท่าบ่อ,หนองคาย,SAN,2025-07-06,ไม่ผ่านเกณฑ์
ร้านติ๋งส้มตำ ลาบก้อย,ร้านจำหน่ายอาหาร,โพนสา,ท่าบ่อ,หนองคาย,SAN,2023-08-28,ไม่ผ่านเกณฑ์
ร้านแม่แอ๋ว,ร้านจำหน่ายอาหาร,หนองนาง,ท่าบ่อ,หนองคาย,มาตรฐาน SAN,2025-07-06,หมดอายุ
นางบุญเตียน พิมพร,ร้านจำหน่ายอาหาร,หนองนาง,ท่าบ่อ,หนองคาย,SAN PLUS,2024-07-18,หมดอายุ
ร้านแม่แอ๋ว,ร้านจำหน่ายอาหาร,หนองนาง,ท่าบ่อ,หนองคาย,SAN,2025-07-06,ไม่ผ่านเกณฑ์
น้าไหม ส้มตำ,อื่นๆ,บ้านว่าน,ท่าบ่อ,หนองคาย,SAN,2023-08-28,ไม่ผ่านเกณฑ์
ร้านยายแว่น,อื่นๆ,บ้านว่าน,ท่าบ่อ,หนองคาย,SAN,2025-07-06,ไม่ผ่านเกณฑ์
นกน้อยก๋วยเตี๋ยว,ร้านจำหน่ายอาหาร,บ้านว่าน,ท่าบ่อ,หนองคาย,SAN,2025-07-06,ไม่ผ่านเกณฑ์
นงนุชอาหารตามสั่ง,ร้านจำหน่ายอาหาร,บ้านว่าน,ท่าบ่อ,หนองคาย,SAN,2025-07-06,ไม่ผ่านเกณฑ์
นีย์อาหารตามสั่ง,ร้านจำหน่ายอาหาร,บ้านว่าน,ท่าบ่อ,หนองคาย,SAN,2025-07-06,ไม่ผ่านเกณฑ์
ตาดำอาหารตามสั่ง,ร้านจำหน่ายอาหาร,บ้านว่าน,ท่าบ่อ,หนองคาย,SAN,2023-08-28,ไม่ผ่านเกณฑ์
ร้านอาหารตามสั่งยายพวง,ร้านจำหน่ายอาหาร,นาข่า,ท่าบ่อ,หนองคาย,SAN,2023-08-28,ไม่ผ่านเกณฑ์
ร้านฟากฮ่องค่าเฟ่,ร้านจำหน่ายอาหาร,นาข่า,ท่าบ่อ,หนองคาย,SAN,2023-08-28,ไม่ผ่านเกณฑ์
ร้านอาหารตามสั่ง,ร้านจำหน่ายอาหาร,นาข่า,ท่าบ่อ,หนองคาย,SAN,2023-08-28,ไม่ผ่านเกณฑ์
ร้านเจพัน ตามสั่ง,ร้านจำหน่ายอาหาร,บ้านเดื่อ,ท่าบ่อ,หนองคาย,SAN,2025-07-06,ไม่ผ่านเกณฑ์
ร้านครัวรุ่งเรือง,ร้านจำหน่ายอาหาร,บ้านเดื่อ,ท่าบ่อ,หนองคาย,มาตรฐาน SAN,2025-07-06,หมดอายุ
ก๋วยเตี๋ยวเรือท่าบ่อเงินสาขา2,ร้านจำหน่ายอาหาร,บ้านเดื่อ,ท่าบ่อ,หนองคาย,มาตรฐาน SAN,2023-08-28,หมดอายุ
ร้านเจหนิงอาหารตามสั่ง,ร้านจำหน่ายอาหาร,บ้านเดื่อ,ท่าบ่อ,หนองคาย,SAN,2023-08-28,ไม่ผ่านเกณฑ์
ร้านคำเปี่ยน,อื่นๆ,บ้านเดื่อ,ท่าบ่อ,หนองคาย,SAN,2023-08-28,ไม่ผ่านเกณฑ์
ส้มตำละอองดาว,อื่นๆ,บ้านเดื่อ,ท่าบ่อ,หนองคาย,มาตรฐาน SAN,2023-08-28,หมดอายุ
ร้านบุญโฮมส้มตำ,อื่นๆ,บ้านเดื่อ,ท่าบ่อ,หนองคาย,มาตรฐาน SAN,2023-08-28,หมดอายุ
ร้านสุดารัตน์,ร้านเครื่องดื่ม,บ้านเดื่อ,ท่าบ่อ,หนองคาย,SAN,2023-08-28,ไม่ผ่านเกณฑ์
ร้านตำยั่นหว่าง,ร้านจำหน่ายอาหาร,บ้านเดื่อ,ท่าบ่อ,หนองคาย,SAN,2025-06-30,รับรอง
นายไพฑูรย์ สวนแดง,ร้านจำหน่ายอาหาร,น้ำโมง,ท่าบ่อ,หนองคาย,SAN,2025-06-30,รับรอง
นางวรรณิภา สวนแดง,ร้านจำหน่ายอาหาร,น้ำโมง,ท่าบ่อ,หนองคาย,SAN PLUS,2024-08-13,หมดอายุ
นางสาวธนวรรณ พันศรีทุม,ร้านจำหน่ายอาหาร,น้ำโมง,ท่าบ่อ,หนองคาย,SAN,2025-06-30,รับรอง
นางสาวเบญจมาตย์ ศรีสว่าง,ร้านจำหน่ายอาหาร,น้ำโมง,ท่าบ่อ,หนองคาย,SAN,2025-06-30,รับรอง
นางประยงค์ อภัยเสวตร์,ร้านจำหน่ายอาหาร,น้ำโมง,ท่าบ่อ,หนองคาย,SAN PLUS,2024-08-13,หมดอายุ
นางนาสายฝน ศิริแก้วเลิศ,ร้านจำหน่ายอาหาร,น้ำโมง,ท่าบ่อ,หนองคาย,SAN,2025-06-30,รับรอง
นางสุวิทย์ ปุนนา,ร้านจำหน่ายอาหาร,น้ำโมง,ท่าบ่อ,หนองคาย,SAN,2025-06-30,รับรอง
นางจิณณพัต ภูศรีฤทธิ์,ร้านจำหน่ายอาหาร,น้ำโมง,ท่าบ่อ,หนองคาย,มาตรฐาน SAN,2023-08-28,หมดอายุ
นางนงลักษณ์ ศรีชมภู,ร้านจำหน่ายอาหาร,น้ำโมง,ท่าบ่อ,หนองคาย,SAN,2025-06-30,รับรอง
อัศวรรณ 1,ศูนย์อาหาร,ในเมือง,เมืองหนองคาย,หนองคาย,SAN,2024-11-18,ไม่ผ่านเกณฑ์
ร้านโนนศิลาปลาเผา,ร้านจำหน่ายอาหาร,บ้านถ่อน,ท่าบ่อ,หนองคาย,SAN,2025-07-06,ไม่ผ่านเกณฑ์
ร้านดงกระเพรา,ร้านจำหน่ายอาหาร,บ้านถ่อน,ท่าบ่อ,หนองคาย,SAN,2025-01-31,รับรอง
ร้านเนื้อย่าง PT,ร้านบุฟเฟ่ต์ (ปิ้งย่าง/ชาบู/สุกี้),บ้านถ่อน,ท่าบ่อ,หนองคาย,SAN PLUS,2025-05-01,รับรอง
ร้านชายสี่,ร้านจำหน่ายอาหาร,บ้านถ่อน,ท่าบ่อ,หนองคาย,SAN,2025-07-06,ไม่ผ่านเกณฑ์
ร้านพนารัตน์,ร้านจำหน่ายอาหาร,บ้านถ่อน,ท่าบ่อ,หนองคาย,SAN,2023-08-28,ไม่ผ่านเกณฑ์
ร้านต้นหลิว,ร้านจำหน่ายอาหาร,บ้านถ่อน,ท่าบ่อ,หนองคาย,SAN,2025-07-06,ไม่ผ่านเกณฑ์
ร้านแกงเส้นกร,ร้านจำหน่ายอาหาร,บ้านถ่อน,ท่าบ่อ,หนองคาย,SAN,2025-07-06,ไม่ผ่านเกณฑ์
ร้านยุวลี,ร้านจำหน่ายอาหาร,บ้านถ่อน,ท่าบ่อ,หนองคาย,SAN,2025-07-06,ไม่ผ่านเกณฑ์
Daek B’ Cafe แดกบ่คาเฟ่,ร้านจำหน่ายอาหาร,หนองหลวง,เฝ้าไร่,หนองคาย,SAN,2023-08-31,ไม่ผ่านเกณฑ์
The Food Club 29,ร้านจำหน่ายอาหาร,เฝ้าไร่,เฝ้าไร่,หนองคาย,SAN,2023-08-31,ไม่ผ่านเกณฑ์
ครัวจันทร์เพ็ญ,ร้านจำหน่ายอาหาร,เฝ้าไร่,เฝ้าไร่,หนองคาย,SAN,2023-08-31,ไม่ผ่านเกณฑ์
นางกิ่งตะวัน คุณล้าน,ร้านจำหน่ายอาหาร,เฝ้าไร่,เฝ้าไร่,หนองคาย,SAN,2023-08-31,ไม่ผ่านเกณฑ์
ส้มตำยายอ้อ,ร้านจำหน่ายอาหาร,พานพร้าว,ศรีเชียงใหม่,หนองคาย,SAN,2023-08-29,ไม่ผ่านเกณฑ์
-,ร้านจำหน่ายอาหาร,พานพร้าว,ศรีเชียงใหม่,หนองคาย,SAN,2023-08-29,ไม่ผ่านเกณฑ์
-,ร้านจำหน่ายอาหาร,พานพร้าว,ศรีเชียงใหม่,หนองคาย,SAN,2023-08-29,ไม่ผ่านเกณฑ์
แต๋วจ๋า-ทิพวรรณ     ,ร้านจำหน่ายอาหาร,พานพร้าว,ศรีเชียงใหม่,หนองคาย,SAN,2023-08-29,ไม่ผ่านเกณฑ์
-,ร้านจำหน่ายอาหาร,พานพร้าว,ศรีเชียงใหม่,หนองคาย,SAN,2023-08-29,ไม่ผ่านเกณฑ์
ดวงโภชนา,ร้านจำหน่ายอาหาร,เฝ้าไร่,เฝ้าไร่,หนองคาย,SAN,2023-08-31,ไม่ผ่านเกณฑ์
ร้านอาหารกาแฟเวียด,ร้านจำหน่ายอาหาร,ในเมือง,เมืองหนองคาย,หนองคาย,SAN,2024-06-27,ไม่ผ่านเกณฑ์
สุภาลาบเป็ด,ร้านจำหน่ายอาหาร,จุมพล,โพนพิสัย,หนองคาย,SAN,2024-09-09,รับรอง
ภูตะวัน,ร้านบุฟเฟ่ต์ (ปิ้งย่าง/ชาบู/สุกี้),จุมพล,โพนพิสัย,หนองคาย,SAN,2025-07-22,รับรอง
ริมโขงลาบเป็ด,ร้านจำหน่ายอาหาร,จุมพล,โพนพิสัย,หนองคาย,SAN,2024-03-04,ไม่ผ่านเกณฑ์
Snap-on Coffee Bar & Cafe,ร้านเครื่องดื่ม,จุมพล,โพนพิสัย,หนองคาย,มาตรฐาน SAN,2024-03-04,หมดอายุ
ทุ่งเติมฝัน,ร้านจำหน่ายอาหาร,บ้านหม้อ,ศรีเชียงใหม่,หนองคาย,SAN,2024-12-02,รับรอง
บลูลากูนคาเฟ่,สวนอาหาร,จุมพล,โพนพิสัย,หนองคาย,SAN,2025-06-10,ไม่ผ่านเกณฑ์
แม่เหรียญชาบู,ร้านจำหน่ายอาหาร,จุมพล,โพนพิสัย,หนองคาย,SAN,2024-03-04,ไม่ผ่านเกณฑ์
ครัวบ้านสวน,สวนอาหาร,จุมพล,โพนพิสัย,หนองคาย,SAN,2024-03-04,ไม่ผ่านเกณฑ์
FATER coffee and tea,ร้านเครื่องดื่ม,จุมพล,โพนพิสัย,หนองคาย,SAN,2024-03-04,ไม่ผ่านเกณฑ์
ร้านแม่ซ่อนกลิ่น,สวนอาหาร,จุมพล,โพนพิสัย,หนองคาย,SAN,2025-07-06,รับรอง
คาวาชิคาเฟ แอนด์ บาร ์,สวนอาหาร,จุมพล,โพนพิสัย,หนองคาย,SAN,2024-03-04,ไม่ผ่านเกณฑ์
ร้านดีดีโพนพิสัย,สวนอาหาร,จุมพล,โพนพิสัย,หนองคาย,มาตรฐาน SAN,2024-03-04,หมดอายุ
ร้านอยู่ดีมีสุข,สวนอาหาร,จุมพล,โพนพิสัย,หนองคาย,SAN,2024-03-04,ไม่ผ่านเกณฑ์
ร้านอาหารเฮือนหาดคำ,ร้านจำหน่ายอาหาร,หาดคำ,เมืองหนองคาย,หนองคาย,มาตรฐาน SAN,2024-02-02,หมดอายุ
ร้านครัวสุขสันต์,ร้านจำหน่ายอาหาร,ในเมือง,เมืองหนองคาย,หนองคาย,SAN,2025-06-30,ไม่ผ่านเกณฑ์
อัพทูยู,ร้านจำหน่ายอาหาร,ในเมือง,เมืองหนองคาย,หนองคาย,มาตรฐาน SAN,2025-06-30,หมดอายุ
ร้านอาหารบ่อปลาบุญช่วย,ร้านจำหน่ายอาหาร,ในเมือง,เมืองหนองคาย,หนองคาย,SAN,2023-08-28,ไม่ผ่านเกณฑ์
แม่นองไก่ย่าง,ร้านจำหน่ายอาหาร,ค่ายบกหวาน,เมืองหนองคาย,หนองคาย,SAN,2025-01-09,รับรอง
ครัวเวียงจันทร์,ร้านจำหน่ายอาหาร,เวียงคุก,เมืองหนองคาย,หนองคาย,SAN,2024-06-27,ไม่ผ่านเกณฑ์
ตุ๊ก โภชนา,ร้านจำหน่ายอาหาร,โพนแพง,รัตนวาปี,หนองคาย,SAN,2025-07-31,รับรอง
-,ร้านจำหน่ายอาหาร,โพนแพง,รัตนวาปี,หนองคาย,SAN,2025-03-31,ไม่ผ่านเกณฑ์
มะยมปลาเผา,ร้านจำหน่ายอาหาร,พานพร้าว,ศรีเชียงใหม่,หนองคาย,SAN,2023-08-29,ไม่ผ่านเกณฑ์
ศินิพร,ร้านจำหน่ายอาหาร,บ้านหม้อ,ศรีเชียงใหม่,หนองคาย,SAN,2025-01-09,รับรอง
ครัวบ้านริมโขง,ร้านจำหน่ายอาหาร,พานพร้าว,ศรีเชียงใหม่,หนองคาย,SAN,2025-01-09,รับรอง
ร้านโต๊ะนม,ร้านจำหน่ายอาหาร,พานพร้าว,ศรีเชียงใหม่,หนองคาย,SAN,2025-01-09,รับรอง
เทพวิฑูรย์,ร้านจำหน่ายอาหาร,บ้านหม้อ,ศรีเชียงใหม่,หนองคาย,SAN,2025-01-09,รับรอง
พรชัย,ร้านจำหน่ายอาหาร,บ้านหม้อ,ศรีเชียงใหม่,หนองคาย,SAN,2023-08-29,ไม่ผ่านเกณฑ์
จินดา,ร้านจำหน่ายอาหาร,บ้านหม้อ,ศรีเชียงใหม่,หนองคาย,SAN,2025-01-09,รับรอง
นางวิไลพร  ใจขาน,ร้านจำหน่ายอาหาร,บ้านหม้อ,ศรีเชียงใหม่,หนองคาย,SAN,2025-01-09,รับรอง
นางนวลดี ช่างประดิษฐ์,ร้านจำหน่ายอาหาร,บ้านหม้อ,ศรีเชียงใหม่,หนองคาย,SAN,2025-01-09,รับรอง
ร้านหนุ่ยปลาเผา,ร้านจำหน่ายอาหาร,หาดคำ,เมืองหนองคาย,หนองคาย,SAN,2024-06-27,ไม่ผ่านเกณฑ์
เรือนจำจังหวัดหนองคาย,โรงอาหาร,โพธิ์ชัย,เมืองหนองคาย,หนองคาย,SAN,2025-07-31,รับรอง
ร้านเอกปลาเผา,ร้านจำหน่ายอาหาร,โพนสา,ท่าบ่อ,หนองคาย,SAN,2025-07-06,ไม่ผ่านเกณฑ์
ร้านคุณหนิง,ร้านจำหน่ายอาหาร,ด่านศรีสุข,โพธิ์ตาก,หนองคาย,SAN,2025-01-09,รับรอง
เจ้ติ๋มอาหารตามสั่ง,ร้านจำหน่ายอาหาร,โพนทอง,โพธิ์ตาก,หนองคาย,SAN,2025-01-09,รับรอง
ร้านยายน่า,ร้านจำหน่ายอาหาร,โพนทอง,โพธิ์ตาก,หนองคาย,SAN,2025-01-09,รับรอง
ร้านปลาทู,ร้านจำหน่ายอาหาร,จุมพล,โพนพิสัย,หนองคาย,SAN,2025-01-09,รับรอง
ร้านประเทืองโภชนา,ร้านจำหน่ายอาหาร,จุมพล,โพนพิสัย,หนองคาย,SAN,2024-03-04,ไม่ผ่านเกณฑ์
โขงวิวแอทโพนพิสัย,ร้านจำหน่ายอาหาร,วัดหลวง,โพนพิสัย,หนองคาย,SAN,2025-07-30,รับรอง
ก๋วยเตี๋ยวไก่มะระ หมูตุ๋น,ร้านจำหน่ายอาหาร,กองนาง,ท่าบ่อ,หนองคาย,SAN,2025-07-06,ไม่ผ่านเกณฑ์
ร้านหมูกระทะไพเราะ,ร้านบุฟเฟ่ต์ (ปิ้งย่าง/ชาบู/สุกี้),กองนาง,ท่าบ่อ,หนองคาย,SAN,2025-07-06,ไม่ผ่านเกณฑ์
ร้านจอมยุทธเนื้อย่างเกาหลี,ร้านบุฟเฟ่ต์ (ปิ้งย่าง/ชาบู/สุกี้),บ้านเดื่อ,ท่าบ่อ,หนองคาย,SAN,2025-07-06,ไม่ผ่านเกณฑ์
ขาหมูลุยไฟ,ร้านจำหน่ายอาหาร,ท่าบ่อ,ท่าบ่อ,หนองคาย,SAN,2025-03-03,รับรอง
ส.ลำปางลาบก้อย,ร้านจำหน่ายอาหาร,พานพร้าว,ศรีเชียงใหม่,หนองคาย,SAN,2024-03-20,ไม่ผ่านเกณฑ์
ร้านโคขุนพรีเมี่ยม,ร้านบุฟเฟ่ต์ (ปิ้งย่าง/ชาบู/สุกี้),จุมพล,โพนพิสัย,หนองคาย,SAN,2025-01-22,รับรอง
ก๋วยเตี๋ยวตายาย,ร้านจำหน่ายอาหาร,จุมพล,โพนพิสัย,หนองคาย,SAN,2024-10-08,รับรอง
ร้านก๋วยเตี๋ยวโกเด้งโฮเด้ง,ร้านจำหน่ายอาหาร,จุมพล,โพนพิสัย,หนองคาย,SAN,2024-10-08,รับรอง
คาวาชิคาเฟ แอนด์ บาร ์,ร้านจำหน่ายอาหาร,จุมพล,โพนพิสัย,หนองคาย,SAN,2024-03-05,ไม่ผ่านเกณฑ์
ร้านอาหารตามสั่ง รพ.โพนพิสัย,ร้านจำหน่ายอาหาร,จุมพล,โพนพิสัย,หนองคาย,SAN,2025-06-10,ไม่ผ่านเกณฑ์
ร้านก๊วยเตี๋ยว รพ.โพนพิสัย,ร้านจำหน่ายอาหาร,จุมพล,โพนพิสัย,หนองคาย,SAN,2025-06-10,ไม่ผ่านเกณฑ์
ร้านแหนมคลุก,ร้านจำหน่ายอาหาร,จุมพล,โพนพิสัย,หนองคาย,SAN,2024-07-16,ไม่ผ่านเกณฑ์
ส้มตำยายจิ๊บ,ร้านจำหน่ายอาหาร,จุมพล,โพนพิสัย,หนองคาย,SAN,2025-07-14,รับรอง
ลานฤดี,ร้านจำหน่ายอาหาร,จุมพล,โพนพิสัย,หนองคาย,SAN,2024-07-16,ไม่ผ่านเกณฑ์
ร้านคิงส์ไข่กระทะ,ร้านจำหน่ายอาหาร,จุมพล,โพนพิสัย,หนองคาย,SAN PLUS,2025-07-25,รับรอง
ร้าน ส.สุมาลีอาหารตามสั่ง,ร้านจำหน่ายอาหาร,จุมพล,โพนพิสัย,หนองคาย,มาตรฐาน SAN,2025-06-10,หมดอายุ
เค้กละมุน,ร้านเครื่องดื่ม,จุมพล,โพนพิสัย,หนองคาย,SAN,2025-04-02,รับรอง
ฟ้าใสอาหารตามสั่ง,ร้านจำหน่ายอาหาร,จุมพล,โพนพิสัย,หนองคาย,SAN,2025-07-23,รับรอง
เนื้อย่างกิ่งแก้ว,ร้านบุฟเฟ่ต์ (ปิ้งย่าง/ชาบู/สุกี้),จุมพล,โพนพิสัย,หนองคาย,SAN,2025-07-23,รับรอง
ส้มตำแม่ราญ,ร้านจำหน่ายอาหาร,จุมพล,โพนพิสัย,หนองคาย,SAN,2025-07-23,รับรอง
ทัดดาวโจ๊กแกงเส้น,ร้านจำหน่ายอาหาร,จุมพล,โพนพิสัย,หนองคาย,SAN,2025-07-25,รับรอง
ร้าน ก๋วยเตี๋ยวไก่มะระ,ร้านจำหน่ายอาหาร,จุมพล,โพนพิสัย,หนองคาย,SAN,2024-05-25,ไม่ผ่านเกณฑ์
ส้มตำไข่มุก,ร้านจำหน่ายอาหาร,จุมพล,โพนพิสัย,หนองคาย,SAN,2024-05-25,ไม่ผ่านเกณฑ์
เลอ คาเฟ่ เฟรส์,ร้านเครื่องดื่ม,จุมพล,โพนพิสัย,หนองคาย,มาตรฐาน SAN,2024-05-25,หมดอายุ
ร้านส้มตำพี่เจี๊ยบ,ร้านจำหน่ายอาหาร,จุมพล,โพนพิสัย,หนองคาย,มาตรฐาน SAN,2024-05-25,หมดอายุ
บ่อปลาวีเอส,ร้านจำหน่ายอาหาร,ในเมือง,เมืองหนองคาย,หนองคาย,SAN,2024-06-10,ไม่ผ่านเกณฑ์
อาหารตามสั่ง,ร้านจำหน่ายอาหาร,มีชัย,เมืองหนองคาย,หนองคาย,SAN,2024-07-16,ไม่ผ่านเกณฑ์
ร้านพิชญา (ศูนย์อาหารเมกาโฮม),ร้านจำหน่ายอาหาร,มีชัย,เมืองหนองคาย,หนองคาย,SAN,2024-06-10,ไม่ผ่านเกณฑ์
ข้าวต้นเพิ่มพูลดี,ร้านจำหน่ายอาหาร,ในเมือง,เมืองหนองคาย,หนองคาย,SAN,2024-07-16,ไม่ผ่านเกณฑ์
บิ๊กซี หนองคาย,ร้านจำหน่ายอาหาร,โพธิ์ชัย,เมืองหนองคาย,หนองคาย,SAN,2024-06-10,ไม่ผ่านเกณฑ์
ดีดีโภชนา,ภัตาคาร,ในเมือง,เมืองหนองคาย,หนองคาย,SAN,2024-07-16,ไม่ผ่านเกณฑ์
บริษัท เอก-ชัย ดีสทรีบิวชั่น ซิสเทม จำกัด หนองคาย,ร้านจำหน่ายอาหาร,ในเมือง,เมืองหนองคาย,หนองคาย,SAN,2024-06-10,ไม่ผ่านเกณฑ์
เดอะโคขุนพรีเมี่ยม หนองคาย,ร้านบุฟเฟ่ต์ (ปิ้งย่าง/ชาบู/สุกี้),มีชัย,เมืองหนองคาย,หนองคาย,SAN,2024-06-10,ไม่ผ่านเกณฑ์
Food Cort  ศูนย์อาหารอัศวรรณ 1      ,ศูนย์อาหาร,โพธิ์ชัย,เมืองหนองคาย,หนองคาย,SAN,2024-06-10,ไม่ผ่านเกณฑ์
ห้องอาหารช่อทิพย์,ภัตาคาร,ในเมือง,เมืองหนองคาย,หนองคาย,SAN,2024-07-16,ไม่ผ่านเกณฑ์
Chic Chic Market,ศูนย์อาหาร,โพธิ์ชัย,เมืองหนองคาย,หนองคาย,SAN,2024-07-16,ไม่ผ่านเกณฑ์
FOOD TERRACE (ศูนย์อาหารอัศวรรณ 2)    ,ศูนย์อาหาร,โพธิ์ชัย,เมืองหนองคาย,หนองคาย,SAN,2024-06-10,ไม่ผ่านเกณฑ์
Cafe’Amazon อินโดไชน่า,ร้านจำหน่ายอาหาร,ในเมือง,เมืองหนองคาย,หนองคาย,SAN,2024-06-10,ไม่ผ่านเกณฑ์
Cafe’Amazon รพ.นค,ร้านจำหน่ายอาหาร,ในเมือง,เมืองหนองคาย,หนองคาย,SAN,2024-06-10,ไม่ผ่านเกณฑ์
15 หยวน,ร้านจำหน่ายอาหาร,ในเมือง,เมืองหนองคาย,หนองคาย,SAN,2024-07-16,ไม่ผ่านเกณฑ์
ก๋วยเตี๋ยวหนองคาย,ร้านจำหน่ายอาหาร,โพธิ์ชัย,เมืองหนองคาย,หนองคาย,SAN,2024-07-16,ไม่ผ่านเกณฑ์
โซล,ร้านจำหน่ายอาหาร,ในเมือง,เมืองหนองคาย,หนองคาย,มาตรฐาน SAN,2024-07-16,หมดอายุ
บริษัท เอส แอด พี,ร้านจำหน่ายอาหาร,โพธิ์ชัย,เมืองหนองคาย,หนองคาย,มาตรฐาน SAN,2024-07-16,หมดอายุ
ริมโขงวารี -Rim Khong Varee,ร้านจำหน่ายอาหาร,ในเมือง,เมืองหนองคาย,หนองคาย,SAN,2024-07-16,ไม่ผ่านเกณฑ์
คิงทีสเต็ก,ร้านจำหน่ายอาหาร,ในเมือง,เมืองหนองคาย,หนองคาย,มาตรฐาน SAN,2024-07-16,หมดอายุ
มิสเตอร์โดนัด,ร้านจำหน่ายอาหาร,ในเมือง,เมืองหนองคาย,หนองคาย,SAN,2024-06-10,ไม่ผ่านเกณฑ์
อเมซอน วัดธาตุ,ร้านจำหน่ายอาหาร,หาดคำ,เมืองหนองคาย,หนองคาย,มาตรฐาน SAN,2024-06-10,หมดอายุ
โขงวิวปลาจุ่ม,ร้านจำหน่ายอาหาร,มีชัย,เมืองหนองคาย,หนองคาย,SAN,2024-07-16,ไม่ผ่านเกณฑ์
บริษัท เอ็มเค เรสโตรองต์ กรุ๊ป จำกัด,ร้านจำหน่ายอาหาร,โพธิ์ชัย,เมืองหนองคาย,หนองคาย,SAN,2024-06-10,ไม่ผ่านเกณฑ์
กาแฟอินทนิล,ร้านจำหน่ายอาหาร,หาดคำ,เมืองหนองคาย,หนองคาย,SAN,2025-07-30,รับรอง
ร้านโจ๊กพันปี,ร้านจำหน่ายอาหาร,ในเมือง,เมืองหนองคาย,หนองคาย,SAN,2025-07-30,รับรอง
สุทินโภชนา,ร้านจำหน่ายอาหาร,ในเมือง,เมืองหนองคาย,หนองคาย,SAN,2024-07-16,ไม่ผ่านเกณฑ์
เค้กปรีดา,ร้านจำหน่ายอาหาร,มีชัย,เมืองหนองคาย,หนองคาย,SAN,2024-07-16,ไม่ผ่านเกณฑ์
ยาโยอิ,ร้านจำหน่ายอาหาร,โพธิ์ชัย,เมืองหนองคาย,หนองคาย,SAN,2024-07-16,ไม่ผ่านเกณฑ์
k  f  c ปตท.เฟรนด์ชีฟ หนองคาย,ร้านจำหน่ายอาหาร,มีชัย,เมืองหนองคาย,หนองคาย,SAN,2024-07-16,ไม่ผ่านเกณฑ์
k  f  c บิ๊กเจียง หนองคาย,ร้านจำหน่ายอาหาร,โพธิ์ชัย,เมืองหนองคาย,หนองคาย,SAN,2024-07-16,ไม่ผ่านเกณฑ์
นางสาวนิตยา ศรีคอนซัน,ร้านจำหน่ายอาหาร,ในเมือง,เมืองหนองคาย,หนองคาย,SAN,2024-07-16,ไม่ผ่านเกณฑ์
บางกอกสุกี้,ร้านจำหน่ายอาหาร,ในเมือง,เมืองหนองคาย,หนองคาย,SAN,2024-07-16,ไม่ผ่านเกณฑ์
เสาวณีย์  ,ร้านจำหน่ายอาหาร,มีชัย,เมืองหนองคาย,หนองคาย,SAN,2025-07-30,รับรอง
เทพสว่าง,ร้านจำหน่ายอาหาร,ในเมือง,เมืองหนองคาย,หนองคาย,SAN,2024-07-16,ไม่ผ่านเกณฑ์
ร้านสิงขร,ร้านจำหน่ายอาหาร,ในเมือง,เมืองหนองคาย,หนองคาย,SAN,2025-01-13,รับรอง
ชายโขง,ร้านจำหน่ายอาหาร,มีชัย,เมืองหนองคาย,หนองคาย,SAN,2025-01-13,รับรอง
เพลินพุง ตำตำ,ร้านจำหน่ายอาหาร,โพธิ์ชัย,เมืองหนองคาย,หนองคาย,SAN,2025-01-13,รับรอง
พรรณทวีรีสอร์ท,ร้านจำหน่ายอาหาร,มีชัย,เมืองหนองคาย,หนองคาย,SAN,2025-01-13,รับรอง
สกายบาร์,ร้านจำหน่ายอาหาร,ในเมือง,เมืองหนองคาย,หนองคาย,SAN,2024-12-11,รับรอง
ดวง,ร้านจำหน่ายอาหาร,ในเมือง,เมืองหนองคาย,หนองคาย,SAN,2024-07-16,ไม่ผ่านเกณฑ์
ดรากอนเรย์ คาเฟ่,ร้านจำหน่ายอาหาร,ในเมือง,เมืองหนองคาย,หนองคาย,SAN,2024-12-19,รับรอง
พิซซ่าฮัท,ร้านจำหน่ายอาหาร,โพธิ์ชัย,เมืองหนองคาย,หนองคาย,SAN,2024-12-19,รับรอง
ก๋วยเตี๋ยวเรือล้านช้าง,ร้านจำหน่ายอาหาร,ในเมือง,เมืองหนองคาย,หนองคาย,SAN,2024-07-16,ไม่ผ่านเกณฑ์
ร้านขนมปังโอชิน,ร้านจำหน่ายอาหาร,ในเมือง,เมืองหนองคาย,หนองคาย,SAN,2024-06-10,ไม่ผ่านเกณฑ์
เน้นดื่ม คาเฟ่,ร้านจำหน่ายอาหาร,ในเมือง,เมืองหนองคาย,หนองคาย,SAN,2024-07-16,ไม่ผ่านเกณฑ์
มิสเตอร์โดนัด อัศวรรณ 2,ร้านจำหน่ายอาหาร,โพธิ์ชัย,เมืองหนองคาย,หนองคาย,SAN,2024-07-16,ไม่ผ่านเกณฑ์
เสี่ยตั้งอาหารป่า,ร้านจำหน่ายอาหาร,โพธิ์ชัย,เมืองหนองคาย,หนองคาย,SAN PLUS,2024-06-28,หมดอายุ
โครตเซียน,ร้านจำหน่ายอาหาร,ในเมือง,เมืองหนองคาย,หนองคาย,SAN,2024-07-16,ไม่ผ่านเกณฑ์
ร้านพรชายโขง,ร้านจำหน่ายอาหาร,ในเมือง,เมืองหนองคาย,หนองคาย,SAN,2024-07-16,ไม่ผ่านเกณฑ์
The Pizza company (โลตัส นค.),ร้านจำหน่ายอาหาร,โพธิ์ชัย,เมืองหนองคาย,หนองคาย,มาตรฐาน SAN,2024-06-14,หมดอายุ
ครัวบุญชู,ร้านจำหน่ายอาหาร,มีชัย,เมืองหนองคาย,หนองคาย,SAN,2025-04-24,รับรอง
ร้านรื่นรมย์ ริมโขง,ร้านจำหน่ายอาหาร,หาดคำ,เมืองหนองคาย,หนองคาย,มาตรฐาน SAN,2024-07-16,หมดอายุ
ครัวอัญชัน & กูโรตีชาชักหนองคาย,ร้านจำหน่ายอาหาร,โพธิ์ชัย,เมืองหนองคาย,หนองคาย,มาตรฐาน SAN,2024-06-14,หมดอายุ
ครัวคูณเก้า,ร้านจำหน่ายอาหาร,หาดคำ,เมืองหนองคาย,หนองคาย,มาตรฐาน SAN,2024-07-16,หมดอายุ
สบายใจแคมป์ แอนด์ คาเฟ่,ร้านจำหน่ายอาหาร,หาดคำ,เมืองหนองคาย,หนองคาย,มาตรฐาน SAN,2024-07-16,หมดอายุ
ร้านอาหารกาเฟเวียด,ร้านจำหน่ายอาหาร,ในเมือง,เมืองหนองคาย,หนองคาย,มาตรฐาน SAN,2024-06-14,หมดอายุ
ร้านริเวอร์ชิลล์,ร้านจำหน่ายอาหาร,หาดคำ,เมืองหนองคาย,หนองคาย,มาตรฐาน SAN,2024-06-24,หมดอายุ
ไก่ย่างนายโจ,ร้านจำหน่ายอาหาร,ค่ายบกหวาน,เมืองหนองคาย,หนองคาย,SAN,2025-05-21,รับรอง
น่องไก่ย่าง,ร้านจำหน่ายอาหาร,ค่ายบกหวาน,เมืองหนองคาย,หนองคาย,SAN,2024-09-18,รับรอง
จรินไก่ย่าง,ร้านจำหน่ายอาหาร,ค่ายบกหวาน,เมืองหนองคาย,หนองคาย,SAN,2024-06-18,ไม่ผ่านเกณฑ์
คอยเพื่อน,ร้านจำหน่ายอาหาร,ค่ายบกหวาน,เมืองหนองคาย,หนองคาย,SAN,2024-06-18,ไม่ผ่านเกณฑ์
ครัวสไปร์,ร้านจำหน่ายอาหาร,ค่ายบกหวาน,เมืองหนองคาย,หนองคาย,SAN,2024-06-18,ไม่ผ่านเกณฑ์
ร้านก๋วยเตี๋ยวแม่นก,ร้านจำหน่ายอาหาร,ค่ายบกหวาน,เมืองหนองคาย,หนองคาย,SAN,2024-06-18,ไม่ผ่านเกณฑ์
อาหารตามสั่งยายโก๊ะ,ร้านจำหน่ายอาหาร,ค่ายบกหวาน,เมืองหนองคาย,หนองคาย,SAN,2024-06-18,ไม่ผ่านเกณฑ์
ตุ่นไก่ย่าง,ร้านจำหน่ายอาหาร,ค่ายบกหวาน,เมืองหนองคาย,หนองคาย,SAN,2025-05-20,รับรอง
ก๋วยเตี๋ยวแซ่บ,ร้านจำหน่ายอาหาร,ค่ายบกหวาน,เมืองหนองคาย,หนองคาย,SAN PLUS,2025-05-01,รับรอง
เชิญดื่ม,ร้านเครื่องดื่ม,ค่ายบกหวาน,เมืองหนองคาย,หนองคาย,SAN,2024-06-18,ไม่ผ่านเกณฑ์
แม่แดงไก่ย่าง,ร้านจำหน่ายอาหาร,ค่ายบกหวาน,เมืองหนองคาย,หนองคาย,SAN,2024-06-18,ไม่ผ่านเกณฑ์
ติ๊กอาหารตามสั่ง,ร้านจำหน่ายอาหาร,ค่ายบกหวาน,เมืองหนองคาย,หนองคาย,SAN,2024-06-18,ไม่ผ่านเกณฑ์
ร้านก๋วยเตี๋ยวดงเจริญอิ่มอร่อย,ร้านจำหน่ายอาหาร,หินโงม,เมืองหนองคาย,หนองคาย,มาตรฐาน SAN,2024-07-16,หมดอายุ
ร้านยายนงค์,ร้านจำหน่ายอาหาร,หินโงม,เมืองหนองคาย,หนองคาย,SAN PLUS,2025-06-26,รับรอง
15 หยวน,ร้านจำหน่ายอาหาร,ในเมือง,เมืองหนองคาย,หนองคาย,มาตรฐาน SAN,2024-07-16,หมดอายุ
ร้านยายมาอาหารตามสั่ง,ร้านจำหน่ายอาหาร,วังหลวง,เฝ้าไร่,หนองคาย,SAN,2025-03-20,รับรอง
ร้านก๋วยเตี๋ยวยายเขียว,ร้านจำหน่ายอาหาร,วังหลวง,เฝ้าไร่,หนองคาย,SAN,2024-06-24,ไม่ผ่านเกณฑ์
ส้มตำนางน้อย,ร้านจำหน่ายอาหาร,โพนสว่าง,เมืองหนองคาย,หนองคาย,SAN,2024-07-16,ไม่ผ่านเกณฑ์
ร้านก๋วยเตี๋ยวไก่,ร้านจำหน่ายอาหาร,อุดมพร,เฝ้าไร่,หนองคาย,SAN,2024-07-16,ไม่ผ่านเกณฑ์
ร้านน้องฟ้าใส,ร้านจำหน่ายอาหาร,โพนสว่าง,เมืองหนองคาย,หนองคาย,มาตรฐาน SAN,2024-07-16,หมดอายุ
ร้านก๋วยเตี๋ยวริมโขง,ร้านจำหน่ายอาหาร,ปะโค,เมืองหนองคาย,หนองคาย,SAN,2024-07-16,ไม่ผ่านเกณฑ์
ศีล 5 ส้มตำ อาหารตามสั่ง,ร้านจำหน่ายอาหาร,ปะโค,เมืองหนองคาย,หนองคาย,มาตรฐาน SAN,2024-07-18,หมดอายุ
ข้าวมันไก่,ร้านจำหน่ายอาหาร,ปะโค,เมืองหนองคาย,หนองคาย,มาตรฐาน SAN,2024-07-18,หมดอายุ
สวนเพื่อน,ร้านจำหน่ายอาหาร,บ้านเดื่อ,เมืองหนองคาย,หนองคาย,SAN PLUS,2025-02-06,รับรอง
ก๋วยเตี๋ยวเรือแม่ยาง,ร้านจำหน่ายอาหาร,บ้านเดื่อ,เมืองหนองคาย,หนองคาย,มาตรฐาน SAN,2024-07-16,หมดอายุ
ร้านลาบเป็ดหนองยาง,ร้านจำหน่ายอาหาร,บ้านเดื่อ,เมืองหนองคาย,หนองคาย,SAN,2024-07-16,ไม่ผ่านเกณฑ์
ก๋วยเตี๋ยวอ้อย,ร้านจำหน่ายอาหาร,บ้านเดื่อ,เมืองหนองคาย,หนองคาย,SAN,2024-07-16,ไม่ผ่านเกณฑ์
เรือนชมพูหมูกระทะ,ร้านจำหน่ายอาหาร,บ้านเดื่อ,เมืองหนองคาย,หนองคาย,มาตรฐาน SAN,2024-07-16,หมดอายุ
เวียงชัย ชาบู ชาบู,ร้านบุฟเฟ่ต์ (ปิ้งย่าง/ชาบู/สุกี้),เวียงคุก,เมืองหนองคาย,หนองคาย,SAN,2024-07-18,ไม่ผ่านเกณฑ์
ลาบเป็ดกนกวรรณ,ร้านจำหน่ายอาหาร,วัดธาตุ,เมืองหนองคาย,หนองคาย,มาตรฐาน SAN,2024-07-16,หมดอายุ
ร้านมุมแซ่บหมูกระทะ,ร้านจำหน่ายอาหาร,วังหลวง,เฝ้าไร่,หนองคาย,SAN,2024-07-05,ไม่ผ่านเกณฑ์
ร้านตะโกนสั่ง,ร้านจำหน่ายอาหาร,วังหลวง,เฝ้าไร่,หนองคาย,SAN,2025-06-30,รับรอง
ร้านก๋วยเตี๋ยวยายดาว,ร้านจำหน่ายอาหาร,วังหลวง,เฝ้าไร่,หนองคาย,มาตรฐาน SAN,2024-07-05,หมดอายุ
ร้านแอบแซ่บ,ร้านจำหน่ายอาหาร,วังหลวง,เฝ้าไร่,หนองคาย,มาตรฐาน SAN,2024-07-05,หมดอายุ
ร้านรักษ์เบเกอรี่,ร้านจำหน่ายอาหาร,วังหลวง,เฝ้าไร่,หนองคาย,SAN,2024-07-05,ไม่ผ่านเกณฑ์
ร้านเมนี่ชาบู,ร้านจำหน่ายอาหาร,วังหลวง,เฝ้าไร่,หนองคาย,SAN,2024-07-05,ไม่ผ่านเกณฑ์
ร้านเมนี่ชาบู,ร้านจำหน่ายอาหาร,วังหลวง,เฝ้าไร่,หนองคาย,SAN,2024-07-05,ไม่ผ่านเกณฑ์
ร้านตามสั่ง,ร้านจำหน่ายอาหาร,วังหลวง,เฝ้าไร่,หนองคาย,SAN,2024-07-05,ไม่ผ่านเกณฑ์
ร้านส้มตำ ไก่ย่าง,ร้านจำหน่ายอาหาร,วังหลวง,เฝ้าไร่,หนองคาย,มาตรฐาน SAN,2024-07-05,หมดอายุ
ครัวเทียบดารา,ร้านจำหน่ายอาหาร,โพนสว่าง,เมืองหนองคาย,หนองคาย,มาตรฐาน SAN,2024-07-16,หมดอายุ
Cafe’Amazon รพ.นค,ร้านจำหน่ายอาหาร,ในเมือง,เมืองหนองคาย,หนองคาย,SAN,2024-07-16,ไม่ผ่านเกณฑ์
แม่อ๋อยอาหารตามสั่ง,ร้านจำหน่ายอาหาร,หนองหลวง,เฝ้าไร่,หนองคาย,มาตรฐาน SAN,2024-07-16,หมดอายุ
ร้านก๋วยเตี๋ยวแม่สมบูรณ์,ร้านจำหน่ายอาหาร,หนองหลวง,เฝ้าไร่,หนองคาย,SAN,2024-07-16,ไม่ผ่านเกณฑ์
ร้านขายของชำ,ร้านจำหน่ายอาหาร,อุดมพร,เฝ้าไร่,หนองคาย,SAN,2024-07-15,ไม่ผ่านเกณฑ์
ร้านขายของชำ,ร้านจำหน่ายอาหาร,อุดมพร,เฝ้าไร่,หนองคาย,SAN,2024-07-15,ไม่ผ่านเกณฑ์
ร้านอาหารตามสั่ง,ร้านจำหน่ายอาหาร,อุดมพร,เฝ้าไร่,หนองคาย,SAN,2024-07-16,ไม่ผ่านเกณฑ์
ร้านขายของชำ,ร้านจำหน่ายอาหาร,อุดมพร,เฝ้าไร่,หนองคาย,SAN,2024-07-15,ไม่ผ่านเกณฑ์
ร้านขายก๋วยเตี๋ยว,ร้านจำหน่ายอาหาร,อุดมพร,เฝ้าไร่,หนองคาย,SAN,2024-07-16,ไม่ผ่านเกณฑ์
ร้านขายก๋วยเตี๋ยว,ร้านจำหน่ายอาหาร,อุดมพร,เฝ้าไร่,หนองคาย,SAN,2024-07-15,ไม่ผ่านเกณฑ์
ร้านขายส้มตำ,ร้านจำหน่ายอาหาร,อุดมพร,เฝ้าไร่,หนองคาย,SAN,2024-07-15,ไม่ผ่านเกณฑ์
อะตอมหมูกระทะ,ร้านบุฟเฟ่ต์ (ปิ้งย่าง/ชาบู/สุกี้),นาดี,เฝ้าไร่,หนองคาย,SAN,2024-07-16,ไม่ผ่านเกณฑ์
อรทัย นามสง่า,ร้านจำหน่ายอาหาร,นาดี,เฝ้าไร่,หนองคาย,SAN,2024-07-16,ไม่ผ่านเกณฑ์
ร้านรุางธิวา  พิมพ์พันธ์,ร้านจำหน่ายอาหาร,นาดี,เฝ้าไร่,หนองคาย,SAN,2024-07-16,ไม่ผ่านเกณฑ์
มัทรส ขุนน้อย,ร้านจำหน่ายอาหาร,นาดี,เฝ้าไร่,หนองคาย,SAN,2025-07-09,รับรอง
Cafe’Amazon อินโดไชน่า,ร้านจำหน่ายอาหาร,ในเมือง,เมืองหนองคาย,หนองคาย,SAN,2024-07-16,ไม่ผ่านเกณฑ์
ร้านก๋วยเตี๋ยว,ร้านจำหน่ายอาหาร,สังคม,สังคม,หนองคาย,มาตรฐาน SAN,2024-07-16,หมดอายุ
65โซล,ร้านจำหน่ายอาหาร,มีชัย,เมืองหนองคาย,หนองคาย,SAN,2024-07-16,ไม่ผ่านเกณฑ์
ร้านเจ้บังอร,ร้านจำหน่ายอาหาร,หนองนาง,ท่าบ่อ,หนองคาย,SAN,2024-07-16,ไม่ผ่านเกณฑ์
ร้านแม่แอ๋ว,ร้านจำหน่ายอาหาร,หนองนาง,ท่าบ่อ,หนองคาย,มาตรฐาน SAN,2024-07-16,หมดอายุ
ครัวสวนปาล์ม,ร้านจำหน่ายอาหาร,โพธิ์ชัย,เมืองหนองคาย,หนองคาย,มาตรฐาน SAN,2024-07-16,หมดอายุ
บริษัท ซีพี แอ็กซ์ตร้า จำกัด (มหาชน) สาขาหนองคาย,ร้านจำหน่ายอาหาร,โพธิ์ชัย,เมืองหนองคาย,หนองคาย,SAN,2024-07-16,ไม่ผ่านเกณฑ์
ร้านดังกิ้น โดนัท สาขาแม็คโคร หนองคาย,ร้านจำหน่ายอาหาร,โพธิ์ชัย,เมืองหนองคาย,หนองคาย,SAN,2024-07-16,ไม่ผ่านเกณฑ์
ร้านคาเฟอเมซอน สาขา 00004 ปตท. อัศวรรณหนองคาย,ร้านเครื่องดื่ม,โพธิ์ชัย,เมืองหนองคาย,หนองคาย,SAN,2024-07-16,ไม่ผ่านเกณฑ์
ร้านสายสัมพันธ์,ร้านจำหน่ายอาหาร,โพธิ์ชัย,เมืองหนองคาย,หนองคาย,SAN,2025-07-09,รับรอง
ป้าอรปลาเผา,ร้านจำหน่ายอาหาร,แก้งไก่,สังคม,หนองคาย,มาตรฐาน SAN,2024-07-16,หมดอายุ
ทัศนาตามสั่ง,ร้านจำหน่ายอาหาร,สังคม,สังคม,หนองคาย,SAN,2024-07-16,ไม่ผ่านเกณฑ์
ร้านก๋วยเตี๋ยววราภรณ์,ร้านจำหน่ายอาหาร,สังคม,สังคม,หนองคาย,มาตรฐาน SAN,2024-07-16,หมดอายุ
เส้นเป็นเตี๋ยว,ร้านจำหน่ายอาหาร,บ้านม่วง,สังคม,หนองคาย,SAN,2025-07-09,รับรอง
ร้านอาหารทานตะวัน,ร้านจำหน่ายอาหาร,แก้งไก่,สังคม,หนองคาย,SAN,2024-07-16,ไม่ผ่านเกณฑ์
ตูมตามหมูกระทะ,ร้านบุฟเฟ่ต์ (ปิ้งย่าง/ชาบู/สุกี้),ผาตั้ง,สังคม,หนองคาย,SAN,2024-07-16,ไม่ผ่านเกณฑ์
ร้านเฮียอ้วน,ร้านจำหน่ายอาหาร,แก้งไก่,สังคม,หนองคาย,มาตรฐาน SAN,2024-07-16,หมดอายุ
ข้าวเปียกเส้นป๋องแป๋ง,ร้านจำหน่ายอาหาร,แก้งไก่,สังคม,หนองคาย,SAN,2024-07-16,ไม่ผ่านเกณฑ์
ร้านเตี๋ยวยำตำถาด,ร้านจำหน่ายอาหาร,ผาตั้ง,สังคม,หนองคาย,SAN,2024-07-18,ไม่ผ่านเกณฑ์
ร้านปากโสมลาบก้อย,ร้านจำหน่ายอาหาร,ผาตั้ง,สังคม,หนองคาย,SAN,2024-07-18,ไม่ผ่านเกณฑ์
แดงแหนมเนือง,ร้านจำหน่ายอาหาร,ในเมือง,เมืองหนองคาย,หนองคาย,SAN,2024-10-16,ไม่ผ่านเกณฑ์
เพลิงพุง ตำ ตำ,ร้านจำหน่ายอาหาร,ในเมือง,เมืองหนองคาย,หนองคาย,SAN,2025-03-11,ไม่ผ่านเกณฑ์
ครัววาสนา,ร้านจำหน่ายอาหาร,รัตนวาปี,รัตนวาปี,หนองคาย,มาตรฐาน SAN,2025-03-31,หมดอายุ
โรงพยาบาลหนองคาย,ศูนย์อาหาร,ในเมือง,เมืองหนองคาย,หนองคาย,SAN,2025-04-22,รับรอง
ร้านปลาทู,ร้านจำหน่ายอาหาร,จุมพล,โพนพิสัย,หนองคาย,SAN,2025-06-16,รับรอง
ร้านประเทืองโภชนา,ร้านจำหน่ายอาหาร,จุมพล,โพนพิสัย,หนองคาย,SAN,2025-06-10,ไม่ผ่านเกณฑ์
ลำภูเนื้อย่าง,ร้านบุฟเฟ่ต์ (ปิ้งย่าง/ชาบู/สุกี้),จุมพล,โพนพิสัย,หนองคาย,SAN,2025-07-26,รับรอง
ต้อมปลาเผา,ร้านจำหน่ายอาหาร,จุมพล,โพนพิสัย,หนองคาย,SAN,2025-06-10,ไม่ผ่านเกณฑ์
เฟื่องโภชนา,ร้านจำหน่ายอาหาร,จุมพล,โพนพิสัย,หนองคาย,SAN,2025-06-10,ไม่ผ่านเกณฑ์
ก๋วยเตี๋ยวอยุธยา,ร้านจำหน่ายอาหาร,จุมพล,โพนพิสัย,หนองคาย,SAN,2025-06-16,รับรอง
แม่ราญขนมหวาน,อื่นๆ,จุมพล,โพนพิสัย,หนองคาย,SAN,2024-11-05,รับรอง
นกโภชนา,ร้านจำหน่ายอาหาร,จุมพล,โพนพิสัย,หนองคาย,SAN,2025-06-16,รับรอง
แม่ซอสปลาเผา,ร้านจำหน่ายอาหาร,จุมพล,โพนพิสัย,หนองคาย,SAN,2025-06-16,รับรอง
ข้าวผัดทะเล,ร้านจำหน่ายอาหาร,จุมพล,โพนพิสัย,หนองคาย,SAN,2025-07-26,รับรอง
โอชา,ร้านจำหน่ายอาหาร,จุมพล,โพนพิสัย,หนองคาย,SAN,2025-06-16,รับรอง
ร้านแหนมคลุก,ร้านจำหน่ายอาหาร,จุมพล,โพนพิสัย,หนองคาย,SAN,2024-11-06,รับรอง
ลานฤดี,ร้านจำหน่ายอาหาร,จุมพล,โพนพิสัย,หนองคาย,SAN,2025-06-16,รับรอง
ร้านคิงส์ไข่กระทะ,ร้านจำหน่ายอาหาร,จุมพล,โพนพิสัย,หนองคาย,SAN,2025-07-27,รับรอง
เค้กละมุน,ร้านเครื่องดื่ม,จุมพล,โพนพิสัย,หนองคาย,SAN,2024-11-05,รับรอง
เนื้อย่างกิ่งแก้ว,ร้านบุฟเฟ่ต์ (ปิ้งย่าง/ชาบู/สุกี้),จุมพล,โพนพิสัย,หนองคาย,SAN,2025-03-06,รับรอง
ส้มตำแม่ราญ,ร้านจำหน่ายอาหาร,จุมพล,โพนพิสัย,หนองคาย,SAN,2024-11-05,รับรอง
ทัดดาวโจ๊กแกงเส้น,ร้านจำหน่ายอาหาร,จุมพล,โพนพิสัย,หนองคาย,SAN,2025-07-27,รับรอง
ร้าน ก๋วยเตี๋ยวไก่มะระ,ร้านจำหน่ายอาหาร,จุมพล,โพนพิสัย,หนองคาย,SAN,2024-11-05,รับรอง
เลอ คาเฟ่ เฟรส์,ร้านเครื่องดื่ม,จุมพล,โพนพิสัย,หนองคาย,SAN,2024-11-06,รับรอง
เออ กาแฟ,ร้านเครื่องดื่ม,จุมพล,โพนพิสัย,หนองคาย,SAN,2025-07-26,รับรอง
ข้าวราดแกงยายไข่,ร้านจำหน่ายอาหาร,จุมพล,โพนพิสัย,หนองคาย,SAN,2025-06-10,ไม่ผ่านเกณฑ์
NB สเต๊ก,ร้านจำหน่ายอาหาร,จุมพล,โพนพิสัย,หนองคาย,SAN,2024-11-06,รับรอง
ส้มตำไข่มุก,ร้านจำหน่ายอาหาร,จุมพล,โพนพิสัย,หนองคาย,SAN,2025-04-22,รับรอง
ร้านส้มตำพี่เจี๊ยบ,ร้านจำหน่ายอาหาร,จุมพล,โพนพิสัย,หนองคาย,SAN,2024-11-06,รับรอง
ร้านผลไม้ดอง,ร้านเครื่องดื่ม,จุมพล,โพนพิสัย,หนองคาย,SAN,2025-06-10,ไม่ผ่านเกณฑ์
ร้านก๋วยเตี๋ยวแม่เฉลียว,ร้านจำหน่ายอาหาร,จุมพล,โพนพิสัย,หนองคาย,SAN,2025-06-10,ไม่ผ่านเกณฑ์
ร้านชาขุนพล,ร้านเครื่องดื่ม,จุมพล,โพนพิสัย,หนองคาย,SAN,2025-06-10,ไม่ผ่านเกณฑ์
ร้าน อะ คิ ชะ ,ร้านเครื่องดื่ม,จุมพล,โพนพิสัย,หนองคาย,SAN,2025-07-26,รับรอง
ร้าน ลิตเติ้ลโฮป,ร้านจำหน่ายอาหาร,จุมพล,โพนพิสัย,หนองคาย,SAN,2025-06-16,รับรอง
ร้าน ชิวล์ ชิวล์,ร้านจำหน่ายอาหาร,จุมพล,โพนพิสัย,หนองคาย,SAN,2025-06-10,ไม่ผ่านเกณฑ์
ร้าน โต้ฟู่,ร้านบุฟเฟ่ต์ (ปิ้งย่าง/ชาบู/สุกี้),จุมพล,โพนพิสัย,หนองคาย,SAN,2024-11-06,รับรอง
ร้าน ส้มตำยายนี,ร้านจำหน่ายอาหาร,จุมพล,โพนพิสัย,หนองคาย,SAN,2025-06-10,ไม่ผ่านเกณฑ์
ร้าน โจ๊ก-ข้าวเปียก,ร้านจำหน่ายอาหาร,จุมพล,โพนพิสัย,หนองคาย,SAN,2025-04-18,รับรอง
ร้าน หมูสะเต๊ะ,ร้านจำหน่ายอาหาร,จุมพล,โพนพิสัย,หนองคาย,SAN,2025-06-10,ไม่ผ่านเกณฑ์
ร้าน น้ำชาริมโขง,ร้านเครื่องดื่ม,จุมพล,โพนพิสัย,หนองคาย,SAN,2025-06-10,ไม่ผ่านเกณฑ์
ร้าน ชาตันหยง,ร้านเครื่องดื่ม,จุมพล,โพนพิสัย,หนองคาย,SAN,2024-11-07,รับรอง
ร้าน ขนมไทย,ร้านจำหน่ายอาหาร,จุมพล,โพนพิสัย,หนองคาย,SAN,2025-06-16,รับรอง
ร้าน มนุษย์ชา,ร้านเครื่องดื่ม,จุมพล,โพนพิสัย,หนองคาย,SAN,2024-11-05,รับรอง
ร้าน ผลไม้ปั่น,ร้านเครื่องดื่ม,จุมพล,โพนพิสัย,หนองคาย,SAN,2025-06-10,ไม่ผ่านเกณฑ์
ร้าน หมูปิ้ง หน้ามินิบิ๊กซี,ร้านจำหน่ายอาหาร,จุมพล,โพนพิสัย,หนองคาย,SAN,2025-06-10,ไม่ผ่านเกณฑ์
ร้าน ผัดไทย,ร้านจำหน่ายอาหาร,จุมพล,โพนพิสัย,หนองคาย,SAN,2024-11-05,รับรอง
ร้าน มะพร้าวปั่น,ร้านเครื่องดื่ม,จุมพล,โพนพิสัย,หนองคาย,SAN,2025-06-16,รับรอง
ร้าน ข้าวเกรียบ,ร้านจำหน่ายอาหาร,จุมพล,โพนพิสัย,หนองคาย,SAN,2025-07-27,รับรอง
ร้าน วนิดาชาไข่มุก,ร้านเครื่องดื่ม,จุมพล,โพนพิสัย,หนองคาย,SAN,2024-11-05,รับรอง
ร้าน ส้มตำไก่ย่าง,ร้านจำหน่ายอาหาร,จุมพล,โพนพิสัย,หนองคาย,SAN,2024-11-05,รับรอง
ร้าน หมูปิ้งหน้า รร.,ร้านจำหน่ายอาหาร,จุมพล,โพนพิสัย,หนองคาย,SAN,2024-11-05,รับรอง
ร้านมดข้าวราดแกงบุฟเฟต์ 69,ร้านจำหน่ายอาหาร,จุมพล,โพนพิสัย,หนองคาย,SAN,2025-07-28,รับรอง
เตี๋ยวเรือ ซ่อนกลิ่น,ร้านจำหน่ายอาหาร,จุมพล,โพนพิสัย,หนองคาย,SAN,2025-05-01,รับรอง
ริมโขงลาบเป็ด,ร้านจำหน่ายอาหาร,จุมพล,โพนพิสัย,หนองคาย,SAN,2025-06-13,ไม่ผ่านเกณฑ์
ร้านอาหารเจแม่บุญน้อม,ร้านจำหน่ายอาหาร,จุมพล,โพนพิสัย,หนองคาย,SAN,2025-07-28,รับรอง
FATER coffee and tea,ร้านเครื่องดื่ม,จุมพล,โพนพิสัย,หนองคาย,SAN,2025-06-16,ไม่ผ่านเกณฑ์
สุภาลาบเป็ด,ร้านจำหน่ายอาหาร,จุมพล,โพนพิสัย,หนองคาย,SAN,2024-11-11,รับรอง
ภูตะวัน,ร้านบุฟเฟ่ต์ (ปิ้งย่าง/ชาบู/สุกี้),จุมพล,โพนพิสัย,หนองคาย,SAN,2024-11-11,รับรอง
บลูลากูนคาเฟ่,สวนอาหาร,จุมพล,โพนพิสัย,หนองคาย,SAN,2024-11-11,รับรอง
แม่เหรียญชาบู,ร้านจำหน่ายอาหาร,จุมพล,โพนพิสัย,หนองคาย,SAN,2025-03-21,รับรอง
ครัวบ้านสวน,สวนอาหาร,จุมพล,โพนพิสัย,หนองคาย,SAN,2024-11-11,รับรอง
ร้านแม่ซ่อนกลิ่น,สวนอาหาร,จุมพล,โพนพิสัย,หนองคาย,SAN,2024-11-11,รับรอง
คาวาชิคาเฟ แอนด์ บาร ์,สวนอาหาร,จุมพล,โพนพิสัย,หนองคาย,SAN,2025-03-21,รับรอง
ร้านดีดีโพนพิสัย,สวนอาหาร,จุมพล,โพนพิสัย,หนองคาย,SAN,2024-11-11,รับรอง
ร้านอยู่ดีมีสุข,สวนอาหาร,จุมพล,โพนพิสัย,หนองคาย,SAN,2024-11-11,รับรอง
ร้านโคขุนพรีเมี่ยม,ร้านบุฟเฟ่ต์ (ปิ้งย่าง/ชาบู/สุกี้),จุมพล,โพนพิสัย,หนองคาย,SAN,2024-11-11,รับรอง
ก๋วยเตี๋ยวตายาย,ร้านจำหน่ายอาหาร,จุมพล,โพนพิสัย,หนองคาย,SAN,2025-03-21,รับรอง
ร้านก๋วยเตี๋ยวโกเด้งโฮเด้ง,ร้านจำหน่ายอาหาร,จุมพล,โพนพิสัย,หนองคาย,SAN,2024-11-11,รับรอง
คาวาชิคาเฟ แอนด์ บาร ์,ร้านจำหน่ายอาหาร,จุมพล,โพนพิสัย,หนองคาย,SAN,2024-11-11,รับรอง
ร้านโขงวิว,สวนอาหาร,วัดหลวง,โพนพิสัย,หนองคาย,SAN,2024-11-11,รับรอง
คิ้ม,อื่นๆ,มีชัย,เมืองหนองคาย,หนองคาย,SAN,2025-06-30,ไม่ผ่านเกณฑ์
ร้านเฮียอ้วน,ร้านจำหน่ายอาหาร,แก้งไก่,สังคม,หนองคาย,SAN,2025-07-27,รับรอง
ร้านบังอร วิตารัตน์ หนองนาง,ร้านจำหน่ายอาหาร,หนองนาง,ท่าบ่อ,หนองคาย,SAN,2025-07-06,ไม่ผ่านเกณฑ์
Vera costa,ร้านจำหน่ายอาหาร,แก้งไก่,สังคม,หนองคาย,SAN,2025-08-25,ไม่ผ่านเกณฑ์
ชิปปุ,ร้านจำหน่ายอาหาร,หนองกอมเกาะ,เมืองหนองคาย,หนองคาย,SAN,2025-04-23,รับรอง
