name,type,subdistrict,district,province,standard,approve_date,status
โรงแรมอวานี่พลัส เขาหลัก รีสอร์ท,ร้านจำหน่ายอาหาร,บางม่วง,ตะกั่วป่า,พังงา,SAN,2024-07-18,ไม่ผ่านเกณฑ์
ร้านอาหารปะการัง (Pakarang Restaurant),ภัตาคาร,เกาะยาวใหญ่,เกาะยาว,พังงา,มาตรฐาน SAN,2024-07-18,หมดอายุ
โจ๊กโกเบิร์ดเมืองพังงา,ร้านจำหน่ายอาหาร,ท้ายช้าง,เมืองพังงา,พังงา,มาตรฐาน SAN,2025-04-30,หมดอายุ
ก๊ะไหมฮาลาล,ร้านจำหน่ายอาหาร,ท้ายช้าง,เมืองพังงา,พังงา,มาตรฐาน SAN,2025-08-15,หมดอายุ
แต๋ว โภชนา,ร้านจำหน่ายอาหาร,ท้ายช้าง,เมืองพังงา,พังงา,SAN,2024-11-04,รับรอง
กิ่งเย็นตาโฟ,ร้านจำหน่ายอาหาร,ท้ายช้าง,เมืองพังงา,พังงา,มาตรฐาน SAN,2025-04-04,หมดอายุ
ร้าน จีบสด ติ่มซำ พังงา,ร้านจำหน่ายอาหาร,ท้ายช้าง,เมืองพังงา,พังงา,มาตรฐาน SAN,2025-03-17,หมดอายุ
ร้านข้าวต้มกำลังภายใน,ร้านจำหน่ายอาหาร,ท้ายช้าง,เมืองพังงา,พังงา,มาตรฐาน SAN,2025-08-20,หมดอายุ
ขาหมูแม่ศรี เจ้าเก่า ,ร้านจำหน่ายอาหาร,ท้ายช้าง,เมืองพังงา,พังงา,มาตรฐาน SAN,2025-03-17,หมดอายุ
ร้านดวง2,ร้านจำหน่ายอาหาร,ท้ายช้าง,เมืองพังงา,พังงา,มาตรฐาน SAN,2025-03-17,หมดอายุ
ชาลาลา ณ พังงา,ร้านจำหน่ายอาหาร,ท้ายช้าง,เมืองพังงา,พังงา,มาตรฐาน SAN,2025-08-15,หมดอายุ
ก๋งกี่ บะหมี่ตลาดขวาง,ร้านจำหน่ายอาหาร,ท้ายช้าง,เมืองพังงา,พังงา,SAN,2025-05-07,รับรอง
ร้านเป็ดย่างชิกกี่ พังงา,ร้านจำหน่ายอาหาร,ท้ายช้าง,เมืองพังงา,พังงา,มาตรฐาน SAN,2025-08-15,หมดอายุ
ร้านข้าวแกงป้าเครือ,ร้านจำหน่ายอาหาร,ท้ายช้าง,เมืองพังงา,พังงา,SAN,2025-08-15,ไม่ผ่านเกณฑ์
ร้านอีสาน สตอรี่,ร้านจำหน่ายอาหาร,ท้ายช้าง,เมืองพังงา,พังงา,SAN,2025-03-17,ไม่ผ่านเกณฑ์
Kokulo Beach Club,ร้านจำหน่ายอาหาร,คึกคัก,ตะกั่วป่า,พังงา,SAN,2025-01-21,ไม่ผ่านเกณฑ์
โรงแรมเขาหลักบันดารี รีสอร์ท แอนด์ สปา,ภัตาคาร,คึกคัก,ตะกั่วป่า,พังงา,SAN,2025-01-21,ไม่ผ่านเกณฑ์
โรงแรม ซีวิว รีสอร์ท เขาหลัก,ร้านจำหน่ายอาหาร,คึกคัก,ตะกั่วป่า,พังงา,SAN,2024-09-05,ไม่ผ่านเกณฑ์
ก๋วยเตี๋ยวเรือจี้เดือน,ร้านจำหน่ายอาหาร,ท้ายช้าง,เมืองพังงา,พังงา,SAN,2024-09-05,รับรอง
ราชาติ่มซำ,ร้านจำหน่ายอาหาร,ท้ายช้าง,เมืองพังงา,พังงา,SAN,2025-08-15,ไม่ผ่านเกณฑ์
ชาบูชิลล์ PHANGNGA,ร้านบุฟเฟ่ต์ (ปิ้งย่าง/ชาบู/สุกี้),ท้ายช้าง,เมืองพังงา,พังงา,มาตรฐาน SAN,2025-04-04,หมดอายุ
Beyond Skywalk Nangshi บียอนด์ สกายวอล์ค นางชี,ภัตาคาร,คลองเคียน,ตะกั่วทุ่ง,พังงา,มาตรฐาน SAN,2024-12-18,หมดอายุ
 ร้านชาบู อู๊ดเป็นต่อ สาขาตะกั่วป่า,ร้านบุฟเฟ่ต์ (ปิ้งย่าง/ชาบู/สุกี้),บางนายสี,ตะกั่วป่า,พังงา,SAN,2025-01-10,ไม่ผ่านเกณฑ์
The pizza company,ร้านจำหน่ายอาหาร,ตะกั่วป่า,ตะกั่วป่า,พังงา,SAN,2025-01-10,ไม่ผ่านเกณฑ์
Japs by เรือขุดแร่,ร้านจำหน่ายอาหาร,บางนายสี,ตะกั่วป่า,พังงา,มาตรฐาน SAN,2025-01-10,หมดอายุ
เรือขุดแร่ (Ruekhoodrae),ร้านจำหน่ายอาหาร,ท้ายเหมือง,ท้ายเหมือง,พังงา,SAN,2024-10-03,รับรอง
โรงแรมเสม็ดนางชีบูทีค ,ร้านจำหน่ายอาหาร,คลองเคียน,ตะกั่วทุ่ง,พังงา,มาตรฐาน SAN,2025-03-06,หมดอายุ
Kope51,ร้านจำหน่ายอาหาร,โคกกลอย,ตะกั่วทุ่ง,พังงา,มาตรฐาน SAN,2025-02-28,หมดอายุ
สารสินซีฟู้ด   sarasinseafood,ร้านจำหน่ายอาหาร,โคกกลอย,ตะกั่วทุ่ง,พังงา,SAN,2025-07-31,รับรอง
มะม๊าติ่มซำ,ร้านจำหน่ายอาหาร,โคกกลอย,ตะกั่วทุ่ง,พังงา,SAN,2025-03-11,ไม่ผ่านเกณฑ์
มะม๊าติ่มซำ,ร้านจำหน่ายอาหาร,โคกกลอย,ตะกั่วทุ่ง,พังงา,SAN,2025-03-11,ไม่ผ่านเกณฑ์
โคกกลอยบะหมี่ต้มยำไข่,ร้านจำหน่ายอาหาร,โคกกลอย,ตะกั่วทุ่ง,พังงา,SAN,2025-08-01,รับรอง
ร้านอาหาร ท้ายราง,ร้านจำหน่ายอาหาร,ท้ายเหมือง,ท้ายเหมือง,พังงา,SAN,2025-05-29,ไม่ผ่านเกณฑ์
ร้านบุญนิยม by Amp,ร้านจำหน่ายอาหาร,ท้ายเหมือง,ท้ายเหมือง,พังงา,SAN PLUS,2024-09-20,รับรอง
ร้านตาต้าซีฟู้ด,ร้านจำหน่ายอาหาร,ท้ายเหมือง,ท้ายเหมือง,พังงา,SAN,2025-07-22,รับรอง
ร้านอันดามันซีฟู้ด,ร้านจำหน่ายอาหาร,ท้ายเหมือง,ท้ายเหมือง,พังงา,SAN,2025-05-29,ไม่ผ่านเกณฑ์
ร้านอาหารพี่สาวซีฟู๊ด,ร้านจำหน่ายอาหาร,ท้ายเหมือง,ท้ายเหมือง,พังงา,SAN,2025-04-05,ไม่ผ่านเกณฑ์
บ้านจันทน์กะพ้อ,ร้านจำหน่ายอาหาร,ท้ายเหมือง,ท้ายเหมือง,พังงา,SAN,2024-09-17,รับรอง
ร้านบินหลา,ร้านจำหน่ายอาหาร,ท้ายเหมือง,ท้ายเหมือง,พังงา,SAN,2025-05-23,ไม่ผ่านเกณฑ์
บ้านเขาหลักซีฟู้ด,ร้านจำหน่ายอาหาร,ลำแก่น,ท้ายเหมือง,พังงา,SAN,2025-05-23,ไม่ผ่านเกณฑ์
ร้านชายคลองราชา,ร้านจำหน่ายอาหาร,บางทอง,ท้ายเหมือง,พังงา,SAN,2024-09-23,รับรอง
หลังบ้านพ่อ,ร้านจำหน่ายอาหาร,บางทอง,ท้ายเหมือง,พังงา,SAN,2025-01-13,รับรอง
