name,type,subdistrict,district,province,standard,approve_date,status
สเต็กร้านเหล็ก,สวนอาหาร,ไม้ดัด,บางระจัน,สิงห์บุรี,SAN,2024-08-14,ไม่ผ่านเกณฑ์
อริยะเบเกอร์รี่,ร้านจำหน่ายอาหาร,อินทร์บุรี,อินทร์บุรี,สิงห์บุรี,SAN,2025-07-02,รับรอง
ร้านริมน้ำ,ร้านจำหน่ายอาหาร,อินทร์บุรี,อินทร์บุรี,สิงห์บุรี,SAN,2025-07-01,รับรอง
ร้านผัดไทยอินทร์บุรี,ร้านจำหน่ายอาหาร,ท่างาม,อินทร์บุรี,สิงห์บุรี,SAN,2024-08-27,ไม่ผ่านเกณฑ์
พุทราทอง,ร้านจำหน่ายอาหาร,โพสังโฆ,ค่ายบางระจัน,สิงห์บุรี,มาตรฐาน SAN,2024-08-19,หมดอายุ
ตำแซ่บเลย,ร้านจำหน่ายอาหาร,อินทร์บุรี,อินทร์บุรี,สิงห์บุรี,SAN,2024-08-27,ไม่ผ่านเกณฑ์
ร้านแซ่บดาบเสริฐ,ร้านจำหน่ายอาหาร,อินทร์บุรี,อินทร์บุรี,สิงห์บุรี,SAN,2024-12-04,รับรอง
เตี๋ยวแฟบ้านตาจ้อย,ร้านจำหน่ายอาหาร,โพทะเล,ค่ายบางระจัน,สิงห์บุรี,SAN,2024-10-22,รับรอง
ครัวแม่เกษร,ร้านจำหน่ายอาหาร,ท่างาม,อินทร์บุรี,สิงห์บุรี,SAN,2025-05-04,รับรอง
ครัวมัญจา,ร้านจำหน่ายอาหาร,โพชนไก่,บางระจัน,สิงห์บุรี,SAN,2025-06-20,รับรอง
ระเบียงนำ้,ร้านจำหน่ายอาหาร,โพชนไก่,บางระจัน,สิงห์บุรี,SAN,2025-05-04,รับรอง
ร่มไม้ปลายนา,ร้านจำหน่ายอาหาร,โพชนไก่,บางระจัน,สิงห์บุรี,SAN,2024-08-14,ไม่ผ่านเกณฑ์
ร้านอาหารกฤษฏิพงศ์,ร้านจำหน่ายอาหาร,พิกุลทอง,ท่าช้าง,สิงห์บุรี,SAN,2024-08-23,ไม่ผ่านเกณฑ์
เรือนไม้ใบเงิน,ร้านจำหน่ายอาหาร,โพประจักษ์,ท่าช้าง,สิงห์บุรี,SAN,2025-07-07,รับรอง
ร้านร่มพิกุล,ร้านจำหน่ายอาหาร,พิกุลทอง,ท่าช้าง,สิงห์บุรี,SAN,2025-08-04,รับรอง
ร้านก๋วยเตี๋ยวหมูเจ๊น้อย บางแคใน สิงห์บุรี,ร้านจำหน่ายอาหาร,บางมัญ,เมืองสิงห์บุรี,สิงห์บุรี,SAN,2025-04-23,ไม่ผ่านเกณฑ์
นายหัวหมูกะทะ,ร้านบุฟเฟ่ต์ (ปิ้งย่าง/ชาบู/สุกี้),ต้นโพธิ์,เมืองสิงห์บุรี,สิงห์บุรี,SAN,2025-05-19,ไม่ผ่านเกณฑ์
ข้าวต้มพรศรี,ร้านจำหน่ายอาหาร,ต้นโพธิ์,เมืองสิงห์บุรี,สิงห์บุรี,SAN,2025-04-25,ไม่ผ่านเกณฑ์
ครัวSiri,ร้านจำหน่ายอาหาร,บางพุทรา,เมืองสิงห์บุรี,สิงห์บุรี,SAN,2024-08-22,ไม่ผ่านเกณฑ์
เต็ก โต้รุ่ง,ร้านจำหน่ายอาหาร,บางพุทรา,เมืองสิงห์บุรี,สิงห์บุรี,SAN,2024-08-19,ไม่ผ่านเกณฑ์
แพร,ร้านจำหน่ายอาหาร,บางมัญ,เมืองสิงห์บุรี,สิงห์บุรี,SAN,2025-05-19,ไม่ผ่านเกณฑ์
ข้างบ้าน Khang Ban Muang Singburi,ร้านเครื่องดื่ม,บางพุทรา,เมืองสิงห์บุรี,สิงห์บุรี,SAN,2025-05-19,ไม่ผ่านเกณฑ์
ผัดไทยบางมอญ,ร้านจำหน่ายอาหาร,ต้นโพธิ์,เมืองสิงห์บุรี,สิงห์บุรี,SAN,2024-08-19,ไม่ผ่านเกณฑ์
เจ๊แหม่ม,ร้านจำหน่ายอาหาร,บางมัญ,เมืองสิงห์บุรี,สิงห์บุรี,SAN,2025-05-13,รับรอง
ก๋วยเตี๋ยวเจ๊เซี้ยม,ร้านจำหน่ายอาหาร,บางพุทรา,เมืองสิงห์บุรี,สิงห์บุรี,SAN,2025-06-27,รับรอง
เจ๊หมึก อาหารตามสั่ง,ร้านจำหน่ายอาหาร,บางมัญ,เมืองสิงห์บุรี,สิงห์บุรี,SAN,2024-08-19,ไม่ผ่านเกณฑ์
บ้านข้าวหอมฟาร์มสเตย์,อื่นๆ,หัวไผ่,เมืองสิงห์บุรี,สิงห์บุรี,SAN,2024-08-27,ไม่ผ่านเกณฑ์
สะอาดชวนชิม,ร้านจำหน่ายอาหาร,โพกรวม,เมืองสิงห์บุรี,สิงห์บุรี,SAN,2024-08-27,ไม่ผ่านเกณฑ์
ร้านข้าวแกงบัวตอง,ร้านจำหน่ายอาหาร,บ้านหม้อ,พรหมบุรี,สิงห์บุรี,SAN,2024-08-23,ไม่ผ่านเกณฑ์
กุ้งเผาแพลุงเช้า,ร้านจำหน่ายอาหาร,บ้านหม้อ,พรหมบุรี,สิงห์บุรี,SAN,2025-07-30,รับรอง
กุ้งเผาทองชุบ,ร้านจำหน่ายอาหาร,บ้านหม้อ,พรหมบุรี,สิงห์บุรี,SAN,2025-07-30,รับรอง
สวนพ่อปัญญาครัวแม่แฉล้ม,ร้านจำหน่ายอาหาร,พระงาม,พรหมบุรี,สิงห์บุรี,SAN,2024-08-23,ไม่ผ่านเกณฑ์
สวนอาหารฟองคำ,สวนอาหาร,พระงาม,พรหมบุรี,สิงห์บุรี,SAN,2024-08-23,ไม่ผ่านเกณฑ์
ก๋วยเตี๋ยวสุโขทัย,ร้านจำหน่ายอาหาร,บางน้ำเชี่ยว,พรหมบุรี,สิงห์บุรี,SAN,2025-01-09,รับรอง
ร้านเจริญทิพย์,ร้านจำหน่ายอาหาร,บางมัญ,เมืองสิงห์บุรี,สิงห์บุรี,SAN,2024-08-27,ไม่ผ่านเกณฑ์
ร้านลูกบอล,ร้านจำหน่ายอาหาร,บางพุทรา,เมืองสิงห์บุรี,สิงห์บุรี,SAN,2025-05-19,ไม่ผ่านเกณฑ์
ร้านท่าพระจันทร์,ร้านจำหน่ายอาหาร,บางกระบือ,เมืองสิงห์บุรี,สิงห์บุรี,SAN,2024-08-27,ไม่ผ่านเกณฑ์
ข้าวมันไก่อาฮง,ร้านจำหน่ายอาหาร,บางพุทรา,เมืองสิงห์บุรี,สิงห์บุรี,SAN,2025-06-16,รับรอง
ข้างแกงแม่สังเวียน,ร้านจำหน่ายอาหาร,บางพุทรา,เมืองสิงห์บุรี,สิงห์บุรี,SAN,2024-08-27,ไม่ผ่านเกณฑ์
นิดแจ่วฮ้อน,ร้านจำหน่ายอาหาร,บางน้ำเชี่ยว,พรหมบุรี,สิงห์บุรี,SAN,2024-08-23,ไม่ผ่านเกณฑ์
ครัวย่าเจริญ,ร้านจำหน่ายอาหาร,โรงช้าง,พรหมบุรี,สิงห์บุรี,SAN,2024-08-23,ไม่ผ่านเกณฑ์
รุ่งอรุณฟิชชิ่งปาร์ค,สวนอาหาร,โรงช้าง,พรหมบุรี,สิงห์บุรี,SAN,2025-06-16,รับรอง
ร้านบ้านอินทร์,ร้านจำหน่ายอาหาร,ท่างาม,อินทร์บุรี,สิงห์บุรี,SAN,2024-05-23,ไม่ผ่านเกณฑ์
ไพบูลย์ไก่ย่าง,ร้านจำหน่ายอาหาร,บางมัญ,เมืองสิงห์บุรี,สิงห์บุรี,มาตรฐาน SAN,2024-06-05,หมดอายุ
แต๋ว ก๋วยเตี๋ยว,ร้านจำหน่ายอาหาร,บางพุทรา,เมืองสิงห์บุรี,สิงห์บุรี,มาตรฐาน SAN,2025-05-19,หมดอายุ
แหม่ม ข้าวกะปิ,ร้านจำหน่ายอาหาร,บางมัญ,เมืองสิงห์บุรี,สิงห์บุรี,SAN,2025-05-19,ไม่ผ่านเกณฑ์
นงลักษ์,ร้านจำหน่ายอาหาร,บางพุทรา,เมืองสิงห์บุรี,สิงห์บุรี,SAN,2024-08-19,ไม่ผ่านเกณฑ์
ป้าชลออาหารตามสั่ง,ร้านจำหน่ายอาหาร,บางพุทรา,เมืองสิงห์บุรี,สิงห์บุรี,SAN,2024-08-19,ไม่ผ่านเกณฑ์
บุ๊ง ก๋วยเตี๋ยวเป็ด ,ร้านจำหน่ายอาหาร,บางพุทรา,เมืองสิงห์บุรี,สิงห์บุรี,SAN,2024-08-27,ไม่ผ่านเกณฑ์
สุทธิพร,ร้านจำหน่ายอาหาร,บางพุทรา,เมืองสิงห์บุรี,สิงห์บุรี,มาตรฐาน SAN,2024-08-27,หมดอายุ
แดงข้าวมันไก่,ร้านจำหน่ายอาหาร,บางพุทรา,เมืองสิงห์บุรี,สิงห์บุรี,SAN,2024-08-19,ไม่ผ่านเกณฑ์
ข้าวต้มประชามิตร,ร้านจำหน่ายอาหาร,บางพุทรา,เมืองสิงห์บุรี,สิงห์บุรี,SAN,2025-05-19,ไม่ผ่านเกณฑ์
นครศรีแกงปักษ์ใต้,ร้านจำหน่ายอาหาร,บางพุทรา,เมืองสิงห์บุรี,สิงห์บุรี,SAN,2024-08-19,ไม่ผ่านเกณฑ์
ข้าวต้มพรประดิษฐ์,ร้านจำหน่ายอาหาร,บางพุทรา,เมืองสิงห์บุรี,สิงห์บุรี,SAN,2025-05-19,ไม่ผ่านเกณฑ์
อาชีพก๋ง,ร้านจำหน่ายอาหาร,บางมัญ,เมืองสิงห์บุรี,สิงห์บุรี,SAN,2024-08-19,ไม่ผ่านเกณฑ์
ร้านอิ่มอร่อย,ร้านจำหน่ายอาหาร,บางมัญ,เมืองสิงห์บุรี,สิงห์บุรี,SAN,2024-08-27,ไม่ผ่านเกณฑ์
เจ้หว่อง,ร้านจำหน่ายอาหาร,บางมัญ,เมืองสิงห์บุรี,สิงห์บุรี,มาตรฐาน SAN,2024-08-19,หมดอายุ
รำพึง,ร้านจำหน่ายอาหาร,บางมัญ,เมืองสิงห์บุรี,สิงห์บุรี,SAN,2025-05-19,ไม่ผ่านเกณฑ์
พัตรชวนชิมก๋วยเตี๋ยวหม้อดิน,ร้านจำหน่ายอาหาร,ต้นโพธิ์,เมืองสิงห์บุรี,สิงห์บุรี,มาตรฐาน SAN,2024-08-19,หมดอายุ
บุญส่ง,ร้านจำหน่ายอาหาร,บางมัญ,เมืองสิงห์บุรี,สิงห์บุรี,SAN,2024-08-19,ไม่ผ่านเกณฑ์
มาวินอาหารตามสั่ง,ร้านจำหน่ายอาหาร,บางมัญ,เมืองสิงห์บุรี,สิงห์บุรี,SAN,2025-07-31,รับรอง
กาแฟหน้าบ้าน,ร้านจำหน่ายอาหาร,บางมัญ,เมืองสิงห์บุรี,สิงห์บุรี,มาตรฐาน SAN,2024-08-19,หมดอายุ
ครัวเจ๊เชย,ร้านจำหน่ายอาหาร,บางมัญ,เมืองสิงห์บุรี,สิงห์บุรี,SAN,2024-08-19,ไม่ผ่านเกณฑ์
บ้านกำนัน บุปเฟต์หมูกระทะ,ร้านบุฟเฟ่ต์ (ปิ้งย่าง/ชาบู/สุกี้),ไม้ดัด,บางระจัน,สิงห์บุรี,SAN,2025-07-17,รับรอง
แม่ลาปลาเผา,ร้านจำหน่ายอาหาร,บางมัญ,เมืองสิงห์บุรี,สิงห์บุรี,มาตรฐาน SAN,2024-07-05,หมดอายุ
ริมชล,ร้านจำหน่ายอาหาร,ท่างาม,อินทร์บุรี,สิงห์บุรี,SAN,2024-09-04,รับรอง
ห้องอาหารแสงตะวัน,ร้านจำหน่ายอาหาร,บางพุทรา,เมืองสิงห์บุรี,สิงห์บุรี,มาตรฐาน SAN,2024-08-22,หมดอายุ
ร้านอาหารบ้านสวนแม่ลาการ้อง,ร้านจำหน่ายอาหาร,แม่ลา,บางระจัน,สิงห์บุรี,SAN,2024-07-05,ไม่ผ่านเกณฑ์
เกษรา เรสท์ แอเรีย,ร้านจำหน่ายอาหาร,พรหมบุรี,พรหมบุรี,สิงห์บุรี,SAN,2024-07-18,ไม่ผ่านเกณฑ์
ข้าวหมูแดงหน้าป้อม,ร้านจำหน่ายอาหาร,บางพุทรา,เมืองสิงห์บุรี,สิงห์บุรี,มาตรฐาน SAN,2024-08-19,หมดอายุ
อาทิตย์โภชนา,ร้านจำหน่ายอาหาร,บางพุทรา,เมืองสิงห์บุรี,สิงห์บุรี,SAN,2024-08-19,ไม่ผ่านเกณฑ์
อเมซอน สาขาบ้านชิงดวง,ร้านเครื่องดื่ม,บางพุทรา,เมืองสิงห์บุรี,สิงห์บุรี,SAN,2024-08-19,ไม่ผ่านเกณฑ์
Smile Merry Cafe,ร้านเครื่องดื่ม,บางมัญ,เมืองสิงห์บุรี,สิงห์บุรี,มาตรฐาน SAN,2024-08-19,หมดอายุ
ก๋วยเตี๋ยวไส้เนื้อ,ศูนย์อาหาร,บางพุทรา,เมืองสิงห์บุรี,สิงห์บุรี,มาตรฐาน SAN,2024-08-19,หมดอายุ
ร้านผัดไทยปากบาง,ร้านจำหน่ายอาหาร,พรหมบุรี,พรหมบุรี,สิงห์บุรี,SAN,2024-08-21,ไม่ผ่านเกณฑ์
เมจิคอฟฟี่,ร้านเครื่องดื่ม,บางพุทรา,เมืองสิงห์บุรี,สิงห์บุรี,SAN,2025-06-30,รับรอง
ซาลาเปาแม่สายใจ,ร้านจำหน่ายอาหาร,บางพุทรา,เมืองสิงห์บุรี,สิงห์บุรี,SAN,2025-05-19,ไม่ผ่านเกณฑ์
ตำมั่ว ไชยแสง,ร้านจำหน่ายอาหาร,บางพุทรา,เมืองสิงห์บุรี,สิงห์บุรี,มาตรฐาน SAN,2025-05-19,หมดอายุ
สวนผัก cafe ,ร้านจำหน่ายอาหาร,บ้านหม้อ,พรหมบุรี,สิงห์บุรี,มาตรฐาน SAN,2024-08-23,หมดอายุ
หญิง อาหารตามสั่ง,ร้านจำหน่ายอาหาร,บางน้ำเชี่ยว,พรหมบุรี,สิงห์บุรี,มาตรฐาน SAN,2024-08-23,หมดอายุ
ก๋วยเตี๋ยวยายสั้น,ร้านจำหน่ายอาหาร,บางพุทรา,เมืองสิงห์บุรี,สิงห์บุรี,มาตรฐาน SAN,2024-08-23,หมดอายุ
ข้าวแกงแม่นิรมล,ร้านจำหน่ายอาหาร,อินทร์บุรี,อินทร์บุรี,สิงห์บุรี,มาตรฐาน SAN,2025-07-18,หมดอายุ
ครัวเมืองอินทร์,ร้านจำหน่ายอาหาร,อินทร์บุรี,อินทร์บุรี,สิงห์บุรี,มาตรฐาน SAN,2025-07-18,หมดอายุ
น้องเปิ้ล,ร้านจำหน่ายอาหาร,อินทร์บุรี,อินทร์บุรี,สิงห์บุรี,SAN,2025-07-18,ไม่ผ่านเกณฑ์
เฌอแตม,ร้านจำหน่ายอาหาร,บางพุทรา,เมืองสิงห์บุรี,สิงห์บุรี,มาตรฐาน SAN,2025-05-19,หมดอายุ
พุงกาง หมูกระทะ,ร้านจำหน่ายอาหาร,บางพุทรา,เมืองสิงห์บุรี,สิงห์บุรี,SAN,2025-05-13,รับรอง
ชาบูบู๊ตึ๊ง,ร้านจำหน่ายอาหาร,บางมัญ,เมืองสิงห์บุรี,สิงห์บุรี,มาตรฐาน SAN,2024-08-27,หมดอายุ
คุยกันข้าวมันไก่,ร้านจำหน่ายอาหาร,ต้นโพธิ์,เมืองสิงห์บุรี,สิงห์บุรี,มาตรฐาน SAN,2024-08-27,หมดอายุ
ติ๋มซุปหางวัว,ร้านจำหน่ายอาหาร,บางพุทรา,เมืองสิงห์บุรี,สิงห์บุรี,SAN,2025-05-19,ไม่ผ่านเกณฑ์
บ้านต้นน้ำ,ร้านจำหน่ายอาหาร,บางพุทรา,เมืองสิงห์บุรี,สิงห์บุรี,มาตรฐาน SAN,2025-05-19,หมดอายุ
คุ้มเงิน,ร้านจำหน่ายอาหาร,ต้นโพธิ์,เมืองสิงห์บุรี,สิงห์บุรี,มาตรฐาน SAN,2024-08-27,หมดอายุ
เพียงใจ (จู),ร้านจำหน่ายอาหาร,บางพุทรา,เมืองสิงห์บุรี,สิงห์บุรี,มาตรฐาน SAN,2024-08-27,หมดอายุ
ป้าแจ่ม ,ร้านจำหน่ายอาหาร,บางมัญ,เมืองสิงห์บุรี,สิงห์บุรี,มาตรฐาน SAN,2024-08-27,หมดอายุ
สุขสันต์โภชนา,ร้านจำหน่ายอาหาร,บางพุทรา,เมืองสิงห์บุรี,สิงห์บุรี,มาตรฐาน SAN,2024-08-27,หมดอายุ
ตำเด้อจ้า,ร้านจำหน่ายอาหาร,บางมัญ,เมืองสิงห์บุรี,สิงห์บุรี,มาตรฐาน SAN,2024-08-27,หมดอายุ
สิริพรโภชนา,ร้านจำหน่ายอาหาร,บางพุทรา,เมืองสิงห์บุรี,สิงห์บุรี,SAN,2024-08-27,ไม่ผ่านเกณฑ์
บ้านแม่พลอย,ร้านเครื่องดื่ม,ต้นโพธิ์,เมืองสิงห์บุรี,สิงห์บุรี,SAN,2024-08-27,ไม่ผ่านเกณฑ์
สิงห์กาแฟ,ร้านเครื่องดื่ม,บางพุทรา,เมืองสิงห์บุรี,สิงห์บุรี,SAN,2024-10-22,รับรอง
มิสเตอร์บีนชาบู,ร้านบุฟเฟ่ต์ (ปิ้งย่าง/ชาบู/สุกี้),ต้นโพธิ์,เมืองสิงห์บุรี,สิงห์บุรี,SAN,2024-10-22,รับรอง
ครัวแม่คำใบ,ร้านจำหน่ายอาหาร,บางมัญ,เมืองสิงห์บุรี,สิงห์บุรี,SAN,2025-04-23,ไม่ผ่านเกณฑ์
แอบแซ่บ,ร้านจำหน่ายอาหาร,บางมัญ,เมืองสิงห์บุรี,สิงห์บุรี,SAN,2025-08-22,รับรอง
เจ้ตุ่ม อาหารตามสั่ง,ร้านจำหน่ายอาหาร,บางพุทรา,เมืองสิงห์บุรี,สิงห์บุรี,มาตรฐาน SAN,2025-04-23,หมดอายุ
ร้านก๋วยเตี๋ยวหมูเจ๊น้อย บางแคใน สิงห์บุรี,ร้านจำหน่ายอาหาร,บางมัญ,เมืองสิงห์บุรี,สิงห์บุรี,SAN,2025-05-10,รับรอง
ร้านกาแฟซิปแอนด์โพรสต์ Sip&Prost,ร้านเครื่องดื่ม,บางพุทรา,เมืองสิงห์บุรี,สิงห์บุรี,SAN,2025-05-10,รับรอง
เดรี่ชา,ร้านเครื่องดื่ม,บางมัญ,เมืองสิงห์บุรี,สิงห์บุรี,SAN,2025-05-19,ไม่ผ่านเกณฑ์
นมริมเขื่อน,ร้านเครื่องดื่ม,บางพุทรา,เมืองสิงห์บุรี,สิงห์บุรี,SAN,2025-05-10,รับรอง
ก๋วยเตี๋ยวเรือจ้าวพายุ,ร้านจำหน่ายอาหาร,บางมัญ,เมืองสิงห์บุรี,สิงห์บุรี,SAN,2025-05-19,ไม่ผ่านเกณฑ์
ครัวSiri,ร้านจำหน่ายอาหาร,บางพุทรา,เมืองสิงห์บุรี,สิงห์บุรี,SAN,2025-05-19,ไม่ผ่านเกณฑ์
ไพบูลย์ไก่ย่าง,ร้านจำหน่ายอาหาร,บางมัญ,เมืองสิงห์บุรี,สิงห์บุรี,SAN,2025-02-04,รับรอง
บริษัท เซ็นทรัล ฟู้ด รีเทล จำกัด  สาขาสิงห์บุรี ,อื่นๆ,บางมัญ,เมืองสิงห์บุรี,สิงห์บุรี,SAN,2024-12-23,รับรอง
ลาบเป็ดบางระจัน  By น้องนิริน,ร้านจำหน่ายอาหาร,สิงห์,บางระจัน,สิงห์บุรี,SAN,2025-07-03,ไม่ผ่านเกณฑ์
น่องลายจุ่มแซ่บ,ร้านจำหน่ายอาหาร,บ้านจ่า,บางระจัน,สิงห์บุรี,SAN,2025-07-03,ไม่ผ่านเกณฑ์
ครัวบ้านสา,ร้านจำหน่ายอาหาร,บ้านจ่า,บางระจัน,สิงห์บุรี,SAN,2025-07-03,ไม่ผ่านเกณฑ์
ข้าวคลุกกะปิ,ภัตาคาร,ไม้ดัด,บางระจัน,สิงห์บุรี,SAN,2025-07-03,ไม่ผ่านเกณฑ์
ร้านเจ้ญา,ร้านจำหน่ายอาหาร,สิงห์,บางระจัน,สิงห์บุรี,SAN,2025-03-21,รับรอง
ก๋วยเตี๋ยวปลา,ร้านจำหน่ายอาหาร,ไม้ดัด,บางระจัน,สิงห์บุรี,SAN,2025-01-31,รับรอง
ส.ริมนํ้า,ร้านจำหน่ายอาหาร,สิงห์,บางระจัน,สิงห์บุรี,SAN,2025-01-31,รับรอง
แตงโม,ร้านจำหน่ายอาหาร,สิงห์,บางระจัน,สิงห์บุรี,SAN,2025-03-21,รับรอง
จ้าวคุณก๋วยเตี๋ยวโบราณ,ร้านจำหน่ายอาหาร,ไม้ดัด,บางระจัน,สิงห์บุรี,SAN,2025-07-18,ไม่ผ่านเกณฑ์
ร้านบ้านอินทร์,ร้านจำหน่ายอาหาร,ท่างาม,อินทร์บุรี,สิงห์บุรี,SAN,2025-07-07,ไม่ผ่านเกณฑ์
อริยะเบเกอร์รี่,ร้านจำหน่ายอาหาร,อินทร์บุรี,อินทร์บุรี,สิงห์บุรี,SAN,2025-03-13,รับรอง
คาเฟ่ อเมซอน หจก.BM 29,ร้านเครื่องดื่ม,เชิงกลัด,บางระจัน,สิงห์บุรี,SAN,2025-03-30,รับรอง
โรงอาหารบริษัท ซิงเกิ้ล พอยท์ เอ็นจิเนียริ่ง จำกัด,โรงอาหาร,น้ำตาล,อินทร์บุรี,สิงห์บุรี,SAN,2025-08-01,ไม่ผ่านเกณฑ์
แม่ลาปลาเผา,ร้านจำหน่ายอาหาร,บางมัญ,เมืองสิงห์บุรี,สิงห์บุรี,SAN,2025-04-26,รับรอง
