name,type,subdistrict,district,province,standard,approve_date,status
ร้านมูอิชิ,ร้านบุฟเฟ่ต์ (ปิ้งย่าง/ชาบู/สุกี้),บ้านปรก,เมืองสมุทรสงคราม,สมุทรสงคราม,SAN,2025-03-05,ไม่ผ่านเกณฑ์
ร้านไสวอาหารทะเล,ภัตาคาร,แม่กลอง,เมืองสมุทรสงคราม,สมุทรสงคราม,SAN,2024-09-19,ไม่ผ่านเกณฑ์
ครัวผู้ใหญ่จอยอาหารทะเล,สวนอาหาร,คลองโคน,เมืองสมุทรสงคราม,สมุทรสงคราม,SAN,2024-09-23,รับรอง
ร้านคุณจ๋า,ร้านจำหน่ายอาหาร,ยี่สาร,อัมพวา,สมุทรสงคราม,SAN PLUS,2025-02-06,รับรอง
แปดสามคอฟฟ์,ร้านเครื่องดื่ม,อัมพวา,อัมพวา,สมุทรสงคราม,SAN,2025-06-23,รับรอง
ร้านอาหารตามสั่ง,ร้านจำหน่ายอาหาร,บ้านปราโมทย์,บางคนที,สมุทรสงคราม,SAN,2025-03-10,ไม่ผ่านเกณฑ์
ร้านคุณย่า,ร้านจำหน่ายอาหาร,บ้านปราโมทย์,บางคนที,สมุทรสงคราม,SAN,2025-01-13,ไม่ผ่านเกณฑ์
ร้านปราโมทย์ ข้าวมันไก่,ร้านจำหน่ายอาหาร,บ้านปราโมทย์,บางคนที,สมุทรสงคราม,SAN,2025-01-13,ไม่ผ่านเกณฑ์
ครัวอิ๊ด-อ๊อด,ร้านจำหน่ายอาหาร,บางสะแก,บางคนที,สมุทรสงคราม,SAN,2025-01-13,ไม่ผ่านเกณฑ์
ร้านตุ้มขนมปังบางแค,ร้านจำหน่ายอาหาร,บางแค,อัมพวา,สมุทรสงคราม,มาตรฐาน SAN,2024-08-09,หมดอายุ
ร้านค้าสวัสดิการ รพ.นภาลัย,ร้านจำหน่ายอาหาร,กระดังงา,บางคนที,สมุทรสงคราม,มาตรฐาน SAN,2025-03-10,หมดอายุ
N ZONE,ร้านจำหน่ายอาหาร,กระดังงา,บางคนที,สมุทรสงคราม,SAN,2025-01-13,ไม่ผ่านเกณฑ์
เรือนวิไลมาศ,ร้านจำหน่ายอาหาร,กระดังงา,บางคนที,สมุทรสงคราม,SAN,2025-01-30,รับรอง
คุกกี้พาขวัญ,ร้านเครื่องดื่ม,กระดังงา,บางคนที,สมุทรสงคราม,SAN,2025-01-28,รับรอง
รีสอร์ทดำเนินพวา,ร้านจำหน่ายอาหาร,กระดังงา,บางคนที,สมุทรสงคราม,SAN,2025-01-28,รับรอง
ส้มตำบ้านปู,ร้านจำหน่ายอาหาร,กระดังงา,บางคนที,สมุทรสงคราม,SAN,2025-01-28,รับรอง
ครัวแพกุ้งแม่น้ำ,ร้านจำหน่ายอาหาร,บางช้าง,อัมพวา,สมุทรสงคราม,SAN,2025-05-02,รับรอง
ก๋วยเตี๋ยวหมูย่างกะทิสด,ร้านจำหน่ายอาหาร,บางช้าง,อัมพวา,สมุทรสงคราม,SAN,2025-05-02,รับรอง
ต้นตำยำ,ร้านจำหน่ายอาหาร,บางช้าง,อัมพวา,สมุทรสงคราม,SAN,2025-05-02,รับรอง
ข้าวหมูแดงบางช้าง,ร้านจำหน่ายอาหาร,บางช้าง,อัมพวา,สมุทรสงคราม,SAN,2025-03-10,ไม่ผ่านเกณฑ์
อิสานตำยำ,ร้านจำหน่ายอาหาร,บางช้าง,อัมพวา,สมุทรสงคราม,SAN,2025-01-22,รับรอง
หายใจทิ้ง เดอะคราฟท์ คาเฟ่,ร้านจำหน่ายอาหาร,ท่าคา,อัมพวา,สมุทรสงคราม,SAN,2025-03-10,ไม่ผ่านเกณฑ์
เสน่ห์ท่าคา คาเฟ่,ร้านจำหน่ายอาหาร,ท่าคา,อัมพวา,สมุทรสงคราม,SAN,2025-03-10,ไม่ผ่านเกณฑ์
เจ๊ปุ๊,ร้านจำหน่ายอาหาร,บางกระบือ,บางคนที,สมุทรสงคราม,SAN,2025-05-04,รับรอง
ร้านตาลพวา,ร้านจำหน่ายอาหาร,ท่าคา,อัมพวา,สมุทรสงคราม,SAN,2025-05-04,รับรอง
ร้านคุณกลมลักษณ์ เกตุแก้ว,ร้านจำหน่ายอาหาร,เหมืองใหม่,อัมพวา,สมุทรสงคราม,SAN,2025-05-04,รับรอง
ครัวครูต๋อย หลงสวน,ร้านจำหน่ายอาหาร,เหมืองใหม่,อัมพวา,สมุทรสงคราม,SAN,2025-05-04,รับรอง
เตี๋ยวในสวน,ร้านจำหน่ายอาหาร,บางกระบือ,บางคนที,สมุทรสงคราม,มาตรฐาน SAN,2025-03-10,หมดอายุ
วนิลลาคาเฟ่,ร้านจำหน่ายอาหาร,ลาดใหญ่,เมืองสมุทรสงคราม,สมุทรสงคราม,SAN,2024-08-28,รับรอง
ร้านลุงขัน ดอนหอยหลอด,ร้านจำหน่ายอาหาร,บางจะเกร็ง,เมืองสมุทรสงคราม,สมุทรสงคราม,SAN,2025-08-04,รับรอง
คุ้นลิ้นปากอ่าว,ร้านจำหน่ายอาหาร,บางจะเกร็ง,เมืองสมุทรสงคราม,สมุทรสงคราม,SAN,2025-02-06,ไม่ผ่านเกณฑ์
โรงพยาบาลนภาลัย,อื่นๆ,กระดังงา,บางคนที,สมุทรสงคราม,SAN,2025-05-04,รับรอง
นางสาวผาด ท้วมศิริ,ร้านจำหน่ายอาหาร,บางนางลี่,อัมพวา,สมุทรสงคราม,SAN,2025-05-04,รับรอง
นางจันทร์ทิพย์ เทพโกษา,ร้านจำหน่ายอาหาร,บางนางลี่,อัมพวา,สมุทรสงคราม,SAN,2025-03-10,ไม่ผ่านเกณฑ์
นางวาสนา ขันธาฤทธิ์,ร้านจำหน่ายอาหาร,บางนางลี่,อัมพวา,สมุทรสงคราม,SAN,2025-05-04,รับรอง
ร้านลุงช้าง,ร้านจำหน่ายอาหาร,ยี่สาร,อัมพวา,สมุทรสงคราม,SAN,2025-03-10,ไม่ผ่านเกณฑ์
ครัวบ้านนอก,ร้านจำหน่ายอาหาร,ยี่สาร,อัมพวา,สมุทรสงคราม,SAN,2025-06-20,รับรอง
ครัวแม่ช่วย,ร้านจำหน่ายอาหาร,ยี่สาร,อัมพวา,สมุทรสงคราม,SAN,2025-03-10,ไม่ผ่านเกณฑ์
ครัวอมรรัตนบดี,ร้านจำหน่ายอาหาร,ยี่สาร,อัมพวา,สมุทรสงคราม,SAN,2025-03-10,ไม่ผ่านเกณฑ์
เจ๊ศรี เนื้อลวก,ร้านจำหน่ายอาหาร,วัดประดู่,อัมพวา,สมุทรสงคราม,มาตรฐาน SAN,2023-06-22,หมดอายุ
นายสมปอง แดงสวัสดิ์,ร้านจำหน่ายอาหาร,บางนางลี่,อัมพวา,สมุทรสงคราม,SAN,2025-03-10,ไม่ผ่านเกณฑ์
ร้านตา - ยาย อาหารตามสั่ง,ร้านจำหน่ายอาหาร,บางแค,อัมพวา,สมุทรสงคราม,SAN,2024-08-09,ไม่ผ่านเกณฑ์
ร้านส้มตำบางแค,ร้านจำหน่ายอาหาร,บางแค,อัมพวา,สมุทรสงคราม,SAN,2025-05-05,รับรอง
ร้านกัลยา   พิทักษ์เกิด,ร้านจำหน่ายอาหาร,บางแค,อัมพวา,สมุทรสงคราม,มาตรฐาน SAN,2025-03-10,หมดอายุ
ร้านพรรณี  กลิ่นเทศ,ร้านจำหน่ายอาหาร,บางแค,อัมพวา,สมุทรสงคราม,SAN,2025-03-10,ไม่ผ่านเกณฑ์
Number six by wut no.6,ร้านจำหน่ายอาหาร,ปลายโพงพาง,อัมพวา,สมุทรสงคราม,SAN,2025-03-10,ไม่ผ่านเกณฑ์
ร้านเสรี  แจ้งใจดี,ร้านจำหน่ายอาหาร,บางแค,อัมพวา,สมุทรสงคราม,SAN,2025-03-10,ไม่ผ่านเกณฑ์
Wise House,ร้านจำหน่ายอาหาร,ลาดใหญ่,เมืองสมุทรสงคราม,สมุทรสงคราม,SAN,2025-01-13,รับรอง
นัวปลาแดก,ร้านจำหน่ายอาหาร,อัมพวา,อัมพวา,สมุทรสงคราม,SAN,2025-05-08,รับรอง
จิราคาเฟ่,ร้านจำหน่ายอาหาร,อัมพวา,อัมพวา,สมุทรสงคราม,SAN,2025-05-08,รับรอง
สะเด็ดซีฟู๊ด,ร้านจำหน่ายอาหาร,อัมพวา,อัมพวา,สมุทรสงคราม,SAN,2025-05-08,รับรอง
ร้านก๋วยเตี๋ยววัดน้อย,ร้านจำหน่ายอาหาร,ลาดใหญ่,เมืองสมุทรสงคราม,สมุทรสงคราม,SAN,2025-03-05,ไม่ผ่านเกณฑ์
ร้านบัวส้มตำ,ร้านจำหน่ายอาหาร,ลาดใหญ่,เมืองสมุทรสงคราม,สมุทรสงคราม,SAN,2025-01-13,ไม่ผ่านเกณฑ์
นางสำรวย  จันทร์อินทร์,ร้านจำหน่ายอาหาร,บางแค,อัมพวา,สมุทรสงคราม,SAN,2025-06-27,รับรอง
นางอุษา  เนตรมงคล,ร้านจำหน่ายอาหาร,บางแค,อัมพวา,สมุทรสงคราม,SAN,2025-03-10,ไม่ผ่านเกณฑ์
เต็มสูตร,ร้านจำหน่ายอาหาร,ลาดใหญ่,เมืองสมุทรสงคราม,สมุทรสงคราม,SAN,2025-03-05,ไม่ผ่านเกณฑ์
หมูย่างปากวน 2,ร้านจำหน่ายอาหาร,ลาดใหญ่,เมืองสมุทรสงคราม,สมุทรสงคราม,มาตรฐาน SAN,2025-03-05,หมดอายุ
น.ส.ดรุณี   ประชานันท์,ร้านจำหน่ายอาหาร,บางแค,อัมพวา,สมุทรสงคราม,SAN,2024-08-09,ไม่ผ่านเกณฑ์
"ร้านอาหาร ""We Love Amphawa""",ร้านจำหน่ายอาหาร,บ้านปรก,เมืองสมุทรสงคราม,สมุทรสงคราม,SAN,2024-09-12,ไม่ผ่านเกณฑ์
ร้านส้มตำบางพลับ,ร้านจำหน่ายอาหาร,บางพรม,บางคนที,สมุทรสงคราม,SAN,2025-03-10,ไม่ผ่านเกณฑ์
ข้าวใหม่ปลามัน,สวนอาหาร,แพรกหนามแดง,อัมพวา,สมุทรสงคราม,SAN,2024-03-04,ไม่ผ่านเกณฑ์
กังสดาล,ร้านจำหน่ายอาหาร,บ้านปรก,เมืองสมุทรสงคราม,สมุทรสงคราม,SAN,2024-06-12,ไม่ผ่านเกณฑ์
ร้านอาหารบ้านขุนทวี,ร้านจำหน่ายอาหาร,แม่กลอง,เมืองสมุทรสงคราม,สมุทรสงคราม,SAN,2024-06-12,ไม่ผ่านเกณฑ์
อร่อย,ร้านจำหน่ายอาหาร,แม่กลอง,เมืองสมุทรสงคราม,สมุทรสงคราม,มาตรฐาน SAN,2024-06-12,หมดอายุ
Buenodia,ร้านจำหน่ายอาหาร,แม่กลอง,เมืองสมุทรสงคราม,สมุทรสงคราม,SAN,2024-06-12,ไม่ผ่านเกณฑ์
ทีสเต็ก,ร้านจำหน่ายอาหาร,แม่กลอง,เมืองสมุทรสงคราม,สมุทรสงคราม,SAN,2024-06-12,ไม่ผ่านเกณฑ์
ขนมเจริญชัย,ร้านจำหน่ายอาหาร,แม่กลอง,เมืองสมุทรสงคราม,สมุทรสงคราม,SAN,2024-06-12,ไม่ผ่านเกณฑ์
ครัวครูหมู,ร้านจำหน่ายอาหาร,แม่กลอง,เมืองสมุทรสงคราม,สมุทรสงคราม,SAN,2025-07-16,รับรอง
นุ่ม,ร้านจำหน่ายอาหาร,แม่กลอง,เมืองสมุทรสงคราม,สมุทรสงคราม,SAN,2024-06-12,ไม่ผ่านเกณฑ์
ร้านบ้านคลาสสิค,ร้านจำหน่ายอาหาร,ลาดใหญ่,เมืองสมุทรสงคราม,สมุทรสงคราม,SAN,2025-07-16,รับรอง
คุมะชาบู,ร้านบุฟเฟ่ต์ (ปิ้งย่าง/ชาบู/สุกี้),แม่กลอง,เมืองสมุทรสงคราม,สมุทรสงคราม,SAN,2024-06-12,ไม่ผ่านเกณฑ์
ร้านคุณฟุ้ง,ร้านจำหน่ายอาหาร,ลาดใหญ่,เมืองสมุทรสงคราม,สมุทรสงคราม,SAN,2024-06-12,ไม่ผ่านเกณฑ์
ร้านสมนึก,ร้านจำหน่ายอาหาร,บางแก้ว,เมืองสมุทรสงคราม,สมุทรสงคราม,มาตรฐาน SAN,2024-06-12,หมดอายุ
ร้านกนกพร,ร้านจำหน่ายอาหาร,บางแก้ว,เมืองสมุทรสงคราม,สมุทรสงคราม,มาตรฐาน SAN,2024-06-12,หมดอายุ
บ้านปูซีฟู้ด,ร้านจำหน่ายอาหาร,ลาดใหญ่,เมืองสมุทรสงคราม,สมุทรสงคราม,SAN PLUS,2024-07-15,หมดอายุ
ร้านนัดพบในสวน,ร้านจำหน่ายอาหาร,ลาดใหญ่,เมืองสมุทรสงคราม,สมุทรสงคราม,SAN,2024-06-12,ไม่ผ่านเกณฑ์
ร้านคุณสา,ร้านจำหน่ายอาหาร,บางแก้ว,เมืองสมุทรสงคราม,สมุทรสงคราม,SAN,2025-01-13,ไม่ผ่านเกณฑ์
ร้านกบสีฟ้า,ร้านจำหน่ายอาหาร,บางแก้ว,เมืองสมุทรสงคราม,สมุทรสงคราม,SAN PLUS,2024-07-15,หมดอายุ
ร่มลำภู (ลำพวา อัมพวารีสอร์ท),อื่นๆ,บ้านปรก,เมืองสมุทรสงคราม,สมุทรสงคราม,SAN,2024-07-04,ไม่ผ่านเกณฑ์
สองพี่น้องดำเนิน,ร้านจำหน่ายอาหาร,แม่กลอง,เมืองสมุทรสงคราม,สมุทรสงคราม,มาตรฐาน SAN,2024-07-08,หมดอายุ
นิวเปงล้ง,ร้านจำหน่ายอาหาร,แม่กลอง,เมืองสมุทรสงคราม,สมุทรสงคราม,มาตรฐาน SAN,2024-07-09,หมดอายุ
เจ๊นีย์อาหารทะเล,ร้านจำหน่ายอาหาร,แม่กลอง,เมืองสมุทรสงคราม,สมุทรสงคราม,มาตรฐาน SAN,2024-09-13,หมดอายุ
เจ๊เพชรส้มตำแม่กลอง,ร้านจำหน่ายอาหาร,แม่กลอง,เมืองสมุทรสงคราม,สมุทรสงคราม,SAN,2024-09-13,ไม่ผ่านเกณฑ์
ส้มตำอิสานใต้,ร้านจำหน่ายอาหาร,แม่กลอง,เมืองสมุทรสงคราม,สมุทรสงคราม,SAN,2024-09-12,ไม่ผ่านเกณฑ์
Pomelo,ร้านจำหน่ายอาหาร,บางขันแตก,เมืองสมุทรสงคราม,สมุทรสงคราม,SAN,2024-07-09,ไม่ผ่านเกณฑ์
คาเฟ่อเมซอน(หจก.วลัยพร กรุ๊ป),ร้านเครื่องดื่ม,แม่กลอง,เมืองสมุทรสงคราม,สมุทรสงคราม,มาตรฐาน SAN,2024-07-17,หมดอายุ
แดงริมน้ำ,ร้านจำหน่ายอาหาร,แม่กลอง,เมืองสมุทรสงคราม,สมุทรสงคราม,SAN,2024-09-02,รับรอง
The Kittens Koffie Arts 'n Eats,ร้านเครื่องดื่ม,แควอ้อม,อัมพวา,สมุทรสงคราม,SAN,2024-08-02,ไม่ผ่านเกณฑ์
แซ่บเตี๋ยวห้อยขา บ้าน ณ ตุ๊กจ้า,ร้านจำหน่ายอาหาร,แควอ้อม,อัมพวา,สมุทรสงคราม,SAN,2024-09-09,รับรอง
สำรับพราหมณ์,ร้านจำหน่ายอาหาร,ลาดใหญ่,เมืองสมุทรสงคราม,สมุทรสงคราม,มาตรฐาน SAN,2024-08-08,หมดอายุ
ร้านส้มตำ เฮง เฮง,ร้านจำหน่ายอาหาร,บางคนที,บางคนที,สมุทรสงคราม,มาตรฐาน SAN,2024-08-09,หมดอายุ
ร้านหอมฉุย,ร้านจำหน่ายอาหาร,แควอ้อม,อัมพวา,สมุทรสงคราม,มาตรฐาน SAN,2024-08-29,หมดอายุ
ร้านอีจุ่ย ตำ ยำ อาหารตามสั่ง ส้มตำ ยำ,ร้านจำหน่ายอาหาร,แควอ้อม,อัมพวา,สมุทรสงคราม,มาตรฐาน SAN,2024-08-29,หมดอายุ
ครัวท่าน้ำ,ร้านจำหน่ายอาหาร,แควอ้อม,อัมพวา,สมุทรสงคราม,มาตรฐาน SAN,2024-08-29,หมดอายุ
ร้านหาข้าวกิน,ร้านจำหน่ายอาหาร,แควอ้อม,อัมพวา,สมุทรสงคราม,มาตรฐาน SAN,2024-08-29,หมดอายุ
ช็อคโกแล็คฟรุ้งฟริ้ง,ร้านเครื่องดื่ม,แควอ้อม,อัมพวา,สมุทรสงคราม,มาตรฐาน SAN,2024-08-29,หมดอายุ
ไอศครีมบางแค,อื่นๆ,แควอ้อม,อัมพวา,สมุทรสงคราม,มาตรฐาน SAN,2024-08-29,หมดอายุ
ราดหน้ายอดผัก,ร้านจำหน่ายอาหาร,แควอ้อม,อัมพวา,สมุทรสงคราม,มาตรฐาน SAN,2024-08-29,หมดอายุ
ร้านเพื่อน,ร้านจำหน่ายอาหาร,บางขันแตก,เมืองสมุทรสงคราม,สมุทรสงคราม,มาตรฐาน SAN,2025-07-03,หมดอายุ
บ้านสวนริมน้ำ,ร้านจำหน่ายอาหาร,บางยี่รงค์,บางคนที,สมุทรสงคราม,มาตรฐาน SAN,2024-09-17,หมดอายุ
แมนโกรฟ,ร้านจำหน่ายอาหาร,บางยี่รงค์,บางคนที,สมุทรสงคราม,มาตรฐาน SAN,2024-09-17,หมดอายุ
อ้อมกอดคาเฟ่,ร้านจำหน่ายอาหาร,บางกุ้ง,บางคนที,สมุทรสงคราม,มาตรฐาน SAN,2024-12-20,หมดอายุ
ผัดไทย-หอยทอดแม่สมหมาย,ร้านจำหน่ายอาหาร,แม่กลอง,เมืองสมุทรสงคราม,สมุทรสงคราม,มาตรฐาน SAN,2025-01-13,หมดอายุ
ร้านสองพี่น้องดำเนิน,ร้านจำหน่ายอาหาร,แม่กลอง,เมืองสมุทรสงคราม,สมุทรสงคราม,มาตรฐาน SAN,2025-01-13,หมดอายุ
เจ๊ตาตามสั่ง,ร้านจำหน่ายอาหาร,แม่กลอง,เมืองสมุทรสงคราม,สมุทรสงคราม,มาตรฐาน SAN,2025-01-13,หมดอายุ
เจ๊นีย์อาหารทะเล,ร้านจำหน่ายอาหาร,แม่กลอง,เมืองสมุทรสงคราม,สมุทรสงคราม,มาตรฐาน SAN,2025-01-13,หมดอายุ
เจ้เพชรส้มตำแม่กลอง,ร้านจำหน่ายอาหาร,แม่กลอง,เมืองสมุทรสงคราม,สมุทรสงคราม,SAN,2025-01-13,ไม่ผ่านเกณฑ์
 เย่ กง ฝู่,ร้านจำหน่ายอาหาร,แม่กลอง,เมืองสมุทรสงคราม,สมุทรสงคราม,มาตรฐาน SAN,2025-01-13,หมดอายุ
แขกข้าวแกง,ร้านจำหน่ายอาหาร,แม่กลอง,เมืองสมุทรสงคราม,สมุทรสงคราม,SAN,2025-01-13,ไม่ผ่านเกณฑ์
The Canal by asita,ภัตาคาร,ท้ายหาด,เมืองสมุทรสงคราม,สมุทรสงคราม,SAN,2025-02-06,ไม่ผ่านเกณฑ์
ร้านเคียงทะเล,ร้านจำหน่ายอาหาร,บางจะเกร็ง,เมืองสมุทรสงคราม,สมุทรสงคราม,SAN,2025-05-26,รับรอง
ร้านอาหารสวนนพรัตน์,ร้านจำหน่ายอาหาร,บ้านปรก,เมืองสมุทรสงคราม,สมุทรสงคราม,SAN,2025-07-16,รับรอง
ย่างเนย,ร้านบุฟเฟ่ต์ (ปิ้งย่าง/ชาบู/สุกี้),บ้านปรก,เมืองสมุทรสงคราม,สมุทรสงคราม,SAN,2025-03-05,ไม่ผ่านเกณฑ์
ร้านอาหารกนกรัตน์รีสอร์ท,ภัตาคาร,บ้านปรก,เมืองสมุทรสงคราม,สมุทรสงคราม,มาตรฐาน SAN,2025-03-05,หมดอายุ
ร้านชาวเล,ภัตาคาร,บ้านปรก,เมืองสมุทรสงคราม,สมุทรสงคราม,มาตรฐาน SAN,2025-03-05,หมดอายุ
ก๋วยเตี๋ยวหมูมะนาวแม่บุญมี,ร้านจำหน่ายอาหาร,บ้านปรก,เมืองสมุทรสงคราม,สมุทรสงคราม,SAN,2025-03-05,ไม่ผ่านเกณฑ์
ร้านอาหารเดอะ เกรซ อัมพวา รีสอร์ท,ภัตาคาร,บ้านปรก,เมืองสมุทรสงคราม,สมุทรสงคราม,SAN PLUS,2024-07-05,หมดอายุ
เตี๋ยวเตาตาล,ร้านจำหน่ายอาหาร,ลาดใหญ่,เมืองสมุทรสงคราม,สมุทรสงคราม,SAN,2025-07-16,รับรอง
ก๋วยเตี๋ยวหมวยเล็ก,ร้านจำหน่ายอาหาร,แม่กลอง,เมืองสมุทรสงคราม,สมุทรสงคราม,SAN,2025-04-23,ไม่ผ่านเกณฑ์
อาหารตามสั่งป๋าไก่,ร้านจำหน่ายอาหาร,แม่กลอง,เมืองสมุทรสงคราม,สมุทรสงคราม,SAN,2025-04-23,ไม่ผ่านเกณฑ์
ส้มตำลาภปาก,ร้านจำหน่ายอาหาร,แม่กลอง,เมืองสมุทรสงคราม,สมุทรสงคราม,SAN,2024-10-22,รับรอง
We drink,ร้านจำหน่ายอาหาร,แม่กลอง,เมืองสมุทรสงคราม,สมุทรสงคราม,SAN,2024-10-22,รับรอง
เย็นปาก,ร้านจำหน่ายอาหาร,แม่กลอง,เมืองสมุทรสงคราม,สมุทรสงคราม,SAN,2024-10-22,รับรอง
เจ๊แหม่ม อาหารตามสั่ง,ร้านจำหน่ายอาหาร,แม่กลอง,เมืองสมุทรสงคราม,สมุทรสงคราม,SAN,2025-04-23,ไม่ผ่านเกณฑ์
ก๋วยเตี๋ยวเรือแม่กลอง,ร้านจำหน่ายอาหาร,แม่กลอง,เมืองสมุทรสงคราม,สมุทรสงคราม,SAN,2025-04-23,ไม่ผ่านเกณฑ์
ปั๊มปอน,ร้านจำหน่ายอาหาร,แม่กลอง,เมืองสมุทรสงคราม,สมุทรสงคราม,SAN,2024-10-22,รับรอง
เจ๊โอ,ร้านจำหน่ายอาหาร,แม่กลอง,เมืองสมุทรสงคราม,สมุทรสงคราม,SAN,2024-10-22,รับรอง
หยงเบเกอรี่,ร้านจำหน่ายอาหาร,แม่กลอง,เมืองสมุทรสงคราม,สมุทรสงคราม,SAN,2024-11-04,รับรอง
สุรัสดีกาแฟริมน้ำ,ร้านจำหน่ายอาหาร,แม่กลอง,เมืองสมุทรสงคราม,สมุทรสงคราม,มาตรฐาน SAN,2025-04-24,หมดอายุ
SAHBU ZUMO,ร้านจำหน่ายอาหาร,แม่กลอง,เมืองสมุทรสงคราม,สมุทรสงคราม,SAN,2025-05-10,รับรอง
เจ๊จู,ร้านจำหน่ายอาหาร,แม่กลอง,เมืองสมุทรสงคราม,สมุทรสงคราม,SAN,2025-05-10,รับรอง
ทีเธอ,ร้านจำหน่ายอาหาร,แม่กลอง,เมืองสมุทรสงคราม,สมุทรสงคราม,SAN,2024-11-20,รับรอง
เรือนวารี,ร้านจำหน่ายอาหาร,แม่กลอง,เมืองสมุทรสงคราม,สมุทรสงคราม,SAN,2025-04-24,ไม่ผ่านเกณฑ์
ฮกอวดฮาลาลฟู้ด,ร้านจำหน่ายอาหาร,แม่กลอง,เมืองสมุทรสงคราม,สมุทรสงคราม,SAN,2025-04-24,ไม่ผ่านเกณฑ์
ดุจดิวหมูกะทะ,ร้านจำหน่ายอาหาร,แม่กลอง,เมืองสมุทรสงคราม,สมุทรสงคราม,SAN,2025-04-24,ไม่ผ่านเกณฑ์
เกาเหลากรุงไทย(บายพาส),ร้านจำหน่ายอาหาร,แม่กลอง,เมืองสมุทรสงคราม,สมุทรสงคราม,SAN,2025-04-24,ไม่ผ่านเกณฑ์
ก๋องเมงจั๋น,ร้านจำหน่ายอาหาร,แม่กลอง,เมืองสมุทรสงคราม,สมุทรสงคราม,SAN,2025-05-10,รับรอง
ข้าวมันไก่ไทยสวัสดิ์,ร้านจำหน่ายอาหาร,แม่กลอง,เมืองสมุทรสงคราม,สมุทรสงคราม,SAN,2025-04-24,ไม่ผ่านเกณฑ์
ไอติมใส่ไข่,ร้านจำหน่ายอาหาร,แม่กลอง,เมืองสมุทรสงคราม,สมุทรสงคราม,มาตรฐาน SAN,2025-04-24,หมดอายุ
น้าแอนข้าวมันไก่,ร้านจำหน่ายอาหาร,แม่กลอง,เมืองสมุทรสงคราม,สมุทรสงคราม,มาตรฐาน SAN,2025-04-24,หมดอายุ
ตุ๊กขนมหวาน,ร้านจำหน่ายอาหาร,แม่กลอง,เมืองสมุทรสงคราม,สมุทรสงคราม,SAN,2025-04-25,ไม่ผ่านเกณฑ์
เบทาโกร,อื่นๆ,แม่กลอง,เมืองสมุทรสงคราม,สมุทรสงคราม,มาตรฐาน SAN,2025-04-25,หมดอายุ
ก๋วยเตี๋ยววีระ,ร้านจำหน่ายอาหาร,แม่กลอง,เมืองสมุทรสงคราม,สมุทรสงคราม,SAN,2025-04-25,ไม่ผ่านเกณฑ์
บริษัท ปันรักปูนสุข จำกัดสำนักงานใหญ่,ร้านจำหน่ายอาหาร,แม่กลอง,เมืองสมุทรสงคราม,สมุทรสงคราม,มาตรฐาน SAN,2025-04-25,หมดอายุ
เตี๋ยวแม่กลอง&เล้งแซ่บ,ร้านจำหน่ายอาหาร,แม่กลอง,เมืองสมุทรสงคราม,สมุทรสงคราม,SAN,2025-04-25,ไม่ผ่านเกณฑ์
สุขนิยม,ร้านจำหน่ายอาหาร,แม่กลอง,เมืองสมุทรสงคราม,สมุทรสงคราม,SAN,2025-04-25,ไม่ผ่านเกณฑ์
Rusty Rose @ The Buffalo Amphawa,ภัตาคาร,แม่กลอง,เมืองสมุทรสงคราม,สมุทรสงคราม,SAN,2024-09-05,รับรอง
ครัวแม่อุไร,ร้านจำหน่ายอาหาร,บ้านปรก,เมืองสมุทรสงคราม,สมุทรสงคราม,SAN,2025-05-06,ไม่ผ่านเกณฑ์
ครัวแม่อุไร,ร้านจำหน่ายอาหาร,บ้านปรก,เมืองสมุทรสงคราม,สมุทรสงคราม,มาตรฐาน SAN,2025-05-06,หมดอายุ
ไดโอนี่ บาร์,ร้านจำหน่ายอาหาร,บ้านปรก,เมืองสมุทรสงคราม,สมุทรสงคราม,SAN,2025-07-16,รับรอง
ครัวแม่อุไร,ร้านจำหน่ายอาหาร,บ้านปรก,เมืองสมุทรสงคราม,สมุทรสงคราม,SAN,2025-06-20,ไม่ผ่านเกณฑ์
กอริลล่า กริลล์,ร้านจำหน่ายอาหาร,แม่กลอง,เมืองสมุทรสงคราม,สมุทรสงคราม,SAN,2025-06-04,รับรอง
เจ๊เก๊กฮวย,ร้านจำหน่ายอาหาร,แม่กลอง,เมืองสมุทรสงคราม,สมุทรสงคราม,SAN,2025-06-27,ไม่ผ่านเกณฑ์
เนย,ร้านจำหน่ายอาหาร,แม่กลอง,เมืองสมุทรสงคราม,สมุทรสงคราม,SAN,2025-06-27,ไม่ผ่านเกณฑ์
มาม่าซัง,ร้านจำหน่ายอาหาร,แม่กลอง,เมืองสมุทรสงคราม,สมุทรสงคราม,SAN,2025-06-27,ไม่ผ่านเกณฑ์
ย่างเนย,ร้านบุฟเฟ่ต์ (ปิ้งย่าง/ชาบู/สุกี้),บ้านปรก,เมืองสมุทรสงคราม,สมุทรสงคราม,SAN,2025-07-27,รับรอง
ก๋วยเตี๋ยวหมูมะนาวแม่บุญมี,ร้านจำหน่ายอาหาร,บ้านปรก,เมืองสมุทรสงคราม,สมุทรสงคราม,SAN,2025-07-27,รับรอง
บ้านแควอ้อมบูติกโฮมสเตย์อัมพวา,อื่นๆ,แควอ้อม,อัมพวา,สมุทรสงคราม,SAN,2025-07-15,ไม่ผ่านเกณฑ์
บ้านสุวรรณโฮมสเตย์,อื่นๆ,แควอ้อม,อัมพวา,สมุทรสงคราม,SAN,2025-07-15,ไม่ผ่านเกณฑ์
ยุพินอาหารตามสั่ง,ร้านจำหน่ายอาหาร,แควอ้อม,อัมพวา,สมุทรสงคราม,SAN,2025-07-15,ไม่ผ่านเกณฑ์
Pomelo,ร้านจำหน่ายอาหาร,บางขันแตก,เมืองสมุทรสงคราม,สมุทรสงคราม,SAN,2025-07-15,ไม่ผ่านเกณฑ์
ขนมเจริญชัย,ร้านจำหน่ายอาหาร,แม่กลอง,เมืองสมุทรสงคราม,สมุทรสงคราม,SAN,2025-03-20,รับรอง
สองพี่น้องดำเนิน,ร้านจำหน่ายอาหาร,แม่กลอง,เมืองสมุทรสงคราม,สมุทรสงคราม,SAN,2025-04-25,รับรอง
นิวเปงล้ง,ร้านจำหน่ายอาหาร,แม่กลอง,เมืองสมุทรสงคราม,สมุทรสงคราม,SAN,2025-04-25,รับรอง
เจ๊นีย์อาหารทะเล,ร้านจำหน่ายอาหาร,แม่กลอง,เมืองสมุทรสงคราม,สมุทรสงคราม,SAN,2025-06-11,รับรอง
ส้มตำอิสานใต้,ร้านจำหน่ายอาหาร,แม่กลอง,เมืองสมุทรสงคราม,สมุทรสงคราม,SAN,2025-04-25,รับรอง
รัญจวน  อัมพวา,ร้านจำหน่ายอาหาร,อัมพวา,อัมพวา,สมุทรสงคราม,SAN,2025-07-15,ไม่ผ่านเกณฑ์
ข้าวใหม่ปลามัน,สวนอาหาร,แพรกหนามแดง,อัมพวา,สมุทรสงคราม,SAN,2025-07-15,ไม่ผ่านเกณฑ์
ครัวครูหมู,ร้านจำหน่ายอาหาร,แม่กลอง,เมืองสมุทรสงคราม,สมุทรสงคราม,SAN,2025-07-15,ไม่ผ่านเกณฑ์
ทีสเต็ก,ร้านจำหน่ายอาหาร,แม่กลอง,เมืองสมุทรสงคราม,สมุทรสงคราม,SAN,2025-03-04,รับรอง
Buenodia,ร้านจำหน่ายอาหาร,แม่กลอง,เมืองสมุทรสงคราม,สมุทรสงคราม,SAN,2025-03-04,รับรอง
นุ่ม,ร้านจำหน่ายอาหาร,แม่กลอง,เมืองสมุทรสงคราม,สมุทรสงคราม,SAN,2025-07-15,ไม่ผ่านเกณฑ์
คุมะชาบู,ร้านบุฟเฟ่ต์ (ปิ้งย่าง/ชาบู/สุกี้),แม่กลอง,เมืองสมุทรสงคราม,สมุทรสงคราม,SAN,2025-03-04,รับรอง
ร้านอาหารบ้านขุนทวี,ร้านจำหน่ายอาหาร,แม่กลอง,เมืองสมุทรสงคราม,สมุทรสงคราม,SAN,2025-06-11,รับรอง
อร่อย,ร้านจำหน่ายอาหาร,แม่กลอง,เมืองสมุทรสงคราม,สมุทรสงคราม,SAN PLUS,2025-03-06,รับรอง
คาเฟ่อเมซอน(หจก.วลัยพร กรุ๊ป),ร้านเครื่องดื่ม,แม่กลอง,เมืองสมุทรสงคราม,สมุทรสงคราม,SAN,2025-07-15,ไม่ผ่านเกณฑ์
กังสดาล,ร้านจำหน่ายอาหาร,บ้านปรก,เมืองสมุทรสงคราม,สมุทรสงคราม,SAN,2025-03-06,รับรอง
ร่มลำภู (ลำพวา อัมพวารีสอร์ท),อื่นๆ,บ้านปรก,เมืองสมุทรสงคราม,สมุทรสงคราม,SAN,2025-06-18,รับรอง
ร้านสมนึก,ร้านจำหน่ายอาหาร,บางแก้ว,เมืองสมุทรสงคราม,สมุทรสงคราม,SAN,2025-07-15,ไม่ผ่านเกณฑ์
แดงอาหารทะเล,ร้านจำหน่ายอาหาร,แม่กลอง,เมืองสมุทรสงคราม,สมุทรสงคราม,SAN,2025-04-02,รับรอง
ซูชิแฟคทอรี่,ร้านจำหน่ายอาหาร,แม่กลอง,เมืองสมุทรสงคราม,สมุทรสงคราม,SAN,2025-07-23,ไม่ผ่านเกณฑ์
ครัวน้ำทิพย์ริมคลอง,ร้านจำหน่ายอาหาร,บ้านปรก,เมืองสมุทรสงคราม,สมุทรสงคราม,SAN,2025-07-29,ไม่ผ่านเกณฑ์
Birdcage by asita,ร้านจำหน่ายอาหาร,ท้ายหาด,เมืองสมุทรสงคราม,สมุทรสงคราม,SAN,2025-08-01,ไม่ผ่านเกณฑ์
ร้านนารา,ร้านจำหน่ายอาหาร,บ้านปรก,เมืองสมุทรสงคราม,สมุทรสงคราม,SAN,2025-08-06,ไม่ผ่านเกณฑ์
วีระ (สาขา3),ร้านจำหน่ายอาหาร,บ้านปรก,เมืองสมุทรสงคราม,สมุทรสงคราม,SAN,2025-08-06,ไม่ผ่านเกณฑ์
เจ้าสำราญ,ภัตาคาร,อัมพวา,อัมพวา,สมุทรสงคราม,SAN,2025-04-29,รับรอง
รัญจวน,ร้านจำหน่ายอาหาร,อัมพวา,อัมพวา,สมุทรสงคราม,SAN,2025-08-13,ไม่ผ่านเกณฑ์
น้องอุ้มซีฟูด,ร้านจำหน่ายอาหาร,อัมพวา,อัมพวา,สมุทรสงคราม,SAN,2025-04-29,รับรอง
สราญ อัมพวา,ร้านจำหน่ายอาหาร,อัมพวา,อัมพวา,สมุทรสงคราม,SAN PLUS,2025-06-16,รับรอง
แซลม่อน แม่กลอง,ร้านจำหน่ายอาหาร,แม่กลอง,เมืองสมุทรสงคราม,สมุทรสงคราม,SAN,2025-08-13,ไม่ผ่านเกณฑ์
ริม รั้ว slowbar แม่กลอง,ร้านจำหน่ายอาหาร,แม่กลอง,เมืองสมุทรสงคราม,สมุทรสงคราม,SAN,2025-08-13,ไม่ผ่านเกณฑ์
อากงอาม่าราดหน้า,ร้านจำหน่ายอาหาร,แม่กลอง,เมืองสมุทรสงคราม,สมุทรสงคราม,SAN,2025-08-13,ไม่ผ่านเกณฑ์
ตาแรมก๋วยจั๊บ,ร้านจำหน่ายอาหาร,แม่กลอง,เมืองสมุทรสงคราม,สมุทรสงคราม,SAN,2025-08-13,ไม่ผ่านเกณฑ์
ก๋วยเตี๋ยวครูกัญญา สาขา 2,ร้านจำหน่ายอาหาร,แม่กลอง,เมืองสมุทรสงคราม,สมุทรสงคราม,SAN,2025-08-13,ไม่ผ่านเกณฑ์
ป้าสุอาหารตามสั่ง,ร้านจำหน่ายอาหาร,แม่กลอง,เมืองสมุทรสงคราม,สมุทรสงคราม,SAN,2025-08-13,ไม่ผ่านเกณฑ์
Loft Factory สมุทรสงคราม,ร้านจำหน่ายอาหาร,แม่กลอง,เมืองสมุทรสงคราม,สมุทรสงคราม,SAN,2025-05-02,รับรอง
boozy house แม่กลอง,ร้านจำหน่ายอาหาร,แม่กลอง,เมืองสมุทรสงคราม,สมุทรสงคราม,SAN,2025-08-13,ไม่ผ่านเกณฑ์
บ้านเตี๋ยวทรงไทย แม่กลอง,ร้านจำหน่ายอาหาร,แม่กลอง,เมืองสมุทรสงคราม,สมุทรสงคราม,SAN,2025-08-13,ไม่ผ่านเกณฑ์
เจ๊โต หมูกระทะ,ร้านบุฟเฟ่ต์ (ปิ้งย่าง/ชาบู/สุกี้),แม่กลอง,เมืองสมุทรสงคราม,สมุทรสงคราม,SAN,2025-05-02,รับรอง
ก๋วยเตี๋ยวลูกชิ้นปลาต้มยำมะนาว,ร้านจำหน่ายอาหาร,แม่กลอง,เมืองสมุทรสงคราม,สมุทรสงคราม,SAN,2025-04-29,รับรอง
Soulzen Cafe,ร้านจำหน่ายอาหาร,แม่กลอง,เมืองสมุทรสงคราม,สมุทรสงคราม,SAN,2025-08-13,ไม่ผ่านเกณฑ์
Hidden Tree Garden คาเฟ่,ร้านจำหน่ายอาหาร,แม่กลอง,เมืองสมุทรสงคราม,สมุทรสงคราม,SAN,2025-05-02,รับรอง
จิุ่๋มจิ๋มริมทาง แม่กลอง,ร้านจำหน่ายอาหาร,แม่กลอง,เมืองสมุทรสงคราม,สมุทรสงคราม,SAN,2025-08-13,ไม่ผ่านเกณฑ์
