name,type,subdistrict,district,province,standard,approve_date,status
ข้าวมันไก่ศรีวัย แม่ฮ่องสอน,ร้านจำหน่ายอาหาร,จองคำ,เมืองแม่ฮ่องสอน,แม่ฮ่องสอน,SAN,2025-06-30,ไม่ผ่านเกณฑ์
หับเผย by แม่สะเรียง,ร้านจำหน่ายอาหาร,แม่สะเรียง,แม่สะเรียง,แม่ฮ่องสอน,SAN,2024-08-27,ไม่ผ่านเกณฑ์
ร้านก๋วยเตี๋ยวบ้านหิน,ร้านจำหน่ายอาหาร,สบป่อง,ปางมะผ้า,แม่ฮ่องสอน,SAN,2025-06-10,รับรอง
ร้านนอร์ทเทอร์ฮิลล์,ร้านจำหน่ายอาหาร,สบป่อง,ปางมะผ้า,แม่ฮ่องสอน,SAN,2025-06-10,รับรอง
ร้านอาหารไข่มุก,ร้านจำหน่ายอาหาร,จองคำ,เมืองแม่ฮ่องสอน,แม่ฮ่องสอน,SAN PLUS,2024-05-09,หมดอายุ
ร้านสเต็กลุงโจว์,ร้านจำหน่ายอาหาร,จองคำ,เมืองแม่ฮ่องสอน,แม่ฮ่องสอน,SAN,2025-07-04,รับรอง
ข้าวมันไก่สงขลา,ร้านจำหน่ายอาหาร,สบป่อง,ปางมะผ้า,แม่ฮ่องสอน,SAN,2025-07-01,รับรอง
น้องนุ่น,ร้านจำหน่ายอาหาร,สบป่อง,ปางมะผ้า,แม่ฮ่องสอน,SAN,2024-09-09,รับรอง
ครัวต้นนุ่น,ร้านจำหน่ายอาหาร,สบป่อง,ปางมะผ้า,แม่ฮ่องสอน,SAN,2024-09-09,รับรอง
น้องฝ้ายลาบฝาง,ร้านจำหน่ายอาหาร,สบป่อง,ปางมะผ้า,แม่ฮ่องสอน,SAN,2024-08-23,ไม่ผ่านเกณฑ์
ก๋วยจั๊บริมเวียง,ร้านจำหน่ายอาหาร,ปางมะผ้า,ปางมะผ้า,แม่ฮ่องสอน,SAN,2024-09-09,รับรอง
จันทร์ศรี,ร้านจำหน่ายอาหาร,สบป่อง,ปางมะผ้า,แม่ฮ่องสอน,SAN,2024-04-24,ไม่ผ่านเกณฑ์
ก๋วยเตี๋ยวเรือกัลยา,ร้านจำหน่ายอาหาร,สบป่อง,ปางมะผ้า,แม่ฮ่องสอน,SAN,2024-09-09,รับรอง
ครัวเฮินไต,ร้านจำหน่ายอาหาร,แม่ลาน้อย,แม่ลาน้อย,แม่ฮ่องสอน,SAN,2024-09-06,รับรอง
ร้านนัดกัน,ร้านจำหน่ายอาหาร,แม่ลาน้อย,แม่ลาน้อย,แม่ฮ่องสอน,SAN,2024-09-06,รับรอง
ร้านแจงคอฟฟี่,ร้านจำหน่ายอาหาร,แม่ลาน้อย,แม่ลาน้อย,แม่ฮ่องสอน,SAN,2024-05-29,ไม่ผ่านเกณฑ์
ครัววิวนา,ร้านจำหน่ายอาหาร,แม่ลาน้อย,แม่ลาน้อย,แม่ฮ่องสอน,SAN,2025-03-24,รับรอง
ร้านจิตติมา,ร้านจำหน่ายอาหาร,สันติคีรี,แม่ลาน้อย,แม่ฮ่องสอน,SAN PLUS,2024-07-15,หมดอายุ
ริมทางแม่ลาหลวง,ร้านเครื่องดื่ม,แม่ลาหลวง,แม่ลาน้อย,แม่ฮ่องสอน,SAN,2025-07-17,ไม่ผ่านเกณฑ์
เยี่ยมการค้า,ร้านจำหน่ายอาหาร,แม่ลาน้อย,แม่ลาน้อย,แม่ฮ่องสอน,SAN,2023-06-08,ไม่ผ่านเกณฑ์
มาลินี,ร้านจำหน่ายอาหาร,แม่ลาหลวง,แม่ลาน้อย,แม่ฮ่องสอน,SAN,2025-06-25,รับรอง
นายปรีชา,ร้านจำหน่ายอาหาร,แม่ลาหลวง,แม่ลาน้อย,แม่ฮ่องสอน,SAN,2025-07-17,ไม่ผ่านเกณฑ์
ร้านจันทร เสมอแข,ร้านจำหน่ายอาหาร,สันติคีรี,แม่ลาน้อย,แม่ฮ่องสอน,SAN,2025-06-25,รับรอง
ร้านอภิญญาพาณิชย์,ร้านจำหน่ายอาหาร,สันติคีรี,แม่ลาน้อย,แม่ฮ่องสอน,SAN,2024-08-07,ไม่ผ่านเกณฑ์
สมประภา,ร้านจำหน่ายอาหาร,แม่ลาหลวง,แม่ลาน้อย,แม่ฮ่องสอน,SAN,2023-06-08,ไม่ผ่านเกณฑ์
ชามะเก๋าสาขาแม่ลาหลวง,ร้านเครื่องดื่ม,แม่ลาหลวง,แม่ลาน้อย,แม่ฮ่องสอน,SAN,2025-06-25,รับรอง
อินดี้ กาแฟสด,ร้านเครื่องดื่ม,แม่ลาหลวง,แม่ลาน้อย,แม่ฮ่องสอน,SAN,2025-07-17,ไม่ผ่านเกณฑ์
ร้านวินัยหลักกิโล,ร้านจำหน่ายอาหาร,ห้วยห้อม,แม่ลาน้อย,แม่ฮ่องสอน,SAN,2024-06-12,ไม่ผ่านเกณฑ์
ดวงพร,ร้านจำหน่ายอาหาร,สบป่อง,ปางมะผ้า,แม่ฮ่องสอน,SAN,2025-05-06,รับรอง
ข้าวมันไก่,ร้านจำหน่ายอาหาร,สบป่อง,ปางมะผ้า,แม่ฮ่องสอน,SAN,2025-05-06,รับรอง
ร้านวันแม่,ร้านจำหน่ายอาหาร,แม่ลาน้อย,แม่ลาน้อย,แม่ฮ่องสอน,SAN,2025-05-27,รับรอง
ร้านป้าหวาน,ร้านจำหน่ายอาหาร,แม่ลาน้อย,แม่ลาน้อย,แม่ฮ่องสอน,SAN,2025-05-28,ไม่ผ่านเกณฑ์
ร้านธนโภชนา  ,ร้านจำหน่ายอาหาร,แม่ลาน้อย,แม่ลาน้อย,แม่ฮ่องสอน,SAN PLUS,2025-07-14,รับรอง
สถานีส้มตำ  ก.ม 20,ร้านจำหน่ายอาหาร,ท่าผาปุ้ม,แม่ลาน้อย,แม่ฮ่องสอน,SAN,2024-09-12,รับรอง
ร้านข้างแกงพี่อิงอร,ร้านจำหน่ายอาหาร,ท่าผาปุ้ม,แม่ลาน้อย,แม่ฮ่องสอน,SAN,2023-06-08,ไม่ผ่านเกณฑ์
สถานีตำแซบ,ร้านจำหน่ายอาหาร,สบป่อง,ปางมะผ้า,แม่ฮ่องสอน,SAN,2024-04-24,ไม่ผ่านเกณฑ์
บ้านแก้วโมรา,ร้านจำหน่ายอาหาร,สบป่อง,ปางมะผ้า,แม่ฮ่องสอน,SAN,2025-06-25,รับรอง
ริมธาร,ร้านจำหน่ายอาหาร,สบป่อง,ปางมะผ้า,แม่ฮ่องสอน,SAN,2024-08-16,ไม่ผ่านเกณฑ์
ชายสี่หมี่เกี๊ยว,ร้านจำหน่ายอาหาร,สบป่อง,ปางมะผ้า,แม่ฮ่องสอน,SAN,2025-05-07,ไม่ผ่านเกณฑ์
ครัวกำแพงเพชรโภชนาการ,ร้านจำหน่ายอาหาร,สบป่อง,ปางมะผ้า,แม่ฮ่องสอน,มาตรฐาน SAN,2024-08-16,หมดอายุ
ตูบลาบ99,ร้านจำหน่ายอาหาร,สบป่อง,ปางมะผ้า,แม่ฮ่องสอน,SAN,2025-06-25,รับรอง
แผงลอยก๋วยเตี๋ยวพี่หน้อย,ร้านจำหน่ายอาหาร,สบป่อง,ปางมะผ้า,แม่ฮ่องสอน,SAN,2024-04-24,ไม่ผ่านเกณฑ์
ร้านน้องข้าวฟ่าง,ร้านจำหน่ายอาหาร,สบป่อง,ปางมะผ้า,แม่ฮ่องสอน,SAN,2025-06-16,รับรอง
ก๋วยจั๊บปางมะผ้า,ร้านจำหน่ายอาหาร,สบป่อง,ปางมะผ้า,แม่ฮ่องสอน,SAN,2024-04-24,ไม่ผ่านเกณฑ์
แผงลอยนางปี,ร้านจำหน่ายอาหาร,สบป่อง,ปางมะผ้า,แม่ฮ่องสอน,SAN,2025-05-06,รับรอง
แผงลอยจุติพร,ร้านจำหน่ายอาหาร,สบป่อง,ปางมะผ้า,แม่ฮ่องสอน,SAN,2024-04-23,ไม่ผ่านเกณฑ์
แผงลอยกิตติพงษ์,ร้านจำหน่ายอาหาร,สบป่อง,ปางมะผ้า,แม่ฮ่องสอน,SAN,2024-04-23,ไม่ผ่านเกณฑ์
ร้านข้าวเหนียวหมูหวาน,ร้านจำหน่ายอาหาร,สบป่อง,ปางมะผ้า,แม่ฮ่องสอน,SAN,2025-05-06,รับรอง
แผงลอยนะสี,ศูนย์อาหาร,สบป่อง,ปางมะผ้า,แม่ฮ่องสอน,SAN,2025-05-06,รับรอง
แผงลอยก๋วยเตี๋ยวดีหน่ะ,ร้านจำหน่ายอาหาร,สบป่อง,ปางมะผ้า,แม่ฮ่องสอน,SAN,2024-04-23,ไม่ผ่านเกณฑ์
แผงลอยอ๊ะซังเหมย,ร้านจำหน่ายอาหาร,สบป่อง,ปางมะผ้า,แม่ฮ่องสอน,SAN,2024-04-23,ไม่ผ่านเกณฑ์
แผงลอยพี่จำนอง,ร้านจำหน่ายอาหาร,สบป่อง,ปางมะผ้า,แม่ฮ่องสอน,SAN,2024-08-15,ไม่ผ่านเกณฑ์
แผงลอยก๋วยเตี๋ยวนางแด,ร้านจำหน่ายอาหาร,สบป่อง,ปางมะผ้า,แม่ฮ่องสอน,SAN,2024-08-16,ไม่ผ่านเกณฑ์
ร้านพี่อู๊ดอาหารตามสั่ง,ร้านจำหน่ายอาหาร,แม่ลาน้อย,แม่ลาน้อย,แม่ฮ่องสอน,SAN,2025-07-23,รับรอง
ร้านก๋วยเตี๋ยวอิ่มจัง,อื่นๆ,แม่ลาน้อย,แม่ลาน้อย,แม่ฮ่องสอน,SAN,2024-02-22,ไม่ผ่านเกณฑ์
ร้านก๋วยเตี๋ยววราดร,ร้านจำหน่ายอาหาร,แม่ลาน้อย,แม่ลาน้อย,แม่ฮ่องสอน,SAN,2024-06-12,ไม่ผ่านเกณฑ์
ร้านเจ๊นกข้าวมันไก่,ร้านจำหน่ายอาหาร,แม่สวด,สบเมย,แม่ฮ่องสอน,SAN,2024-06-11,ไม่ผ่านเกณฑ์
ร้านธงฟ้าแม่ลาน้อย,ร้านจำหน่ายอาหาร,แม่ลาน้อย,แม่ลาน้อย,แม่ฮ่องสอน,SAN,2025-05-28,ไม่ผ่านเกณฑ์
ระเบียงนาคอฟฟี่,ร้านจำหน่ายอาหาร,แม่คะตวน,สบเมย,แม่ฮ่องสอน,SAN,2025-06-27,รับรอง
ร้านคุณสมศรี,ร้านจำหน่ายอาหาร,แม่ลาน้อย,แม่ลาน้อย,แม่ฮ่องสอน,SAN,2023-05-31,ไม่ผ่านเกณฑ์
ร้านฮิมตางท่าผาปุ้ม,อื่นๆ,ท่าผาปุ้ม,แม่ลาน้อย,แม่ฮ่องสอน,SAN,2024-08-07,ไม่ผ่านเกณฑ์
ร้านพี่น้อง,ร้านจำหน่ายอาหาร,แม่ลาน้อย,แม่ลาน้อย,แม่ฮ่องสอน,SAN,2025-07-01,รับรอง
ร้านยอดดอย,สวนอาหาร,แม่ลาน้อย,แม่ลาน้อย,แม่ฮ่องสอน,มาตรฐาน SAN,2025-05-28,หมดอายุ
ร้านคาเฟ่เดอเล,ร้านจำหน่ายอาหาร,สบเมย,สบเมย,แม่ฮ่องสอน,SAN,2024-06-11,ไม่ผ่านเกณฑ์
ร้านนั่งชิลสายรุ้ง,ร้านบุฟเฟ่ต์ (ปิ้งย่าง/ชาบู/สุกี้),แม่สวด,สบเมย,แม่ฮ่องสอน,SAN,2024-10-22,รับรอง
ร้านก๋วยเตี๋ยวไก่มะระ,ร้านจำหน่ายอาหาร,แม่ลาน้อย,แม่ลาน้อย,แม่ฮ่องสอน,มาตรฐาน SAN,2023-06-08,หมดอายุ
ร้านก๋วยเเตี๋ยวป้าฟอง,ร้านจำหน่ายอาหาร,แม่ลาน้อย,แม่ลาน้อย,แม่ฮ่องสอน,SAN,2024-12-25,รับรอง
ร้านวันจันทร์,ร้านจำหน่ายอาหาร,แม่ลาน้อย,แม่ลาน้อย,แม่ฮ่องสอน,มาตรฐาน SAN,2025-05-28,หมดอายุ
ร้านพี่อู๊ดบ้านทุ่งรวงทอง,ร้านจำหน่ายอาหาร,แม่ลาน้อย,แม่ลาน้อย,แม่ฮ่องสอน,มาตรฐาน SAN,2024-08-06,หมดอายุ
ร้านข้าวซอยฮิมตาง,ร้านจำหน่ายอาหาร,แม่ลาน้อย,แม่ลาน้อย,แม่ฮ่องสอน,มาตรฐาน SAN,2024-05-29,หมดอายุ
ร้านก๋วยเตี๋ยวหมูตุ๋นยุดยา,ร้านจำหน่ายอาหาร,แม่ลาน้อย,แม่ลาน้อย,แม่ฮ่องสอน,มาตรฐาน SAN,2024-04-23,หมดอายุ
ร้านครัวไต,ร้านจำหน่ายอาหาร,จองคำ,เมืองแม่ฮ่องสอน,แม่ฮ่องสอน,SAN,2025-06-30,ไม่ผ่านเกณฑ์
ข้าวแกงนพรัตน์,ร้านจำหน่ายอาหาร,จองคำ,เมืองแม่ฮ่องสอน,แม่ฮ่องสอน,SAN,2025-01-30,รับรอง
ร้านสองพี่น้อง,ร้านจำหน่ายอาหาร,ขุนยวม,ขุนยวม,แม่ฮ่องสอน,มาตรฐาน SAN,2024-05-21,หมดอายุ
กุงคุณลุง,ร้านจำหน่ายอาหาร,ปางหมู,เมืองแม่ฮ่องสอน,แม่ฮ่องสอน,SAN,2025-01-29,รับรอง
ร้านเฮินโฮม  Hemhome,ร้านจำหน่ายอาหาร,จองคำ,เมืองแม่ฮ่องสอน,แม่ฮ่องสอน,SAN,2025-01-29,รับรอง
ดีคัพ อินดี้คาเฟ่,ร้านจำหน่ายอาหาร,จองคำ,เมืองแม่ฮ่องสอน,แม่ฮ่องสอน,SAN,2025-01-28,รับรอง
บ้านนมภูฟ้า,ร้านจำหน่ายอาหาร,จองคำ,เมืองแม่ฮ่องสอน,แม่ฮ่องสอน,SAN,2025-05-03,รับรอง
ก๋วยเตี๋ยวชายเดียว,ร้านจำหน่ายอาหาร,จองคำ,เมืองแม่ฮ่องสอน,แม่ฮ่องสอน,มาตรฐาน SAN,2025-06-30,หมดอายุ
ก๋วยเตี๋ยวน้องไหม,ร้านจำหน่ายอาหาร,จองคำ,เมืองแม่ฮ่องสอน,แม่ฮ่องสอน,มาตรฐาน SAN,2025-06-30,หมดอายุ
โจ๊กฮ่องกง,ร้านจำหน่ายอาหาร,จองคำ,เมืองแม่ฮ่องสอน,แม่ฮ่องสอน,SAN,2025-05-03,รับรอง
ดีดี โอชา,ร้านจำหน่ายอาหาร,จองคำ,เมืองแม่ฮ่องสอน,แม่ฮ่องสอน,SAN,2025-06-30,ไม่ผ่านเกณฑ์
ข้าวแกงราชบุรี,ร้านจำหน่ายอาหาร,จองคำ,เมืองแม่ฮ่องสอน,แม่ฮ่องสอน,SAN,2024-10-22,รับรอง
bubb,ร้านเครื่องดื่ม,จองคำ,เมืองแม่ฮ่องสอน,แม่ฮ่องสอน,SAN,2025-06-30,ไม่ผ่านเกณฑ์
สไบทิพย์,ร้านจำหน่ายอาหาร,จองคำ,เมืองแม่ฮ่องสอน,แม่ฮ่องสอน,SAN,2024-10-22,รับรอง
บ้านนินตรา แม่ฮ่องสอน,ร้านจำหน่ายอาหาร,จองคำ,เมืองแม่ฮ่องสอน,แม่ฮ่องสอน,SAN,2024-10-22,รับรอง
ลาบขมห้วยปู,ร้านจำหน่ายอาหาร,เวียงใต้,ปาย,แม่ฮ่องสอน,SAN,2025-05-08,รับรอง
ปังษณีย์,ร้านจำหน่ายอาหาร,เวียงใต้,ปาย,แม่ฮ่องสอน,SAN,2025-07-07,รับรอง
Forest cafe,ร้านจำหน่ายอาหาร,จองคำ,เมืองแม่ฮ่องสอน,แม่ฮ่องสอน,SAN,2025-06-30,ไม่ผ่านเกณฑ์
ครัวฮอมฮัก,ร้านจำหน่ายอาหาร,แม่คง,แม่สะเรียง,แม่ฮ่องสอน,SAN,2024-08-27,ไม่ผ่านเกณฑ์
ณ ล้านคำ,ร้านจำหน่ายอาหาร,แม่สะเรียง,แม่สะเรียง,แม่ฮ่องสอน,SAN,2025-06-06,รับรอง
เจ๊ดา,ร้านจำหน่ายอาหาร,จองคำ,เมืองแม่ฮ่องสอน,แม่ฮ่องสอน,SAN,2025-06-30,ไม่ผ่านเกณฑ์
ลีไวน์อาหารยูนาน,ร้านจำหน่ายอาหาร,หมอกจำแป่,เมืองแม่ฮ่องสอน,แม่ฮ่องสอน,SAN,2023-07-18,ไม่ผ่านเกณฑ์
ชาสา รักไทย,ภัตาคาร,หมอกจำแป่,เมืองแม่ฮ่องสอน,แม่ฮ่องสอน,SAN,2024-07-11,ไม่ผ่านเกณฑ์
ครัววิไล,ร้านจำหน่ายอาหาร,จองคำ,เมืองแม่ฮ่องสอน,แม่ฮ่องสอน,SAN,2025-06-30,ไม่ผ่านเกณฑ์
ห้องอาหารสักทอง,ภัตาคาร,ปางหมู,เมืองแม่ฮ่องสอน,แม่ฮ่องสอน,SAN,2024-08-13,ไม่ผ่านเกณฑ์
สายฝนเบเกอรี่,ร้านจำหน่ายอาหาร,จองคำ,เมืองแม่ฮ่องสอน,แม่ฮ่องสอน,SAN,2024-06-21,ไม่ผ่านเกณฑ์
ก๋วยเตี๋ยวกาดติ๊ด,ร้านจำหน่ายอาหาร,จองคำ,เมืองแม่ฮ่องสอน,แม่ฮ่องสอน,SAN,2025-06-30,ไม่ผ่านเกณฑ์
นั่งเพลิน,ร้านจำหน่ายอาหาร,จองคำ,เมืองแม่ฮ่องสอน,แม่ฮ่องสอน,SAN,2025-06-30,ไม่ผ่านเกณฑ์
นั่งเล่า เม้าท์มอย,ร้านจำหน่ายอาหาร,จองคำ,เมืองแม่ฮ่องสอน,แม่ฮ่องสอน,SAN,2025-06-30,ไม่ผ่านเกณฑ์
อะละหว่าคาเฟ่,ร้านจำหน่ายอาหาร,จองคำ,เมืองแม่ฮ่องสอน,แม่ฮ่องสอน,SAN,2024-04-23,ไม่ผ่านเกณฑ์
คอฟฟี่บาร์,ร้านจำหน่ายอาหาร,จองคำ,เมืองแม่ฮ่องสอน,แม่ฮ่องสอน,SAN,2024-04-23,ไม่ผ่านเกณฑ์
ชาเลต์ ผับ,อื่นๆ,จองคำ,เมืองแม่ฮ่องสอน,แม่ฮ่องสอน,SAN,2025-06-30,ไม่ผ่านเกณฑ์
Dad's Garden,ร้านจำหน่ายอาหาร,ขุนยวม,ขุนยวม,แม่ฮ่องสอน,SAN,2024-05-02,ไม่ผ่านเกณฑ์
บ้านปาย,ร้านจำหน่ายอาหาร,เวียงใต้,ปาย,แม่ฮ่องสอน,มาตรฐาน SAN,2023-08-10,หมดอายุ
ดวง,ร้านจำหน่ายอาหาร,เวียงใต้,ปาย,แม่ฮ่องสอน,SAN,2023-08-10,ไม่ผ่านเกณฑ์
คาเฟ่ เดอะ  อาร์ ทิส,ร้านจำหน่ายอาหาร,เวียงใต้,ปาย,แม่ฮ่องสอน,SAN,2023-08-10,ไม่ผ่านเกณฑ์
iร้านอาหาร JOS Home,ร้านจำหน่ายอาหาร,สันติคีรี,แม่ลาน้อย,แม่ฮ่องสอน,มาตรฐาน SAN,2024-05-29,หมดอายุ
รักษ์ ต้มเลือดหมู,ร้านจำหน่ายอาหาร,เวียงใต้,ปาย,แม่ฮ่องสอน,SAN,2024-08-27,ไม่ผ่านเกณฑ์
กนิษฐาคาเฟ่,ร้านจำหน่ายอาหาร,เวียงใต้,ปาย,แม่ฮ่องสอน,SAN,2023-08-17,ไม่ผ่านเกณฑ์
ชูการ์เคน ปาย,ร้านจำหน่ายอาหาร,เวียงใต้,ปาย,แม่ฮ่องสอน,SAN,2023-08-17,ไม่ผ่านเกณฑ์
Dumya Restaurant,ร้านจำหน่ายอาหาร,เวียงใต้,ปาย,แม่ฮ่องสอน,SAN,2023-08-17,ไม่ผ่านเกณฑ์
บ้านไม้คนเมือง,ร้านจำหน่ายอาหาร,เวียงใต้,ปาย,แม่ฮ่องสอน,SAN,2023-08-17,ไม่ผ่านเกณฑ์
ชมรมสัตว์กินเนื้อ,ร้านจำหน่ายอาหาร,เวียงใต้,ปาย,แม่ฮ่องสอน,SAN,2023-08-17,ไม่ผ่านเกณฑ์
ครัวต้นกุ้ง,ร้านจำหน่ายอาหาร,เวียงใต้,ปาย,แม่ฮ่องสอน,SAN,2023-08-17,ไม่ผ่านเกณฑ์
อาหารเจฉือชินใจ,ร้านจำหน่ายอาหาร,เวียงใต้,ปาย,แม่ฮ่องสอน,SAN,2023-08-17,ไม่ผ่านเกณฑ์
มายา เบอร์เกอร์ควีน แอท ปาย,ร้านจำหน่ายอาหาร,เวียงใต้,ปาย,แม่ฮ่องสอน,SAN,2023-08-17,ไม่ผ่านเกณฑ์
โรงแรมแสงปอยคอทเทจ,อื่นๆ,ปางหมู,เมืองแม่ฮ่องสอน,แม่ฮ่องสอน,SAN,2024-02-22,ไม่ผ่านเกณฑ์
ร้านอาหารบ้านทรงไทย ,ร้านจำหน่ายอาหาร,ผาบ่อง,เมืองแม่ฮ่องสอน,แม่ฮ่องสอน,SAN,2024-04-10,ไม่ผ่านเกณฑ์
ร้านปลายข้าว,ร้านจำหน่ายอาหาร,ผาบ่อง,เมืองแม่ฮ่องสอน,แม่ฮ่องสอน,SAN,2024-12-13,รับรอง
Mountain High (รินยาว) ,ร้านจำหน่ายอาหาร,ขุนยวม,ขุนยวม,แม่ฮ่องสอน,SAN,2025-07-23,รับรอง
ครัวช่างป้าว,ร้านจำหน่ายอาหาร,ขุนยวม,ขุนยวม,แม่ฮ่องสอน,SAN,2024-05-02,ไม่ผ่านเกณฑ์
ร้านธนโภชนาปลาสาละวิน,ร้านจำหน่ายอาหาร,ขุนยวม,ขุนยวม,แม่ฮ่องสอน,SAN,2025-07-23,รับรอง
ร้านตะวันรัตน์,ร้านจำหน่ายอาหาร,ขุนยวม,ขุนยวม,แม่ฮ่องสอน,SAN,2025-07-23,รับรอง
ครัวน้องกระทิน,ร้านจำหน่ายอาหาร,ขุนยวม,ขุนยวม,แม่ฮ่องสอน,SAN,2025-07-23,รับรอง
ร้านลาบลุงวัย,ร้านจำหน่ายอาหาร,ขุนยวม,ขุนยวม,แม่ฮ่องสอน,SAN,2025-07-23,รับรอง
ร้านอาหารศรีวิไล,ร้านจำหน่ายอาหาร,ขุนยวม,ขุนยวม,แม่ฮ่องสอน,SAN,2025-06-27,ไม่ผ่านเกณฑ์
ร้านอาหารตามสั่งบุญรัตน์,ร้านจำหน่ายอาหาร,ขุนยวม,ขุนยวม,แม่ฮ่องสอน,SAN,2024-05-21,ไม่ผ่านเกณฑ์
ครัวป้าอ้อย,ร้านจำหน่ายอาหาร,ขุนยวม,ขุนยวม,แม่ฮ่องสอน,SAN,2024-05-21,ไม่ผ่านเกณฑ์
ร้านเจ้เฮง,ร้านจำหน่ายอาหาร,ขุนยวม,ขุนยวม,แม่ฮ่องสอน,SAN,2024-05-21,ไม่ผ่านเกณฑ์
ร้านฟ้าเพียงดิน,ร้านจำหน่ายอาหาร,ขุนยวม,ขุนยวม,แม่ฮ่องสอน,SAN,2025-02-18,รับรอง
ร้านกายวรรณ,ร้านจำหน่ายอาหาร,ขุนยวม,ขุนยวม,แม่ฮ่องสอน,SAN,2025-02-19,รับรอง
ร้านเกี๋ยวเตี๋ยวแชมป์,ร้านจำหน่ายอาหาร,ขุนยวม,ขุนยวม,แม่ฮ่องสอน,SAN,2024-05-21,ไม่ผ่านเกณฑ์
ปราลีฟาร์ม,ร้านจำหน่ายอาหาร,ขุนยวม,ขุนยวม,แม่ฮ่องสอน,SAN,2024-05-21,ไม่ผ่านเกณฑ์
ร้านห้วยขวาง,ร้านจำหน่ายอาหาร,ขุนยวม,ขุนยวม,แม่ฮ่องสอน,SAN,2024-05-21,ไม่ผ่านเกณฑ์
ร้านป้าศรี,ร้านจำหน่ายอาหาร,ขุนยวม,ขุนยวม,แม่ฮ่องสอน,SAN,2025-02-20,รับรอง
ร้านชายสี่หมี่เกี๊ยว,ร้านจำหน่ายอาหาร,ขุนยวม,ขุนยวม,แม่ฮ่องสอน,SAN,2025-02-20,รับรอง
ร้านครัวปีกไม้,ร้านจำหน่ายอาหาร,ขุนยวม,ขุนยวม,แม่ฮ่องสอน,SAN,2025-07-09,รับรอง
กระเพาถาดคากิตุ๋น,ร้านจำหน่ายอาหาร,ขุนยวม,ขุนยวม,แม่ฮ่องสอน,SAN,2025-02-03,รับรอง
ร้านก๋วยเตี๋ยวป้าเจี๊ยบ,ร้านจำหน่ายอาหาร,ขุนยวม,ขุนยวม,แม่ฮ่องสอน,มาตรฐาน SAN,2025-06-30,หมดอายุ
ร้านครั้วอิสานบ้านสวน,ร้านจำหน่ายอาหาร,ขุนยวม,ขุนยวม,แม่ฮ่องสอน,มาตรฐาน SAN,2024-05-21,หมดอายุ
ร้านกินอิ่ม,ร้านจำหน่ายอาหาร,ขุนยวม,ขุนยวม,แม่ฮ่องสอน,SAN,2025-02-03,รับรอง
AT THAN CAFE (โรงพยาบาลธัญญารักษ์แม่ฮ่องสอน),ร้านเครื่องดื่ม,ปางหมู,เมืองแม่ฮ่องสอน,แม่ฮ่องสอน,SAN,2024-05-28,ไม่ผ่านเกณฑ์
ร้านกาอาหารตามสั่ง,ร้านจำหน่ายอาหาร,แม่ลาน้อย,แม่ลาน้อย,แม่ฮ่องสอน,มาตรฐาน SAN,2024-05-29,หมดอายุ
ร้านโจ๊กสงัด,ร้านจำหน่ายอาหาร,แม่ลาน้อย,แม่ลาน้อย,แม่ฮ่องสอน,มาตรฐาน SAN,2024-05-29,หมดอายุ
ร้านพี่แดง,ร้านจำหน่ายอาหาร,แม่ลาน้อย,แม่ลาน้อย,แม่ฮ่องสอน,มาตรฐาน SAN,2024-05-29,หมดอายุ
ร้านด่านสกัดความหิว,ร้านจำหน่ายอาหาร,แม่ลาน้อย,แม่ลาน้อย,แม่ฮ่องสอน,มาตรฐาน SAN,2024-05-29,หมดอายุ
ร้านจ่าตุ๊อาหารตามสั่ง,ร้านจำหน่ายอาหาร,แม่ลาน้อย,แม่ลาน้อย,แม่ฮ่องสอน,SAN,2024-05-29,ไม่ผ่านเกณฑ์
ร้านก๋วยเตี๋ยวต้มยำป้าเยาว์,ร้านจำหน่ายอาหาร,ขุนยวม,ขุนยวม,แม่ฮ่องสอน,SAN,2024-05-30,ไม่ผ่านเกณฑ์
ครัวมีนา,ร้านจำหน่ายอาหาร,แม่คะตวน,สบเมย,แม่ฮ่องสอน,SAN,2024-06-11,ไม่ผ่านเกณฑ์
รสสุคนธ์การค้า,ร้านจำหน่ายอาหาร,ห้วยห้อม,แม่ลาน้อย,แม่ฮ่องสอน,SAN,2024-06-12,ไม่ผ่านเกณฑ์
ร้าน จ.จาน,ร้านจำหน่ายอาหาร,ห้วยห้อม,แม่ลาน้อย,แม่ฮ่องสอน,SAN,2025-07-30,รับรอง
โรงพยาบาลธัญญารักษ์,โรงอาหาร,ปางหมู,เมืองแม่ฮ่องสอน,แม่ฮ่องสอน,SAN,2024-06-07,ไม่ผ่านเกณฑ์
ร้านป้าแก้วลุงพัน,ร้านจำหน่ายอาหาร,แม่สวด,สบเมย,แม่ฮ่องสอน,SAN,2024-06-11,ไม่ผ่านเกณฑ์
มาลองพิซซ่า,ร้านจำหน่ายอาหาร,แม่สวด,สบเมย,แม่ฮ่องสอน,SAN,2024-06-11,ไม่ผ่านเกณฑ์
โรงครัวโรงพยาบาลแม่ลาน้อย,โรงอาหาร,แม่ลาน้อย,แม่ลาน้อย,แม่ฮ่องสอน,มาตรฐาน SAN,2024-06-12,หมดอายุ
โรงครัวโรงพยาบาลปางมะผ้า,โรงอาหาร,สบป่อง,ปางมะผ้า,แม่ฮ่องสอน,SAN,2024-06-17,ไม่ผ่านเกณฑ์
24ทับ7,ร้านเครื่องดื่ม,สบเมย,สบเมย,แม่ฮ่องสอน,SAN,2024-06-17,ไม่ผ่านเกณฑ์
ร้านอ้ายกร,ร้านจำหน่ายอาหาร,แม่สวด,สบเมย,แม่ฮ่องสอน,SAN,2025-05-15,ไม่ผ่านเกณฑ์
โรงพยาบาลสบเมย,โรงอาหาร,แม่คะตวน,สบเมย,แม่ฮ่องสอน,SAN,2024-06-18,ไม่ผ่านเกณฑ์
ร้านอาหารไข่มุก,ร้านจำหน่ายอาหาร,จองคำ,เมืองแม่ฮ่องสอน,แม่ฮ่องสอน,SAN,2025-05-14,รับรอง
Pizza Primavera,ร้านจำหน่ายอาหาร,จองคำ,เมืองแม่ฮ่องสอน,แม่ฮ่องสอน,SAN,2024-07-11,ไม่ผ่านเกณฑ์
บะหมี่ตั้งตัว,ร้านจำหน่ายอาหาร,จองคำ,เมืองแม่ฮ่องสอน,แม่ฮ่องสอน,SAN,2025-07-30,รับรอง
coffee for you,ร้านจำหน่ายอาหาร,จองคำ,เมืองแม่ฮ่องสอน,แม่ฮ่องสอน,SAN,2024-06-20,ไม่ผ่านเกณฑ์
ก๋วยเตี๋ยวกาดติ๊ด,ร้านจำหน่ายอาหาร,จองคำ,เมืองแม่ฮ่องสอน,แม่ฮ่องสอน,มาตรฐาน SAN,2024-06-20,หมดอายุ
เจ๊จิ๋ม,ร้านจำหน่ายอาหาร,จองคำ,เมืองแม่ฮ่องสอน,แม่ฮ่องสอน,มาตรฐาน SAN,2024-06-20,หมดอายุ
ชัย ชวน ชิม,ร้านจำหน่ายอาหาร,จองคำ,เมืองแม่ฮ่องสอน,แม่ฮ่องสอน,SAN,2024-06-20,ไม่ผ่านเกณฑ์
กระเพาป้านตอง,ร้านจำหน่ายอาหาร,จองคำ,เมืองแม่ฮ่องสอน,แม่ฮ่องสอน,SAN,2024-06-20,ไม่ผ่านเกณฑ์
กาแฟห้วยฮ่อม,ร้านจำหน่ายอาหาร,จองคำ,เมืองแม่ฮ่องสอน,แม่ฮ่องสอน,มาตรฐาน SAN,2024-06-20,หมดอายุ
หจก.จองคำวิว,ร้านจำหน่ายอาหาร,จองคำ,เมืองแม่ฮ่องสอน,แม่ฮ่องสอน,SAN,2024-06-20,ไม่ผ่านเกณฑ์
เวตัวลา,ร้านจำหน่ายอาหาร,จองคำ,เมืองแม่ฮ่องสอน,แม่ฮ่องสอน,SAN,2024-10-03,รับรอง
อเมซอน,ร้านเครื่องดื่ม,จองคำ,เมืองแม่ฮ่องสอน,แม่ฮ่องสอน,SAN,2025-08-15,รับรอง
ร้านอาหารใบเฟิร์น,ร้านจำหน่ายอาหาร,จองคำ,เมืองแม่ฮ่องสอน,แม่ฮ่องสอน,มาตรฐาน SAN,2024-06-20,หมดอายุ
เรือนจำจังหวัดแม่ฮ่องสอน,โรงอาหาร,ปางหมู,เมืองแม่ฮ่องสอน,แม่ฮ่องสอน,มาตรฐาน SAN,2024-06-21,หมดอายุ
หับเผย by เรือนจำจังหวัดแม่ฮ่องสอน,ร้านจำหน่ายอาหาร,ปางหมู,เมืองแม่ฮ่องสอน,แม่ฮ่องสอน,SAN,2024-06-21,ไม่ผ่านเกณฑ์
ร้านลาแฟ,ร้านจำหน่ายอาหาร,แม่ลาน้อย,แม่ลาน้อย,แม่ฮ่องสอน,SAN,2024-06-26,ไม่ผ่านเกณฑ์
ร้านชากีฟ,ร้านจำหน่ายอาหาร,แม่ลาน้อย,แม่ลาน้อย,แม่ฮ่องสอน,SAN,2024-06-26,ไม่ผ่านเกณฑ์
สถานที่ประกอบอาหารโรงครัวโรงพยาบาลปาย,อื่นๆ,เวียงใต้,ปาย,แม่ฮ่องสอน,มาตรฐาน SAN,2024-08-27,หมดอายุ
The Column,อื่นๆ,เวียงใต้,ปาย,แม่ฮ่องสอน,มาตรฐาน SAN,2024-07-11,หมดอายุ
ร้านก๋วยเตี๋ยวน้องกาแฟ,ร้านจำหน่ายอาหาร,แม่ยวม,แม่สะเรียง,แม่ฮ่องสอน,มาตรฐาน SAN,2025-04-24,หมดอายุ
ร้านก๊วยเตี๋ยวป้านำ,ร้านจำหน่ายอาหาร,แม่ยวม,แม่สะเรียง,แม่ฮ่องสอน,SAN,2025-05-19,รับรอง
ร้านทิวากร,ร้านจำหน่ายอาหาร,แม่ยวม,แม่สะเรียง,แม่ฮ่องสอน,SAN,2025-05-19,รับรอง
ร้านจูนจูน,ร้านจำหน่ายอาหาร,แม่ยวม,แม่สะเรียง,แม่ฮ่องสอน,SAN,2025-05-19,รับรอง
ร้านลาบต้มขมลุงแก้ว,ร้านจำหน่ายอาหาร,แม่ยวม,แม่สะเรียง,แม่ฮ่องสอน,มาตรฐาน SAN,2025-04-24,หมดอายุ
ร้านป้าทอง,ร้านจำหน่ายอาหาร,แม่ยวม,แม่สะเรียง,แม่ฮ่องสอน,มาตรฐาน SAN,2025-04-24,หมดอายุ
ร้านก๊วยเตี๋ยวป้าติ๋ม,ร้านจำหน่ายอาหาร,แม่ยวม,แม่สะเรียง,แม่ฮ่องสอน,มาตรฐาน SAN,2025-04-24,หมดอายุ
ร้านเฟื่องฟ้า,ร้านจำหน่ายอาหาร,แม่ยวม,แม่สะเรียง,แม่ฮ่องสอน,มาตรฐาน SAN,2025-04-24,หมดอายุ
ครัวน้องกันต์,ร้านจำหน่ายอาหาร,จองคำ,เมืองแม่ฮ่องสอน,แม่ฮ่องสอน,SAN,2025-05-19,รับรอง
น้องนาย เนื้อตุ๋น-หมูตุ๋น,ร้านจำหน่ายอาหาร,จองคำ,เมืองแม่ฮ่องสอน,แม่ฮ่องสอน,SAN,2025-05-19,รับรอง
ไก่ทอด MN,ร้านจำหน่ายอาหาร,จองคำ,เมืองแม่ฮ่องสอน,แม่ฮ่องสอน,SAN,2025-07-09,รับรอง
Bar-Ton,ร้านจำหน่ายอาหาร,จองคำ,เมืองแม่ฮ่องสอน,แม่ฮ่องสอน,SAN,2025-07-09,รับรอง
ข้าวแกงษ์ปักษใต้,ร้านจำหน่ายอาหาร,จองคำ,เมืองแม่ฮ่องสอน,แม่ฮ่องสอน,SAN,2025-05-19,รับรอง
ลาบหลู้,ร้านจำหน่ายอาหาร,จองคำ,เมืองแม่ฮ่องสอน,แม่ฮ่องสอน,SAN,2025-05-19,รับรอง
ครัวบ้านนา,ร้านจำหน่ายอาหาร,แม่ฮี้,ปาย,แม่ฮ่องสอน,มาตรฐาน SAN,2024-07-19,หมดอายุ
ร้านธรรมดา คาเฟ่,ร้านจำหน่ายอาหาร,แม่ฮี้,ปาย,แม่ฮ่องสอน,SAN,2024-07-19,ไม่ผ่านเกณฑ์
แอร์ อาหารตามสั่ง,ร้านจำหน่ายอาหาร,แม่ฮี้,ปาย,แม่ฮ่องสอน,SAN,2024-07-19,ไม่ผ่านเกณฑ์
์Northern Soul,อื่นๆ,แม่ฮี้,ปาย,แม่ฮ่องสอน,SAN,2024-07-19,ไม่ผ่านเกณฑ์
ปายเวียงฟ้า,อื่นๆ,แม่ฮี้,ปาย,แม่ฮ่องสอน,มาตรฐาน SAN,2024-07-20,หมดอายุ
ร้านสองพี่น้อง,ร้านจำหน่ายอาหาร,แม่ฮี้,ปาย,แม่ฮ่องสอน,มาตรฐาน SAN,2024-07-20,หมดอายุ
แอร์ อาหารตามสั่ง 2,ร้านจำหน่ายอาหาร,แม่ฮี้,ปาย,แม่ฮ่องสอน,มาตรฐาน SAN,2024-07-20,หมดอายุ
ร้านกาแฟ,ร้านเครื่องดื่ม,แม่ฮี้,ปาย,แม่ฮ่องสอน,มาตรฐาน SAN,2024-07-20,หมดอายุ
sallor dia,อื่นๆ,แม่ฮี้,ปาย,แม่ฮ่องสอน,มาตรฐาน SAN,2024-07-20,หมดอายุ
ร้านปุ้มปุ้ยเย็นตาโฟ,ร้านจำหน่ายอาหาร,แม่ลาน้อย,แม่ลาน้อย,แม่ฮ่องสอน,SAN,2024-08-06,ไม่ผ่านเกณฑ์
ร้านอาหารริมทุ่ง,ร้านจำหน่ายอาหาร,แม่ลาน้อย,แม่ลาน้อย,แม่ฮ่องสอน,SAN,2024-08-06,ไม่ผ่านเกณฑ์
มองเขา คาเฟ่,ร้านเครื่องดื่ม,แม่ลาหลวง,แม่ลาน้อย,แม่ฮ่องสอน,มาตรฐาน SAN,2024-08-07,หมดอายุ
Maela Coffee,ร้านจำหน่ายอาหาร,แม่ลาหลวง,แม่ลาน้อย,แม่ฮ่องสอน,SAN,2024-08-07,ไม่ผ่านเกณฑ์
สุข คอฟฟี่,ร้านเครื่องดื่ม,แม่ลาน้อย,แม่ลาน้อย,แม่ฮ่องสอน,SAN,2024-08-14,ไม่ผ่านเกณฑ์
ร้านพี่จำนอง,ร้านจำหน่ายอาหาร,สบป่อง,ปางมะผ้า,แม่ฮ่องสอน,มาตรฐาน SAN,2024-08-16,หมดอายุ
ก๋วยเตี๋ยวบ้านไร่,ร้านจำหน่ายอาหาร,สบป่อง,ปางมะผ้า,แม่ฮ่องสอน,มาตรฐาน SAN,2024-08-16,หมดอายุ
Doi coff417 Cafe&Restaurant,ร้านจำหน่ายอาหาร,สบป่อง,ปางมะผ้า,แม่ฮ่องสอน,มาตรฐาน SAN,2024-08-16,หมดอายุ
The farm cafe,ร้านเครื่องดื่ม,สบป่อง,ปางมะผ้า,แม่ฮ่องสอน,มาตรฐาน SAN,2024-08-16,หมดอายุ
Above the sea,ร้านจำหน่ายอาหาร,บ้านกาศ,แม่สะเรียง,แม่ฮ่องสอน,มาตรฐาน SAN,2024-08-27,หมดอายุ
ร้านก๋วยเตี๋ยวเรือต้นมะขาม,ร้านจำหน่ายอาหาร,แม่สะเรียง,แม่สะเรียง,แม่ฮ่องสอน,มาตรฐาน SAN,2024-08-19,หมดอายุ
ร้านฮาลีมา,ร้านจำหน่ายอาหาร,แม่สะเรียง,แม่สะเรียง,แม่ฮ่องสอน,มาตรฐาน SAN,2024-08-27,หมดอายุ
บ้านไม้แดง,ร้านจำหน่ายอาหาร,แม่สะเรียง,แม่สะเรียง,แม่ฮ่องสอน,SAN,2024-11-04,รับรอง
ร้านโซ้ยตี๋บะหมี่เกี๊ยว,ร้านจำหน่ายอาหาร,บ้านกาศ,แม่สะเรียง,แม่ฮ่องสอน,มาตรฐาน SAN,2024-08-27,หมดอายุ
มิตรไมตรี,ร้านเครื่องดื่ม,บ้านกาศ,แม่สะเรียง,แม่ฮ่องสอน,มาตรฐาน SAN,2024-08-23,หมดอายุ
โรงครัวโรงพยาบาลแม่สะเรียง,อื่นๆ,แม่สะเรียง,แม่สะเรียง,แม่ฮ่องสอน,มาตรฐาน SAN,2024-08-23,หมดอายุ
Silhouette bar by rever siam,ภัตาคาร,เวียงใต้,ปาย,แม่ฮ่องสอน,มาตรฐาน SAN,2024-08-27,หมดอายุ
หับเผย by เรือนจำจังหวัดแม่ฮ่องสอน,ร้านจำหน่ายอาหาร,ปางหมู,เมืองแม่ฮ่องสอน,แม่ฮ่องสอน,SAN,2025-07-30,รับรอง
ร้านคุณยาย,ร้านจำหน่ายอาหาร,แม่ยวม,แม่สะเรียง,แม่ฮ่องสอน,SAN,2024-10-22,รับรอง
ร้านป้านงค์,ร้านจำหน่ายอาหาร,แม่ยวม,แม่สะเรียง,แม่ฮ่องสอน,SAN,2025-04-24,ไม่ผ่านเกณฑ์
ครัวแม่พลอย,ร้านจำหน่ายอาหาร,จองคำ,เมืองแม่ฮ่องสอน,แม่ฮ่องสอน,มาตรฐาน SAN,2025-06-30,หมดอายุ
ร้านหนมปังไง,ร้านจำหน่ายอาหาร,จองคำ,เมืองแม่ฮ่องสอน,แม่ฮ่องสอน,มาตรฐาน SAN,2025-06-30,หมดอายุ
บ้านยายบล,ร้านจำหน่ายอาหาร,จองคำ,เมืองแม่ฮ่องสอน,แม่ฮ่องสอน,มาตรฐาน SAN,2025-06-30,หมดอายุ
I.B คาเฟ่,ร้านจำหน่ายอาหาร,จองคำ,เมืองแม่ฮ่องสอน,แม่ฮ่องสอน,มาตรฐาน SAN,2025-06-30,หมดอายุ
Bar-Ton,ร้านจำหน่ายอาหาร,จองคำ,เมืองแม่ฮ่องสอน,แม่ฮ่องสอน,มาตรฐาน SAN,2025-06-30,หมดอายุ
ครัวกั๊ตจัง,ร้านจำหน่ายอาหาร,แม่สวด,สบเมย,แม่ฮ่องสอน,มาตรฐาน SAN,2025-05-07,หมดอายุ
ครัวเฮินไต,ร้านจำหน่ายอาหาร,แม่ลาน้อย,แม่ลาน้อย,แม่ฮ่องสอน,SAN,2024-10-09,รับรอง
ครัววิวนา,ร้านจำหน่ายอาหาร,แม่ลาน้อย,แม่ลาน้อย,แม่ฮ่องสอน,SAN,2024-10-09,รับรอง
ครัววิวนา,ร้านจำหน่ายอาหาร,แม่ลาน้อย,แม่ลาน้อย,แม่ฮ่องสอน,SAN,2025-05-28,ไม่ผ่านเกณฑ์
ครัวเฮินไต,ร้านจำหน่ายอาหาร,แม่ลาน้อย,แม่ลาน้อย,แม่ฮ่องสอน,SAN,2025-05-28,ไม่ผ่านเกณฑ์
ครัววิวนา,ร้านจำหน่ายอาหาร,แม่ลาน้อย,แม่ลาน้อย,แม่ฮ่องสอน,SAN,2024-10-30,รับรอง
ครัววิวนา,ร้านจำหน่ายอาหาร,แม่ลาน้อย,แม่ลาน้อย,แม่ฮ่องสอน,SAN,2024-10-30,รับรอง
ครัววิวนา,ร้านจำหน่ายอาหาร,แม่ลาน้อย,แม่ลาน้อย,แม่ฮ่องสอน,SAN,2024-10-30,รับรอง
ร้านนัดกัน,ร้านจำหน่ายอาหาร,แม่ลาน้อย,แม่ลาน้อย,แม่ฮ่องสอน,SAN,2025-05-28,ไม่ผ่านเกณฑ์
ร้านแจงคอฟฟี่,ร้านจำหน่ายอาหาร,แม่ลาน้อย,แม่ลาน้อย,แม่ฮ่องสอน,SAN,2025-05-28,ไม่ผ่านเกณฑ์
ร้านวันแม่,ร้านจำหน่ายอาหาร,แม่ลาน้อย,แม่ลาน้อย,แม่ฮ่องสอน,SAN,2024-10-10,รับรอง
ร้านแจงคอฟฟี่,ร้านจำหน่ายอาหาร,แม่ลาน้อย,แม่ลาน้อย,แม่ฮ่องสอน,SAN,2025-05-28,ไม่ผ่านเกณฑ์
ร้านแจงคอฟฟี่,ร้านจำหน่ายอาหาร,แม่ลาน้อย,แม่ลาน้อย,แม่ฮ่องสอน,SAN,2025-05-28,ไม่ผ่านเกณฑ์
ร้านธนโภชนา  ,ร้านจำหน่ายอาหาร,แม่ลาน้อย,แม่ลาน้อย,แม่ฮ่องสอน,SAN,2024-10-30,รับรอง
ร้านพี่อู๊ดอาหารตามสั่ง,ร้านจำหน่ายอาหาร,แม่ลาน้อย,แม่ลาน้อย,แม่ฮ่องสอน,SAN,2024-10-30,รับรอง
ร้านก๋วยเตี๋ยวอิ่มจัง,อื่นๆ,แม่ลาน้อย,แม่ลาน้อย,แม่ฮ่องสอน,SAN,2024-10-30,รับรอง
ร้านชากีฟ,ร้านจำหน่ายอาหาร,แม่ลาน้อย,แม่ลาน้อย,แม่ฮ่องสอน,SAN,2024-10-30,รับรอง
ร้านก๋วยเเตี๋ยวป้าฟอง,ร้านจำหน่ายอาหาร,แม่ลาน้อย,แม่ลาน้อย,แม่ฮ่องสอน,SAN,2025-05-28,ไม่ผ่านเกณฑ์
ร้านโจ๊กสงัด,ร้านจำหน่ายอาหาร,แม่ลาน้อย,แม่ลาน้อย,แม่ฮ่องสอน,SAN,2024-10-30,รับรอง
ร้านกาอาหารตามสั่ง,ร้านจำหน่ายอาหาร,แม่ลาน้อย,แม่ลาน้อย,แม่ฮ่องสอน,SAN,2024-10-30,รับรอง
ร้านจ่าตุ๊อาหารตามสั่ง,ร้านจำหน่ายอาหาร,แม่ลาน้อย,แม่ลาน้อย,แม่ฮ่องสอน,SAN,2024-10-30,รับรอง
ร้านก๋วยเตี๋ยวหมูตุ๋นยุดยา,ร้านจำหน่ายอาหาร,แม่ลาน้อย,แม่ลาน้อย,แม่ฮ่องสอน,SAN,2024-10-16,รับรอง
Mountain High (รินยาว) ,ร้านจำหน่ายอาหาร,ขุนยวม,ขุนยวม,แม่ฮ่องสอน,SAN,2024-10-22,รับรอง
Dad's Garden,ร้านจำหน่ายอาหาร,ขุนยวม,ขุนยวม,แม่ฮ่องสอน,SAN,2024-10-22,รับรอง
ครัวมีนา,ร้านจำหน่ายอาหาร,แม่คะตวน,สบเมย,แม่ฮ่องสอน,SAN,2025-03-21,รับรอง
ร้านป้าแก้วลุงพัน,ร้านจำหน่ายอาหาร,แม่สวด,สบเมย,แม่ฮ่องสอน,SAN,2025-06-25,ไม่ผ่านเกณฑ์
24ทับ7,ร้านเครื่องดื่ม,สบเมย,สบเมย,แม่ฮ่องสอน,SAN,2024-12-18,รับรอง
ร้านเจ๊นกข้าวมันไก่,ร้านจำหน่ายอาหาร,แม่สวด,สบเมย,แม่ฮ่องสอน,SAN,2025-07-28,รับรอง
ร้านกาแฟสด มิ้นท์ - มุก,ร้านเครื่องดื่ม,แม่สวด,สบเมย,แม่ฮ่องสอน,SAN,2025-06-25,ไม่ผ่านเกณฑ์
ร้านตะวันรัตน์,ร้านจำหน่ายอาหาร,ขุนยวม,ขุนยวม,แม่ฮ่องสอน,SAN,2025-06-27,ไม่ผ่านเกณฑ์
ร้านข้าวราดแกง,ร้านจำหน่ายอาหาร,ขุนยวม,ขุนยวม,แม่ฮ่องสอน,SAN,2025-06-27,ไม่ผ่านเกณฑ์
ครัวน้องกระทิน,ร้านจำหน่ายอาหาร,ขุนยวม,ขุนยวม,แม่ฮ่องสอน,SAN,2025-06-27,ไม่ผ่านเกณฑ์
ร้านฟ้าเพียงดิน,ร้านจำหน่ายอาหาร,ขุนยวม,ขุนยวม,แม่ฮ่องสอน,SAN,2025-06-27,ไม่ผ่านเกณฑ์
ร้านเจ้เฮง,ร้านจำหน่ายอาหาร,ขุนยวม,ขุนยวม,แม่ฮ่องสอน,SAN,2025-06-27,ไม่ผ่านเกณฑ์
กระเพาถาดคากิตุ๋น,ร้านจำหน่ายอาหาร,ขุนยวม,ขุนยวม,แม่ฮ่องสอน,SAN,2025-06-27,ไม่ผ่านเกณฑ์
ร้านทีลอซู,ร้านจำหน่ายอาหาร,ขุนยวม,ขุนยวม,แม่ฮ่องสอน,SAN,2025-06-27,ไม่ผ่านเกณฑ์
ร้านลาบลุงวัย,ร้านจำหน่ายอาหาร,ขุนยวม,ขุนยวม,แม่ฮ่องสอน,SAN,2025-06-27,ไม่ผ่านเกณฑ์
ครัวช่างป้าว,ร้านจำหน่ายอาหาร,ขุนยวม,ขุนยวม,แม่ฮ่องสอน,SAN,2025-06-30,ไม่ผ่านเกณฑ์
ร้านป้าศรี,ร้านจำหน่ายอาหาร,ขุนยวม,ขุนยวม,แม่ฮ่องสอน,SAN,2025-06-30,ไม่ผ่านเกณฑ์
ร้านธนโภชนาปลาสาละวิน,ร้านจำหน่ายอาหาร,ขุนยวม,ขุนยวม,แม่ฮ่องสอน,SAN,2025-06-30,ไม่ผ่านเกณฑ์
ร้านก๋วยเตี๋ยวต้มยำป้าเยาว์,ร้านจำหน่ายอาหาร,ขุนยวม,ขุนยวม,แม่ฮ่องสอน,SAN,2025-03-21,รับรอง
ร้านเกี๋ยวเตี๋ยวแชมป์,ร้านจำหน่ายอาหาร,ขุนยวม,ขุนยวม,แม่ฮ่องสอน,SAN,2025-06-30,ไม่ผ่านเกณฑ์
ปราลีฟาร์ม,ร้านจำหน่ายอาหาร,ขุนยวม,ขุนยวม,แม่ฮ่องสอน,SAN,2025-05-29,รับรอง
ร้านห้วยขวาง,ร้านจำหน่ายอาหาร,ขุนยวม,ขุนยวม,แม่ฮ่องสอน,SAN,2025-06-30,ไม่ผ่านเกณฑ์
ร้านชายสี่หมี่เกี๊ยว,ร้านจำหน่ายอาหาร,ขุนยวม,ขุนยวม,แม่ฮ่องสอน,SAN,2025-06-30,ไม่ผ่านเกณฑ์
ร้านกายวรรณ,ร้านจำหน่ายอาหาร,ขุนยวม,ขุนยวม,แม่ฮ่องสอน,SAN,2025-06-30,ไม่ผ่านเกณฑ์
ร้านอาหารตามสั่งบุญรัตน์,ร้านจำหน่ายอาหาร,ขุนยวม,ขุนยวม,แม่ฮ่องสอน,SAN,2025-06-30,ไม่ผ่านเกณฑ์
ครัวป้าอ้อย,ร้านจำหน่ายอาหาร,ขุนยวม,ขุนยวม,แม่ฮ่องสอน,SAN,2025-06-30,ไม่ผ่านเกณฑ์
นาป่าแปกเรสเตอรอง,ร้านจำหน่ายอาหาร,หมอกจำแป่,เมืองแม่ฮ่องสอน,แม่ฮ่องสอน,SAN,2025-07-27,รับรอง
AT THAN CAFE (โรงพยาบาลธัญญารักษ์แม่ฮ่องสอน),ร้านเครื่องดื่ม,ปางหมู,เมืองแม่ฮ่องสอน,แม่ฮ่องสอน,SAN,2025-01-31,รับรอง
ร้านอาหารชุมชนจีนยูนาน,ร้านจำหน่ายอาหาร,เวียงใต้,ปาย,แม่ฮ่องสอน,SAN,2025-07-07,ไม่ผ่านเกณฑ์
ศาลาหมื่นลี้,ร้านจำหน่ายอาหาร,เวียงใต้,ปาย,แม่ฮ่องสอน,SAN,2025-07-07,ไม่ผ่านเกณฑ์
ไก่ทอดเกาหลี,ร้านจำหน่ายอาหาร,เวียงใต้,ปาย,แม่ฮ่องสอน,SAN,2025-02-13,รับรอง
กาแฟฮิมตาง,ร้านเครื่องดื่ม,เวียงใต้,ปาย,แม่ฮ่องสอน,SAN,2025-02-13,รับรอง
Rose's Roadhouse Pai ,ร้านจำหน่ายอาหาร,เวียงใต้,ปาย,แม่ฮ่องสอน,SAN,2025-02-13,รับรอง
ฟรีเบิร์ดคาเฟ่ปาย Free Bird Cafe Pai ,ร้านจำหน่ายอาหาร,เวียงใต้,ปาย,แม่ฮ่องสอน,SAN,2025-02-13,รับรอง
Fruit Factory ,ร้านจำหน่ายอาหาร,เวียงใต้,ปาย,แม่ฮ่องสอน,SAN,2025-02-13,รับรอง
ร้านหมูกะทะงาไซ,ร้านบุฟเฟ่ต์ (ปิ้งย่าง/ชาบู/สุกี้),เวียงใต้,ปาย,แม่ฮ่องสอน,SAN,2025-02-13,รับรอง
ร้านอาหารพี่แดง,ร้านจำหน่ายอาหาร,เวียงใต้,ปาย,แม่ฮ่องสอน,SAN PLUS,2025-02-14,รับรอง
เจ๊น้องข้าวต้มหม้อดิน,ร้านจำหน่ายอาหาร,เวียงใต้,ปาย,แม่ฮ่องสอน,SAN,2025-05-13,รับรอง
ร้านแขกข้าวมันไก่,ร้านจำหน่ายอาหาร,เวียงใต้,ปาย,แม่ฮ่องสอน,SAN,2025-05-31,รับรอง
ก๋วยเตี๋ยว ลาบ ส้า อาหารตามสั่ง,ร้านจำหน่ายอาหาร,เวียงใต้,ปาย,แม่ฮ่องสอน,SAN,2025-02-14,รับรอง
ก๋วยเตี๋ยวเนื้อตุ๋น,ร้านจำหน่ายอาหาร,เวียงใต้,ปาย,แม่ฮ่องสอน,SAN,2025-02-14,รับรอง
ร้านอาหารตามสั่งจ่าลี,ร้านจำหน่ายอาหาร,เวียงใต้,ปาย,แม่ฮ่องสอน,SAN,2025-07-08,ไม่ผ่านเกณฑ์
ชาหน้าค่าย,ร้านเครื่องดื่ม,เวียงใต้,ปาย,แม่ฮ่องสอน,SAN,2025-02-14,รับรอง
ลานนาคาเฟ่,ร้านเครื่องดื่ม,เวียงใต้,ปาย,แม่ฮ่องสอน,SAN,2025-02-14,รับรอง
ร้านลุงสุรินทร์,ร้านจำหน่ายอาหาร,เวียงใต้,ปาย,แม่ฮ่องสอน,SAN,2025-07-08,ไม่ผ่านเกณฑ์
ชามะเก๋าสาขาแม่ลาหลวง,ร้านเครื่องดื่ม,แม่ลาหลวง,แม่ลาน้อย,แม่ฮ่องสอน,SAN,2025-03-13,รับรอง
Maela Coffee,ร้านจำหน่ายอาหาร,แม่ลาหลวง,แม่ลาน้อย,แม่ฮ่องสอน,SAN,2025-03-13,รับรอง
ร้านฮิมตางท่าผาปุ้ม,อื่นๆ,ท่าผาปุ้ม,แม่ลาน้อย,แม่ฮ่องสอน,SAN,2025-03-18,รับรอง
ร้านอภิญญาพาณิชย์,ร้านจำหน่ายอาหาร,สันติคีรี,แม่ลาน้อย,แม่ฮ่องสอน,SAN,2025-04-17,รับรอง
ร้านจันทร เสมอแข,ร้านจำหน่ายอาหาร,สันติคีรี,แม่ลาน้อย,แม่ฮ่องสอน,SAN,2025-07-17,ไม่ผ่านเกณฑ์
Doi coff417 Cafe&Restaurant,ร้านจำหน่ายอาหาร,สบป่อง,ปางมะผ้า,แม่ฮ่องสอน,SAN,2025-07-15,รับรอง
ร้านนอร์ทเทอร์ฮิลล์,ร้านจำหน่ายอาหาร,สบป่อง,ปางมะผ้า,แม่ฮ่องสอน,SAN,2025-07-15,รับรอง
หับเผย by แม่สะเรียง,ร้านจำหน่ายอาหาร,แม่สะเรียง,แม่สะเรียง,แม่ฮ่องสอน,SAN,2025-05-08,รับรอง
ร้านก๋วยเตี๋ยวบ้านหิน,ร้านจำหน่ายอาหาร,สบป่อง,ปางมะผ้า,แม่ฮ่องสอน,SAN,2025-08-25,ไม่ผ่านเกณฑ์
ข้าวมันไก่สงขลา,ร้านจำหน่ายอาหาร,สบป่อง,ปางมะผ้า,แม่ฮ่องสอน,SAN,2025-08-25,ไม่ผ่านเกณฑ์
น้องนุ่น,ร้านจำหน่ายอาหาร,สบป่อง,ปางมะผ้า,แม่ฮ่องสอน,SAN,2025-08-25,ไม่ผ่านเกณฑ์
ครัวต้นนุ่น,ร้านจำหน่ายอาหาร,สบป่อง,ปางมะผ้า,แม่ฮ่องสอน,SAN,2025-08-25,ไม่ผ่านเกณฑ์
น้องฝ้ายลาบฝาง,ร้านจำหน่ายอาหาร,สบป่อง,ปางมะผ้า,แม่ฮ่องสอน,SAN,2025-08-25,ไม่ผ่านเกณฑ์
จันทร์ศรี,ร้านจำหน่ายอาหาร,สบป่อง,ปางมะผ้า,แม่ฮ่องสอน,SAN,2025-08-25,ไม่ผ่านเกณฑ์
ก๋วยเตี๋ยวเรือกัลยา,ร้านจำหน่ายอาหาร,สบป่อง,ปางมะผ้า,แม่ฮ่องสอน,SAN,2025-08-25,ไม่ผ่านเกณฑ์
ดวงพร,ร้านจำหน่ายอาหาร,สบป่อง,ปางมะผ้า,แม่ฮ่องสอน,SAN,2025-08-25,ไม่ผ่านเกณฑ์
ข้าวมันไก่,ร้านจำหน่ายอาหาร,สบป่อง,ปางมะผ้า,แม่ฮ่องสอน,SAN,2025-08-25,ไม่ผ่านเกณฑ์
สถานีตำแซบ,ร้านจำหน่ายอาหาร,สบป่อง,ปางมะผ้า,แม่ฮ่องสอน,SAN,2025-08-25,ไม่ผ่านเกณฑ์
The farm cafe,ร้านเครื่องดื่ม,สบป่อง,ปางมะผ้า,แม่ฮ่องสอน,SAN,2025-08-25,ไม่ผ่านเกณฑ์
Doi coff417 Cafe&Restaurant,ร้านจำหน่ายอาหาร,สบป่อง,ปางมะผ้า,แม่ฮ่องสอน,SAN,2025-08-25,ไม่ผ่านเกณฑ์
ร้านพี่จำนอง,ร้านจำหน่ายอาหาร,สบป่อง,ปางมะผ้า,แม่ฮ่องสอน,SAN,2025-05-14,รับรอง
โรงครัวโรงพยาบาลปางมะผ้า,โรงอาหาร,สบป่อง,ปางมะผ้า,แม่ฮ่องสอน,SAN,2025-05-14,รับรอง
ครัวกำแพงเพชรโภชนาการ,ร้านจำหน่ายอาหาร,สบป่อง,ปางมะผ้า,แม่ฮ่องสอน,SAN,2025-08-25,ไม่ผ่านเกณฑ์
ก๋วยเตี๋ยวบ้านไร่,ร้านจำหน่ายอาหาร,สบป่อง,ปางมะผ้า,แม่ฮ่องสอน,SAN,2025-08-25,ไม่ผ่านเกณฑ์
แผงลอยก๋วยเตี๋ยวนางแด,ร้านจำหน่ายอาหาร,สบป่อง,ปางมะผ้า,แม่ฮ่องสอน,SAN,2025-05-14,รับรอง
แผงลอยพี่จำนอง,ร้านจำหน่ายอาหาร,สบป่อง,ปางมะผ้า,แม่ฮ่องสอน,SAN,2025-05-14,รับรอง
แผงลอยอ๊ะซังเหมย,ร้านจำหน่ายอาหาร,สบป่อง,ปางมะผ้า,แม่ฮ่องสอน,SAN,2025-05-14,รับรอง
แผงลอยก๋วยเตี๋ยวดีหน่ะ,ร้านจำหน่ายอาหาร,สบป่อง,ปางมะผ้า,แม่ฮ่องสอน,SAN,2025-05-14,รับรอง
แผงลอยนะสี,ศูนย์อาหาร,สบป่อง,ปางมะผ้า,แม่ฮ่องสอน,SAN,2025-08-25,ไม่ผ่านเกณฑ์
ร้านข้าวเหนียวหมูหวาน,ร้านจำหน่ายอาหาร,สบป่อง,ปางมะผ้า,แม่ฮ่องสอน,SAN,2025-05-14,รับรอง
แผงลอยกิตติพงษ์,ร้านจำหน่ายอาหาร,สบป่อง,ปางมะผ้า,แม่ฮ่องสอน,SAN,2025-08-25,ไม่ผ่านเกณฑ์
แผงลอยกิตติพงษ์,ร้านจำหน่ายอาหาร,สบป่อง,ปางมะผ้า,แม่ฮ่องสอน,SAN,2025-08-25,ไม่ผ่านเกณฑ์
แผงลอยจุติพร,ร้านจำหน่ายอาหาร,สบป่อง,ปางมะผ้า,แม่ฮ่องสอน,SAN,2025-08-25,ไม่ผ่านเกณฑ์
แผงลอยนางปี,ร้านจำหน่ายอาหาร,สบป่อง,ปางมะผ้า,แม่ฮ่องสอน,SAN,2025-05-14,รับรอง
ตูบลาบ99,ร้านจำหน่ายอาหาร,สบป่อง,ปางมะผ้า,แม่ฮ่องสอน,SAN,2025-08-25,ไม่ผ่านเกณฑ์
ริมธาร,ร้านจำหน่ายอาหาร,สบป่อง,ปางมะผ้า,แม่ฮ่องสอน,SAN,2025-08-25,ไม่ผ่านเกณฑ์
แผงลอยก๋วยเตี๋ยวพี่หน้อย,ร้านจำหน่ายอาหาร,สบป่อง,ปางมะผ้า,แม่ฮ่องสอน,SAN,2025-05-14,รับรอง
ก๋วยจั๊บปางมะผ้า,ร้านจำหน่ายอาหาร,สบป่อง,ปางมะผ้า,แม่ฮ่องสอน,SAN,2025-08-25,ไม่ผ่านเกณฑ์
ร้านน้องข้าวฟ่าง,ร้านจำหน่ายอาหาร,สบป่อง,ปางมะผ้า,แม่ฮ่องสอน,SAN,2025-05-14,รับรอง
ก๋วยเตี๋ยวรสเด็ด,ร้านจำหน่ายอาหาร,สบป่อง,ปางมะผ้า,แม่ฮ่องสอน,SAN,2025-08-25,ไม่ผ่านเกณฑ์
ส้มตำน้องแจม,ร้านจำหน่ายอาหาร,สบป่อง,ปางมะผ้า,แม่ฮ่องสอน,SAN,2025-05-14,รับรอง
ร้านเจ๊ออย,ศูนย์อาหาร,สบป่อง,ปางมะผ้า,แม่ฮ่องสอน,SAN,2025-05-14,รับรอง
ร้านน้องเตย,ศูนย์อาหาร,สบป่อง,ปางมะผ้า,แม่ฮ่องสอน,SAN,2025-08-25,ไม่ผ่านเกณฑ์
