name,type,subdistrict,district,province,standard,approve_date,status
ร้านกิ่งไผ่ใบตอง,ร้านจำหน่ายอาหาร,ท่าม่วง,ท่าม่วง,กาญจนบุรี,SAN,2023-02-20,ไม่ผ่านเกณฑ์
เวลาชาบู,ร้านบุฟเฟ่ต์ (ปิ้งย่าง/ชาบู/สุกี้),พนมทวน,พนมทวน,กาญจนบุรี,SAN,2023-05-29,ไม่ผ่านเกณฑ์
ร้านครัวอนงค์,ร้านจำหน่ายอาหาร,หนองขาว,ท่าม่วง,กาญจนบุรี,SAN,2024-08-13,ไม่ผ่านเกณฑ์
ร้านไอซ์โภชนา,ร้านจำหน่ายอาหาร,ท่าเสา,ไทรโยค,กาญจนบุรี,SAN,2024-08-13,ไม่ผ่านเกณฑ์
ต้องกาญ คาเฟ่,ร้านจำหน่ายอาหาร,ท่ามะขาม,เมืองกาญจนบุรี,กาญจนบุรี,SAN,2025-05-08,ไม่ผ่านเกณฑ์
cinnamon Coffee,ร้านจำหน่ายอาหาร,ท่ามะขาม,เมืองกาญจนบุรี,กาญจนบุรี,SAN,2023-02-22,ไม่ผ่านเกณฑ์
ครัวภักดีกาญจน์,ร้านจำหน่ายอาหาร,ลาดหญ้า,เมืองกาญจนบุรี,กาญจนบุรี,SAN,2023-02-21,ไม่ผ่านเกณฑ์
อนันดา คาเฟ่,ร้านจำหน่ายอาหาร,ม่วงชุม,ท่าม่วง,กาญจนบุรี,SAN,2023-02-21,ไม่ผ่านเกณฑ์
ครัวบ้านสวนอรุณ,ร้านจำหน่ายอาหาร,ปากแพรก,เมืองกาญจนบุรี,กาญจนบุรี,SAN PLUS,2024-11-06,รับรอง
ครัวชนะศึก,ร้านจำหน่ายอาหาร,หนองขาว,ท่าม่วง,กาญจนบุรี,SAN,2025-04-21,รับรอง
ทุ่งนาปลาเผา,ร้านจำหน่ายอาหาร,พนมทวน,พนมทวน,กาญจนบุรี,SAN,2025-07-01,ไม่ผ่านเกณฑ์
ครัวไทย ไทย,ร้านจำหน่ายอาหาร,รางหวาย,พนมทวน,กาญจนบุรี,SAN,2024-08-13,ไม่ผ่านเกณฑ์
ครัวชุกโดน,ร้านจำหน่ายอาหาร,บ้านใต้,เมืองกาญจนบุรี,กาญจนบุรี,SAN,2025-07-16,รับรอง
The Duck Shabu Cafe,ร้านบุฟเฟ่ต์ (ปิ้งย่าง/ชาบู/สุกี้),ปากแพรก,เมืองกาญจนบุรี,กาญจนบุรี,SAN,2025-07-16,รับรอง
ไร่องุ่น ณ กานดา,ร้านจำหน่ายอาหาร,ปากแพรก,เมืองกาญจนบุรี,กาญจนบุรี,SAN,2023-02-21,ไม่ผ่านเกณฑ์
อิทสมิธ,ร้านจำหน่ายอาหาร,ท่ามะขาม,เมืองกาญจนบุรี,กาญจนบุรี,SAN,2023-02-21,ไม่ผ่านเกณฑ์
รุ่งฤดีตามสั่ง,ร้านจำหน่ายอาหาร,ดอนตาเพชร,พนมทวน,กาญจนบุรี,SAN,2025-07-16,รับรอง
เรณู,ร้านจำหน่ายอาหาร,ท่าเสา,ไทรโยค,กาญจนบุรี,SAN,2025-03-20,ไม่ผ่านเกณฑ์
มานะ มานี ครัวทุ่งนาดี & มานี คาเฟ่,ร้านจำหน่ายอาหาร,หนองขาว,ท่าม่วง,กาญจนบุรี,SAN,2023-03-22,ไม่ผ่านเกณฑ์
โรงพยาบาลสมเด็จพระสังฆราชองค์ที่ 19,โรงอาหาร,ท่าม่วง,ท่าม่วง,กาญจนบุรี,SAN,2024-08-13,ไม่ผ่านเกณฑ์
โก๊เฝวข้าวหมูแดงตลาดเขต,ร้านจำหน่ายอาหาร,รางหวาย,พนมทวน,กาญจนบุรี,SAN,2023-03-28,ไม่ผ่านเกณฑ์
บ้าน บ้าน หมูกะทะ,อื่นๆ,ดอนตาเพชร,พนมทวน,กาญจนบุรี,SAN,2023-05-29,ไม่ผ่านเกณฑ์
ตำทางกาญจน์,ร้านจำหน่ายอาหาร,,ท่าม่วง,กาญจนบุรี,SAN,2023-03-29,ไม่ผ่านเกณฑ์
ร้านบ้านพระนคร,ร้านจำหน่ายอาหาร,ปากแพรก,เมืองกาญจนบุรี,กาญจนบุรี,SAN,2023-03-24,ไม่ผ่านเกณฑ์
ครัวสองเขต,ร้านจำหน่ายอาหาร,รางหวาย,พนมทวน,กาญจนบุรี,SAN,2023-05-29,ไม่ผ่านเกณฑ์
ก๋วยเตี๋ยวเรือ 324,ร้านจำหน่ายอาหาร,พนมทวน,พนมทวน,กาญจนบุรี,SAN,2023-05-29,ไม่ผ่านเกณฑ์
SixTeen Cafe'In Farm,ร้านจำหน่ายอาหาร,พนมทวน,พนมทวน,กาญจนบุรี,SAN,2023-05-29,ไม่ผ่านเกณฑ์
ล้านบ้านไร่พอเพียง,ร้านจำหน่ายอาหาร,ดอนเจดีย์,พนมทวน,กาญจนบุรี,SAN PLUS,2024-06-27,หมดอายุ
สเต็กบ้านนอก,ร้านจำหน่ายอาหาร,พนมทวน,พนมทวน,กาญจนบุรี,SAN,2023-05-29,ไม่ผ่านเกณฑ์
ร้านป้าเฉลียว,ร้านจำหน่ายอาหาร,พังตรุ,ท่าม่วง,กาญจนบุรี,SAN,2025-06-10,รับรอง
ร้านอาหารบ้านทวน,ร้านจำหน่ายอาหาร,พนมทวน,พนมทวน,กาญจนบุรี,SAN,2023-05-29,ไม่ผ่านเกณฑ์
ร้านอาหารครัวตุ๊กตา,ร้านจำหน่ายอาหาร,พนมทวน,พนมทวน,กาญจนบุรี,SAN,2023-05-29,ไม่ผ่านเกณฑ์
ร้านกองฟาง,ร้านจำหน่ายอาหาร,หนองกุ่ม,บ่อพลอย,กาญจนบุรี,SAN,2023-04-01,ไม่ผ่านเกณฑ์
ร้านศรีนวล,ร้านจำหน่ายอาหาร,พังตรุ,พนมทวน,กาญจนบุรี,SAN,2023-05-29,ไม่ผ่านเกณฑ์
สามอนงค์,อื่นๆ,พังตรุ,พนมทวน,กาญจนบุรี,SAN,2023-05-29,ไม่ผ่านเกณฑ์
ดอนดีฟาร์มแกะกาญจนบุรี,ร้านจำหน่ายอาหาร,ดอนเจดีย์,พนมทวน,กาญจนบุรี,SAN,2024-12-09,รับรอง
ดีดี รีสอร์ท (ร้านอาหารบ่อพลอย),ร้านจำหน่ายอาหาร,หนองลู,สังขละบุรี,กาญจนบุรี,SAN,2023-06-06,ไม่ผ่านเกณฑ์
บ้านริมคลองแกงใต้,ร้านจำหน่ายอาหาร,พนมทวน,พนมทวน,กาญจนบุรี,SAN,2024-12-09,รับรอง
The ToTo Bakery,ร้านจำหน่ายอาหาร,รางหวาย,พนมทวน,กาญจนบุรี,SAN,2024-12-09,รับรอง
บลูแซฟไฟร์,สวนอาหาร,ช่องด่าน,บ่อพลอย,กาญจนบุรี,SAN,2024-07-08,ไม่ผ่านเกณฑ์
กรังปรีซ์,ร้านจำหน่ายอาหาร,ช่องด่าน,บ่อพลอย,กาญจนบุรี,SAN,2023-04-01,ไม่ผ่านเกณฑ์
ตำม่วนซื่น,ร้านจำหน่ายอาหาร,หนองรี,บ่อพลอย,กาญจนบุรี,SAN,2023-04-01,ไม่ผ่านเกณฑ์
พรไพลิน ริเวอร์ไซด์ ,ร้านจำหน่ายอาหาร,หนองลู,สังขละบุรี,กาญจนบุรี,SAN,2023-08-22,ไม่ผ่านเกณฑ์
ร้านอาหารศรีแดง,ร้านจำหน่ายอาหาร,หนองลู,สังขละบุรี,กาญจนบุรี,SAN,2023-07-12,ไม่ผ่านเกณฑ์
กาเวียคอฟฟี่,ร้านจำหน่ายอาหาร,ปรังเผล,สังขละบุรี,กาญจนบุรี,SAN,2023-06-06,ไม่ผ่านเกณฑ์
ร้านกูมี,ร้านจำหน่ายอาหาร,หนองกุ่ม,บ่อพลอย,กาญจนบุรี,SAN,2023-04-04,ไม่ผ่านเกณฑ์
สมชายกาแฟสด ,ร้านจำหน่ายอาหาร,หนองลู,สังขละบุรี,กาญจนบุรี,SAN,2023-07-12,ไม่ผ่านเกณฑ์
ร้านอาหารรุ่งอรุณ,ร้านจำหน่ายอาหาร,หนองลู,สังขละบุรี,กาญจนบุรี,SAN,2023-07-12,ไม่ผ่านเกณฑ์
บ้านเนินหินดาด,ร้านจำหน่ายอาหาร,หินดาด,ทองผาภูมิ,กาญจนบุรี,SAN,2024-11-28,รับรอง
ปิ่นทองเอาสแอนด์คาเฟ่,ร้านจำหน่ายอาหาร,หนองปรือ,หนองปรือ,กาญจนบุรี,SAN,2024-01-22,ไม่ผ่านเกณฑ์
ครัวบ้านสวน,ร้านจำหน่ายอาหาร,หนองปรือ,หนองปรือ,กาญจนบุรี,SAN,2023-04-12,ไม่ผ่านเกณฑ์
789 ร้านดาวอังคาร คาเฟ่,ร้านจำหน่ายอาหาร,หนองปรือ,หนองปรือ,กาญจนบุรี,SAN,2023-06-09,ไม่ผ่านเกณฑ์
ลาบเป็ดหนองปลาไหล,ร้านจำหน่ายอาหาร,หนองปลาไหล,หนองปรือ,กาญจนบุรี,SAN,2024-12-04,รับรอง
แปดริ้ว,ร้านจำหน่ายอาหาร,ท่าขนุน,ทองผาภูมิ,กาญจนบุรี,SAN,2025-06-25,รับรอง
ร้านข้าวหมูแดงเฮียกวง,ร้านจำหน่ายอาหาร,ท่าขนุน,ทองผาภูมิ,กาญจนบุรี,SAN,2024-08-28,ไม่ผ่านเกณฑ์
มะไฟคู่รีสอร์ท,ร้านจำหน่ายอาหาร,ท่าขนุน,ทองผาภูมิ,กาญจนบุรี,SAN,2024-08-28,ไม่ผ่านเกณฑ์
สวนรื่นรมย์,ร้านจำหน่ายอาหาร,ท่าขนุน,ทองผาภูมิ,กาญจนบุรี,SAN,2024-08-28,ไม่ผ่านเกณฑ์
ร้านปลาเขื่อน,ร้านจำหน่ายอาหาร,ท่าขนุน,ทองผาภูมิ,กาญจนบุรี,SAN,2024-08-28,ไม่ผ่านเกณฑ์
ครัวแม่ปุ๊,ร้านจำหน่ายอาหาร,ท่าขนุน,ทองผาภูมิ,กาญจนบุรี,SAN,2024-08-28,ไม่ผ่านเกณฑ์
ครัวเงาะป่า,ร้านจำหน่ายอาหาร,ท่าขนุน,ทองผาภูมิ,กาญจนบุรี,SAN,2024-08-28,ไม่ผ่านเกณฑ์
แพวีไอพี,ร้านจำหน่ายอาหาร,ท่าขนุน,ทองผาภูมิ,กาญจนบุรี,SAN,2024-08-28,ไม่ผ่านเกณฑ์
ศรีครัว,ร้านจำหน่ายอาหาร,ท่าขนุน,ทองผาภูมิ,กาญจนบุรี,SAN,2024-08-28,ไม่ผ่านเกณฑ์
109 คาเฟ่,ร้านจำหน่ายอาหาร,ท่าขนุน,ทองผาภูมิ,กาญจนบุรี,SAN,2024-08-28,ไม่ผ่านเกณฑ์
นิศานาถเบเกอรี่,ร้านจำหน่ายอาหาร,ท่าขนุน,ทองผาภูมิ,กาญจนบุรี,SAN,2024-08-27,ไม่ผ่านเกณฑ์
รสชื่นข้าวมันไก่,ร้านจำหน่ายอาหาร,ท่าขนุน,ทองผาภูมิ,กาญจนบุรี,SAN,2024-08-27,ไม่ผ่านเกณฑ์
ราชาบะหมี่เกี๊ยวข้าวหมูแดง,ร้านจำหน่ายอาหาร,ท่าขนุน,ทองผาภูมิ,กาญจนบุรี,SAN,2025-03-10,รับรอง
ร้านน้ำหวาน,ร้านจำหน่ายอาหาร,ท่าขนุน,ทองผาภูมิ,กาญจนบุรี,SAN,2024-08-27,ไม่ผ่านเกณฑ์
ครัวเจ๊ณี,ร้านจำหน่ายอาหาร,ปิล๊อก,ทองผาภูมิ,กาญจนบุรี,SAN,2023-05-09,ไม่ผ่านเกณฑ์
บงตง,ร้านจำหน่ายอาหาร,ท่าขนุน,ทองผาภูมิ,กาญจนบุรี,SAN,2024-08-27,ไม่ผ่านเกณฑ์
ครัววิวสุดแดน,ร้านจำหน่ายอาหาร,ปิล๊อก,ทองผาภูมิ,กาญจนบุรี,SAN,2023-05-09,ไม่ผ่านเกณฑ์
ร้านนายตาล ณ ทองผาภูมิ,ร้านจำหน่ายอาหาร,ท่าขนุน,ทองผาภูมิ,กาญจนบุรี,SAN,2025-06-25,รับรอง
ไร่ทรีโอ,ร้านจำหน่ายอาหาร,ด่านมะขามเตี้ย,ด่านมะขามเตี้ย,กาญจนบุรี,SAN,2024-08-28,ไม่ผ่านเกณฑ์
ก๋วยเตี๋ยวไก่มะระ,ร้านจำหน่ายอาหาร,ด่านมะขามเตี้ย,ด่านมะขามเตี้ย,กาญจนบุรี,SAN,2024-08-28,ไม่ผ่านเกณฑ์
นั่งชิว ท้ายด่าน,ร้านจำหน่ายอาหาร,ด่านมะขามเตี้ย,ด่านมะขามเตี้ย,กาญจนบุรี,SAN,2024-08-28,ไม่ผ่านเกณฑ์
ร้านวาสนาคาเฟ่,สวนอาหาร,ด่านมะขามเตี้ย,ด่านมะขามเตี้ย,กาญจนบุรี,SAN,2024-08-28,ไม่ผ่านเกณฑ์
ร้านครัวตะวัน,ร้านจำหน่ายอาหาร,บ่อพลอย,บ่อพลอย,กาญจนบุรี,SAN,2025-01-09,รับรอง
บ้านก้อง ครัวริมน้ำ,ร้านจำหน่ายอาหาร,หวายเหนียว,ท่ามะกา,กาญจนบุรี,SAN,2025-01-20,ไม่ผ่านเกณฑ์
ร้านกบทอด,ร้านจำหน่ายอาหาร,หวายเหนียว,ท่ามะกา,กาญจนบุรี,SAN,2025-01-30,ไม่ผ่านเกณฑ์
Aura cafe the gang ,ร้านจำหน่ายอาหาร,บ่อพลอย,บ่อพลอย,กาญจนบุรี,SAN,2025-02-28,รับรอง
สวนอาหารข้าวปั้น,สวนอาหาร,หวายเหนียว,ท่ามะกา,กาญจนบุรี,SAN,2025-02-28,รับรอง
โก๊ขิวราชากบทอด,ร้านจำหน่ายอาหาร,หวายเหนียว,ท่ามะกา,กาญจนบุรี,SAN,2025-02-28,รับรอง
ครัวดาบลอ,ร้านจำหน่ายอาหาร,พนมทวน,พนมทวน,กาญจนบุรี,SAN PLUS,2025-05-06,รับรอง
ขาหมูไหหลำลำน้ำทวน,ร้านจำหน่ายอาหาร,พนมทวน,พนมทวน,กาญจนบุรี,SAN,2025-03-31,รับรอง
ครัวป้าเงาะลั่นทุ่ง,ร้านจำหน่ายอาหาร,เลาขวัญ,เลาขวัญ,กาญจนบุรี,SAN,2023-05-15,ไม่ผ่านเกณฑ์
ครัวริมบึง,ร้านจำหน่ายอาหาร,ตะคร้ำเอน,ท่ามะกา,กาญจนบุรี,SAN,2023-05-16,ไม่ผ่านเกณฑ์
ชมสะพาน(สวนไทรโยค รีสอร์ท),ร้านจำหน่ายอาหาร,ลุ่มสุ่ม,ไทรโยค,กาญจนบุรี,SAN,2025-03-20,ไม่ผ่านเกณฑ์
มิตรภาพ,ร้านจำหน่ายอาหาร,หนองลู,สังขละบุรี,กาญจนบุรี,SAN,2023-06-06,ไม่ผ่านเกณฑ์
แมกไม้ รีสอร์ต,ร้านจำหน่ายอาหาร,หนองลู,สังขละบุรี,กาญจนบุรี,SAN,2025-04-09,รับรอง
สามประสบ,ร้านจำหน่ายอาหาร,หนองลู,สังขละบุรี,กาญจนบุรี,SAN,2025-07-01,รับรอง
ร้านเจ๊น้อย,ร้านจำหน่ายอาหาร,หนองลู,สังขละบุรี,กาญจนบุรี,มาตรฐาน SAN,2023-06-07,หมดอายุ
ร้านป้าทองหล่อ,ร้านจำหน่ายอาหาร,หนองลู,สังขละบุรี,กาญจนบุรี,SAN,2025-02-19,รับรอง
ตำอร่อย,ร้านจำหน่ายอาหาร,หนองลู,สังขละบุรี,กาญจนบุรี,SAN,2023-06-06,ไม่ผ่านเกณฑ์
ซองกาเลีย รีสอร์ท,ร้านจำหน่ายอาหาร,หนองลู,สังขละบุรี,กาญจนบุรี,SAN,2023-06-29,ไม่ผ่านเกณฑ์
Korean Restaurant Lee's Kitchen,ร้านจำหน่ายอาหาร,หนองลู,สังขละบุรี,กาญจนบุรี,SAN,2023-06-30,ไม่ผ่านเกณฑ์
เบอมิซอินท์,ร้านจำหน่ายอาหาร,หนองลู,สังขละบุรี,กาญจนบุรี,SAN,2024-10-22,รับรอง
ร้านนครปฐม,ร้านจำหน่ายอาหาร,หนองลู,สังขละบุรี,กาญจนบุรี,SAN,2024-10-22,รับรอง
ส้มตำคำชะโนด,สวนอาหาร,ดอนแสลบ,ห้วยกระเจา,กาญจนบุรี,SAN,2023-09-22,ไม่ผ่านเกณฑ์
ร้านเตี๋ยว ตุ๋น แมวมอง,ร้านจำหน่ายอาหาร,ดอนแสลบ,ห้วยกระเจา,กาญจนบุรี,SAN,2023-09-22,ไม่ผ่านเกณฑ์
ครัว 81,ร้านจำหน่ายอาหาร,สระลงเรือ,ห้วยกระเจา,กาญจนบุรี,มาตรฐาน SAN,2023-09-22,หมดอายุ
ร้านตำป่าห้วยยาง,ร้านจำหน่ายอาหาร,สระลงเรือ,ห้วยกระเจา,กาญจนบุรี,SAN,2023-09-22,ไม่ผ่านเกณฑ์
Rainbow House,ร้านเครื่องดื่ม,ลุ่มสุ่ม,ไทรโยค,กาญจนบุรี,มาตรฐาน SAN,2023-05-31,หมดอายุ
ร้านอาหารคุณตอย,ร้านจำหน่ายอาหาร,หนองลู,สังขละบุรี,กาญจนบุรี,SAN,2024-10-22,รับรอง
แฟกะเตี๋ยว Black Coffee,ร้านจำหน่ายอาหาร,หนองโสน,เลาขวัญ,กาญจนบุรี,SAN,2024-10-22,รับรอง
peemai steak&coffee,ร้านจำหน่ายอาหาร,เลาขวัญ,เลาขวัญ,กาญจนบุรี,มาตรฐาน SAN,2023-08-21,หมดอายุ
ริมน้ำคาเฟ่,ร้านเครื่องดื่ม,ลุ่มสุ่ม,ไทรโยค,กาญจนบุรี,SAN,2023-05-31,ไม่ผ่านเกณฑ์
ห้องเครื่องศรีชัยยะปุระ,สวนอาหาร,แก่งเสี้ยน,เมืองกาญจนบุรี,กาญจนบุรี,SAN,2023-06-19,ไม่ผ่านเกณฑ์
คาเฟ่ริมบัว,ร้านจำหน่ายอาหาร,ม่วงชุม,ท่าม่วง,กาญจนบุรี,SAN,2023-06-09,ไม่ผ่านเกณฑ์
รักษ์คันนา,ร้านจำหน่ายอาหาร,ม่วงชุม,ท่าม่วง,กาญจนบุรี,SAN,2023-06-09,ไม่ผ่านเกณฑ์
มาตะกาญจน์,ร้านจำหน่ายอาหาร,ม่วงชุม,ท่าม่วง,กาญจนบุรี,SAN,2023-06-09,ไม่ผ่านเกณฑ์
แพนด้า คาเฟ่,ร้านจำหน่ายอาหาร,หนองปรือ,หนองปรือ,กาญจนบุรี,SAN,2025-01-30,รับรอง
โทมิ เอโดะ พาร์ค,ร้านจำหน่ายอาหาร,ม่วงชุม,ท่าม่วง,กาญจนบุรี,มาตรฐาน SAN,2023-06-22,หมดอายุ
The Village Farm To Cafe,ร้านจำหน่ายอาหาร,หนองบัว,เมืองกาญจนบุรี,กาญจนบุรี,SAN,2025-05-07,รับรอง
คีรีมันตรา,ร้านจำหน่ายอาหาร,หนองบัว,เมืองกาญจนบุรี,กาญจนบุรี,มาตรฐาน SAN,2023-06-29,หมดอายุ
ดิน คาเฟ่,ร้านจำหน่ายอาหาร,แก่งเสี้ยน,เมืองกาญจนบุรี,กาญจนบุรี,มาตรฐาน SAN,2025-06-30,หมดอายุ
CHAN Nature Cafe,ร้านจำหน่ายอาหาร,หนองบัว,เมืองกาญจนบุรี,กาญจนบุรี,SAN,2025-07-09,รับรอง
คีรีธารา ริเวอร์ ไซด์,ร้านจำหน่ายอาหาร,ท่ามะขาม,เมืองกาญจนบุรี,กาญจนบุรี,SAN,2023-06-29,ไม่ผ่านเกณฑ์
คีรีธารา รีทรีต,ร้านจำหน่ายอาหาร,ท่ามะขาม,เมืองกาญจนบุรี,กาญจนบุรี,SAN,2023-06-29,ไม่ผ่านเกณฑ์
แควใหญ่,ร้านจำหน่ายอาหาร,ท่ากระดาน,ศรีสวัสดิ์,กาญจนบุรี,SAN,2025-01-13,รับรอง
บ้านต้นน้ำ,ร้านจำหน่ายอาหาร,ท่ากระดาน,ศรีสวัสดิ์,กาญจนบุรี,SAN,2025-05-07,รับรอง
ครัวอิงภูผา,ร้านจำหน่ายอาหาร,ท่ากระดาน,ศรีสวัสดิ์,กาญจนบุรี,SAN,2025-05-07,รับรอง
ครัวอนันตาริเวอร์ฮิลล์,ร้านจำหน่ายอาหาร,ท่ากระดาน,ศรีสวัสดิ์,กาญจนบุรี,SAN,2025-01-13,รับรอง
สไบนาง,ร้านจำหน่ายอาหาร,ท่ากระดาน,ศรีสวัสดิ์,กาญจนบุรี,SAN,2025-01-13,รับรอง
The Hub Erawan,ร้านจำหน่ายอาหาร,ท่ากระดาน,ศรีสวัสดิ์,กาญจนบุรี,มาตรฐาน SAN,2023-09-21,หมดอายุ
ลีฟ เลคกาญจน์ รีสอร์ท,ร้านจำหน่ายอาหาร,ท่ากระดาน,ศรีสวัสดิ์,กาญจนบุรี,SAN,2023-09-20,ไม่ผ่านเกณฑ์
ทอสีเลคฮิล,ร้านจำหน่ายอาหาร,ท่ากระดาน,ศรีสวัสดิ์,กาญจนบุรี,SAN,2025-01-13,รับรอง
แพเพชรฟ้ารีสอร์ท,ร้านจำหน่ายอาหาร,ท่ากระดาน,ศรีสวัสดิ์,กาญจนบุรี,SAN,2025-01-13,รับรอง
เลคเฮฟเว่น รีสอร์ท,ร้านจำหน่ายอาหาร,ท่ากระดาน,ศรีสวัสดิ์,กาญจนบุรี,SAN,2025-01-13,รับรอง
ราตรี,ร้านจำหน่ายอาหาร,พนมทวน,พนมทวน,กาญจนบุรี,SAN,2025-05-13,รับรอง
ร้านน้องปิ่นบุฟเฟย์,ร้านจำหน่ายอาหาร,ห้วยกระเจา,ห้วยกระเจา,กาญจนบุรี,SAN,2025-05-13,รับรอง
ร้านป้าสรข้าวขาหมู,ร้านจำหน่ายอาหาร,ห้วยกระเจา,ห้วยกระเจา,กาญจนบุรี,SAN,2025-05-13,รับรอง
ร้านเตี๋ยว ต้ม ตุ๋น,ร้านจำหน่ายอาหาร,ห้วยกระเจา,ห้วยกระเจา,กาญจนบุรี,SAN,2025-05-13,รับรอง
ครัวอีหญิง,ร้านจำหน่ายอาหาร,ห้วยกระเจา,ห้วยกระเจา,กาญจนบุรี,SAN,2024-12-04,รับรอง
ก๋วยเตี๋ยวเรือคุณเด่น ,ศูนย์อาหาร,ปากแพรก,เมืองกาญจนบุรี,กาญจนบุรี,SAN,2025-05-15,รับรอง
NOK/M Rหารตามสั่ง (ห้างสรรพสินค้าเทสโก้ โลตัส สาขา กาญจนบุรี),ศูนย์อาหาร,ปากแพรก,เมืองกาญจนบุรี,กาญจนบุรี,SAN,2025-07-02,รับรอง
ครัวบุญส่ง,ร้านจำหน่ายอาหาร,ทุ่งกระบ่ำ,เลาขวัญ,กาญจนบุรี,SAN,2023-08-21,ไม่ผ่านเกณฑ์
Mama Bee ข้าวคลุกน้ำพริก (ศูนย์อาหารห้างสรรพสินค้าเทสโก้ โลตัส อ.เมืองกาญจนบุรี),ศูนย์อาหาร,ปากแพรก,เมืองกาญจนบุรี,กาญจนบุรี,SAN,2023-07-07,ไม่ผ่านเกณฑ์
ข้าวขาหมู แม่วิไร  (ศูนย์อาหารห้างสรรพสินค้าเทสโก้ โลตัส สาขา กาญจนบุรี),ศูนย์อาหาร,ปากแพรก,เมืองกาญจนบุรี,กาญจนบุรี,SAN,2023-07-06,ไม่ผ่านเกณฑ์
    ราดหน้าหมูหมักยอดผักสุกี้ อ้นเช็คอิน ,ศูนย์อาหาร,ปากแพรก,เมืองกาญจนบุรี,กาญจนบุรี,SAN,2023-07-06,ไม่ผ่านเกณฑ์
ป.ส้มตำยำแซ่บ ,ศูนย์อาหาร,ปากแพรก,เมืองกาญจนบุรี,กาญจนบุรี,SAN,2023-07-06,ไม่ผ่านเกณฑ์
โกเบ๊ ข้าวมันไก่ ,ศูนย์อาหาร,ปากแพรก,เมืองกาญจนบุรี,กาญจนบุรี,SAN,2023-07-06,ไม่ผ่านเกณฑ์
แม่เล็ก ข้าวใหม่ อาหารชุด  (ศูนย์อาหารห้างสรรพสินค้าเทสโก้ โลตัส สาขา กาญจนบุรี),ศูนย์อาหาร,ปากแพรก,เมืองกาญจนบุรี,กาญจนบุรี,SAN,2023-07-06,ไม่ผ่านเกณฑ์
ก๋วยเตี๋ยวไก่มะระนายโจ( ศูนย์อาหารห้างสรรพสินค้าเทสโก้ โลตัส อ.เมืองกาญจนบุรี),ศูนย์อาหาร,ปากแพรก,เมืองกาญจนบุรี,กาญจนบุรี,SAN,2023-07-06,ไม่ผ่านเกณฑ์
ร้านลูกชิ้นทิพย์ (ศูนย์อาหารห้างสรรพสินค้าเทสโก้ โลตัส อ.เมืองกาญจนบุรี),ศูนย์อาหาร,ปากแพรก,เมืองกาญจนบุรี,กาญจนบุรี,SAN,2023-07-06,ไม่ผ่านเกณฑ์
หมูกรอบ น้องอัญชัน (ศูนย์อาหารห้างสรรพสินค้าเทสโก้ โลตัส สาขา กาญจนบุรี),ศูนย์อาหาร,ปากแพรก,เมืองกาญจนบุรี,กาญจนบุรี,SAN,2025-05-15,รับรอง
ก๋วยเตี๋ยวลูกชิ้นหมู (ศูนย์อาหารห้างสรรพสินค้าเทสโก้ โลตัส อ.เมืองกาญจนบุรี),ศูนย์อาหาร,ปากแพรก,เมืองกาญจนบุรี,กาญจนบุรี,SAN,2023-07-06,ไม่ผ่านเกณฑ์
ครัวครูอ๊อดอาหารป่าละเมาะ,ร้านจำหน่ายอาหาร,หนองฝ้าย,เลาขวัญ,กาญจนบุรี,SAN,2023-08-21,ไม่ผ่านเกณฑ์
เครื่องดื่ม-ของว่าง( ศูนย์อาหารห้างสรรพสินค้าเทสโก้ โลตัส อ.เมืองกาญจนบุรี),ศูนย์อาหาร,บ้านใต้,เมืองกาญจนบุรี,กาญจนบุรี,SAN,2025-05-15,รับรอง
ร้านถังนม  (ศูนย์อาหารห้างสรรพสินค้าเทสโก้ โลตัส สาขา กาญจนบุรี),ศูนย์อาหาร,ปากแพรก,เมืองกาญจนบุรี,กาญจนบุรี,SAN,2025-06-27,รับรอง
ดาริ๊งซูชิวงล้อ (ศูนย์อาหารห้างสรรพสินค้าเทสโก้ โลตัส อ.เมืองกาญจนบุรี),ศูนย์อาหาร,ปากแพรก,เมืองกาญจนบุรี,กาญจนบุรี,SAN,2025-05-15,รับรอง
เพาะรัก คาเฟ่,ร้านจำหน่ายอาหาร,ทุ่งกระบ่ำ,เลาขวัญ,กาญจนบุรี,SAN,2023-08-21,ไม่ผ่านเกณฑ์
บาร์น้ำ Big C,ศูนย์อาหาร,ท่ามะขาม,เมืองกาญจนบุรี,กาญจนบุรี,SAN,2023-07-14,ไม่ผ่านเกณฑ์
Mulberry Mellow,ร้านจำหน่ายอาหาร,เกาะสำโรง,เมืองกาญจนบุรี,กาญจนบุรี,SAN,2024-02-04,ไม่ผ่านเกณฑ์
Coco river kwae cafe ,ร้านจำหน่ายอาหาร,ท่ามะขาม,เมืองกาญจนบุรี,กาญจนบุรี,SAN,2023-07-25,ไม่ผ่านเกณฑ์
Kan Machi Cafe,ร้านจำหน่ายอาหาร,ท่ามะขาม,เมืองกาญจนบุรี,กาญจนบุรี,SAN,2025-01-31,รับรอง
ธัญญาคาเฟ่ (Thanya cafe),ร้านจำหน่ายอาหาร,แก่งเสี้ยน,เมืองกาญจนบุรี,กาญจนบุรี,SAN,2025-01-31,รับรอง
เคียวได ยากินิกุ,ร้านจำหน่ายอาหาร,บ้านใต้,เมืองกาญจนบุรี,กาญจนบุรี,SAN,2023-10-06,ไม่ผ่านเกณฑ์
Kando Japanese House,ร้านจำหน่ายอาหาร,ท่าม่วง,ท่าม่วง,กาญจนบุรี,SAN,2024-08-13,ไม่ผ่านเกณฑ์
ห้องอาหารใหม่ฟ้า,ร้านจำหน่ายอาหาร,ปากแพรก,เมืองกาญจนบุรี,กาญจนบุรี,SAN,2023-11-15,ไม่ผ่านเกณฑ์
บะกุ๊ดเต๋ไก่สับเบตง (ณิสาโภชนา),ร้านจำหน่ายอาหาร,ปากแพรก,เมืองกาญจนบุรี,กาญจนบุรี,SAN,2024-02-20,ไม่ผ่านเกณฑ์
เสวาสภาโจ๊ก,ร้านจำหน่ายอาหาร,หนองปรือ,หนองปรือ,กาญจนบุรี,SAN,2024-03-15,ไม่ผ่านเกณฑ์
ร้านทุ่งนาปลาเผา,ร้านจำหน่ายอาหาร,พนมทวน,พนมทวน,กาญจนบุรี,SAN,2025-07-30,รับรอง
ร้านบานาน่าฟาร์ม,ร้านจำหน่ายอาหาร,ทุ่งสมอ,พนมทวน,กาญจนบุรี,SAN,2025-07-30,รับรอง
เจ้พัช ต้มเลือดหมู จิงจูฉ่าย,ร้านจำหน่ายอาหาร,ท่าเรือ,ท่ามะกา,กาญจนบุรี,SAN,2024-05-21,ไม่ผ่านเกณฑ์
เจ้เรียม เย็นตาโฟ,ร้านจำหน่ายอาหาร,ท่าเรือ,ท่ามะกา,กาญจนบุรี,SAN PLUS,2025-06-16,รับรอง
ผัดไทยโบราณสูตรแม่ประนอม,ร้านจำหน่ายอาหาร,ท่าเรือ,ท่ามะกา,กาญจนบุรี,SAN,2024-05-21,ไม่ผ่านเกณฑ์
ท่าเรือโอชา,ร้านจำหน่ายอาหาร,ท่าเรือ,ท่ามะกา,กาญจนบุรี,มาตรฐาน SAN,2024-05-21,หมดอายุ
BaanBam บ้านแบม Cafe & Bistro,ร้านจำหน่ายอาหาร,ตะคร้ำเอน,ท่ามะกา,กาญจนบุรี,SAN,2025-02-03,รับรอง
บ้านชาบู,ร้านบุฟเฟ่ต์ (ปิ้งย่าง/ชาบู/สุกี้),ตะคร้ำเอน,ท่ามะกา,กาญจนบุรี,SAN,2025-07-07,รับรอง
โคกุม่ะ คลับคาเฟ่,ร้านจำหน่ายอาหาร,ท่าเรือ,ท่ามะกา,กาญจนบุรี,SAN,2024-05-21,ไม่ผ่านเกณฑ์
เฝอ อินเตอร์,ร้านบุฟเฟ่ต์ (ปิ้งย่าง/ชาบู/สุกี้),ท่าเรือ,ท่ามะกา,กาญจนบุรี,SAN,2024-05-22,ไม่ผ่านเกณฑ์
ขนมจีนเจ๊เล็ก,ร้านจำหน่ายอาหาร,ท่าเรือ,ท่ามะกา,กาญจนบุรี,SAN,2024-05-23,ไม่ผ่านเกณฑ์
เย็นตาโฟ ป้าเล็ก,ร้านจำหน่ายอาหาร,ท่าเรือ,ท่ามะกา,กาญจนบุรี,มาตรฐาน SAN,2024-05-23,หมดอายุ
ลูกชิ้นเนื้อ,ร้านจำหน่ายอาหาร,ท่าเรือ,ท่ามะกา,กาญจนบุรี,SAN,2024-05-25,ไม่ผ่านเกณฑ์
ออนเดอะเวย์ คาเฟ่เชียงใหม่,ร้านจำหน่ายอาหาร,ท่าเรือ,ท่ามะกา,กาญจนบุรี,มาตรฐาน SAN,2024-05-25,หมดอายุ
นิยมหวาน,ร้านเครื่องดื่ม,ท่าเรือ,ท่ามะกา,กาญจนบุรี,SAN,2024-05-25,ไม่ผ่านเกณฑ์
ก๋วยจั๋บหมูกรอบ,ร้านจำหน่ายอาหาร,ท่าเรือ,ท่ามะกา,กาญจนบุรี,SAN,2024-10-16,รับรอง
ล้ออยู่เฮง,ร้านจำหน่ายอาหาร,ท่าเรือ,ท่ามะกา,กาญจนบุรี,SAN,2024-10-16,รับรอง
ครัวปลื้มใจ,ร้านจำหน่ายอาหาร,ท่าเรือ,ท่ามะกา,กาญจนบุรี,SAN,2024-05-27,ไม่ผ่านเกณฑ์
จิ๊ดจ๊าด สารพัดยำ ตำ ลาบ,ร้านจำหน่ายอาหาร,ท่าเรือ,ท่ามะกา,กาญจนบุรี,SAN,2024-05-27,ไม่ผ่านเกณฑ์
ก๋วยเตี๋ยวเรือจี๊ดจ๊าด,ร้านจำหน่ายอาหาร,ท่าเรือ,ท่ามะกา,กาญจนบุรี,SAN,2024-05-27,ไม่ผ่านเกณฑ์
แอทโฮม,ร้านเครื่องดื่ม,ท่าเรือ,ท่ามะกา,กาญจนบุรี,SAN,2024-05-28,ไม่ผ่านเกณฑ์
ส้มตำม่วนแต๊,ร้านจำหน่ายอาหาร,ท่าเรือ,ท่ามะกา,กาญจนบุรี,SAN,2024-05-28,ไม่ผ่านเกณฑ์
เจ้เผือก,ร้านจำหน่ายอาหาร,ท่าเรือ,ท่ามะกา,กาญจนบุรี,SAN,2024-05-28,ไม่ผ่านเกณฑ์
นิว ซูชิท่าเรือ,ร้านจำหน่ายอาหาร,ตะคร้ำเอน,ท่ามะกา,กาญจนบุรี,SAN,2024-05-28,ไม่ผ่านเกณฑ์
สเต็กข้างกรุง,ร้านจำหน่ายอาหาร,ท่าเรือ,ท่ามะกา,กาญจนบุรี,SAN,2024-05-28,ไม่ผ่านเกณฑ์
มุ่ยหลี,ร้านจำหน่ายอาหาร,ท่าเรือ,ท่ามะกา,กาญจนบุรี,SAN,2024-05-28,ไม่ผ่านเกณฑ์
คาเฟ่อเมซอน(ปั้มปตท.นกขมิ้น),ร้านเครื่องดื่ม,ตะคร้ำเอน,ท่ามะกา,กาญจนบุรี,SAN,2024-05-28,ไม่ผ่านเกณฑ์
กาแฟบ้านสวน,ร้านจำหน่ายอาหาร,ตะคร้ำเอน,ท่ามะกา,กาญจนบุรี,SAN,2024-05-28,ไม่ผ่านเกณฑ์
ร้านก๋วยเตี๋ยวหมูต้มยำโบราณ เจ๊เฮียง,ร้านจำหน่ายอาหาร,ท่าเรือ,ท่ามะกา,กาญจนบุรี,SAN,2024-05-28,ไม่ผ่านเกณฑ์
ร้านก๋วยเตี๋ยวติดแอร์,ร้านจำหน่ายอาหาร,ท่าเรือ,ท่ามะกา,กาญจนบุรี,SAN,2024-05-28,ไม่ผ่านเกณฑ์
ร้านไฮท์สเต็ก แอนด์ คอฟฟี่,ร้านจำหน่ายอาหาร,ท่าเรือ,ท่ามะกา,กาญจนบุรี,SAN,2024-05-28,ไม่ผ่านเกณฑ์
BH FARM CAFE,ร้านจำหน่ายอาหาร,เลาขวัญ,เลาขวัญ,กาญจนบุรี,SAN,2024-05-30,ไม่ผ่านเกณฑ์
บ้านเลาเตาดิน,ร้านจำหน่ายอาหาร,เลาขวัญ,เลาขวัญ,กาญจนบุรี,SAN,2024-05-30,ไม่ผ่านเกณฑ์
ครัวป้าเงาะลั่นทุ่ง,ร้านจำหน่ายอาหาร,เลาขวัญ,เลาขวัญ,กาญจนบุรี,มาตรฐาน SAN,2024-05-30,หมดอายุ
แฟกะเตี๋ยว Black Coffee,ร้านจำหน่ายอาหาร,หนองโสน,เลาขวัญ,กาญจนบุรี,มาตรฐาน SAN,2024-05-30,หมดอายุ
ครัวครูอ๊อดอาหารป่าละเมาะ,ร้านจำหน่ายอาหาร,หนองฝ้าย,เลาขวัญ,กาญจนบุรี,มาตรฐาน SAN,2024-05-30,หมดอายุ
ครัวบุญส่ง,ร้านจำหน่ายอาหาร,ทุ่งกระบ่ำ,เลาขวัญ,กาญจนบุรี,มาตรฐาน SAN,2024-05-30,หมดอายุ
ครัวบ้านนา,ร้านจำหน่ายอาหาร,เลาขวัญ,เลาขวัญ,กาญจนบุรี,มาตรฐาน SAN,2024-05-30,หมดอายุ
Peemai steak&coffee,ร้านจำหน่ายอาหาร,เลาขวัญ,เลาขวัญ,กาญจนบุรี,มาตรฐาน SAN,2024-05-30,หมดอายุ
เพาะรัก คาเฟ่,ร้านเครื่องดื่ม,ทุ่งกระบ่ำ,เลาขวัญ,กาญจนบุรี,SAN PLUS,2024-05-21,หมดอายุ
กรังด์ปรีกอล์ฟคลับ,ร้านจำหน่ายอาหาร,บ่อพลอย,บ่อพลอย,กาญจนบุรี,SAN,2024-06-13,ไม่ผ่านเกณฑ์
เรือนเขาแหลม,ร้านจำหน่ายอาหาร,ท่าขนุน,ทองผาภูมิ,กาญจนบุรี,มาตรฐาน SAN,2024-06-11,หมดอายุ
ครัวบ้านสวน,สวนอาหาร,แก่งเสี้ยน,เมืองกาญจนบุรี,กาญจนบุรี,มาตรฐาน SAN,2024-07-01,หมดอายุ
ร้านอาหารครัวตุ๊กตา,ร้านจำหน่ายอาหาร,พนมทวน,พนมทวน,กาญจนบุรี,มาตรฐาน SAN,2024-06-20,หมดอายุ
ร้านป้าทับทิม,ร้านจำหน่ายอาหาร,ท่าเรือ,ท่ามะกา,กาญจนบุรี,SAN,2024-06-20,ไม่ผ่านเกณฑ์
ร้านราตรีข้าวเกรียบปากหม้อ,ร้านจำหน่ายอาหาร,ท่าเรือ,ท่ามะกา,กาญจนบุรี,SAN,2025-02-10,รับรอง
ร้านก๋วยเตี๋ยวเนื้อตุ๋นเกาเหลาเลือดหมู โกฟุง ต้มเนื้อระดับตำนาน,ร้านจำหน่ายอาหาร,ท่าเรือ,ท่ามะกา,กาญจนบุรี,มาตรฐาน SAN,2024-06-20,หมดอายุ
ร้านเตี๋ยวตกมุงจาก,ร้านจำหน่ายอาหาร,ท่าเรือ,ท่ามะกา,กาญจนบุรี,มาตรฐาน SAN,2024-06-20,หมดอายุ
ร้านโก๊วิว อาหารตามสั่ง,ร้านจำหน่ายอาหาร,ท่าเรือ,ท่ามะกา,กาญจนบุรี,มาตรฐาน SAN,2024-06-20,หมดอายุ
ร้านครัวลุงหนวดท่าเรือ,ร้านจำหน่ายอาหาร,ท่าเรือ,ท่ามะกา,กาญจนบุรี,มาตรฐาน SAN,2024-06-20,หมดอายุ
ร้านเบิร์ดยกซด ก๋วยเตี๋ยวเรือ-หมูน้ำตก,ร้านจำหน่ายอาหาร,ท่าเรือ,ท่ามะกา,กาญจนบุรี,มาตรฐาน SAN,2024-06-24,หมดอายุ
ร้านอาหารป้าหนัก,ร้านจำหน่ายอาหาร,ท่าเรือ,ท่ามะกา,กาญจนบุรี,มาตรฐาน SAN,2024-06-24,หมดอายุ
บ้านส้มตำหลังเทศบาล,ร้านจำหน่ายอาหาร,ท่าเรือ,ท่ามะกา,กาญจนบุรี,มาตรฐาน SAN,2024-06-24,หมดอายุ
ร้านข้าวเลือดหมูพันล้าน,ร้านจำหน่ายอาหาร,ท่าเรือ,ท่ามะกา,กาญจนบุรี,มาตรฐาน SAN,2024-06-24,หมดอายุ
ร้านโหยหมูกระทะ,ร้านบุฟเฟ่ต์ (ปิ้งย่าง/ชาบู/สุกี้),ท่าเรือ,ท่ามะกา,กาญจนบุรี,มาตรฐาน SAN,2024-06-24,หมดอายุ
ร้านก๋วยเตี๋ยวต้มยำไข่ สูตรมะนาว,ร้านจำหน่ายอาหาร,ท่าเรือ,ท่ามะกา,กาญจนบุรี,SAN,2024-06-24,ไม่ผ่านเกณฑ์
ร้านเจ้นก ก๋วยเตี๋ยวเรือ หมูตุ๋น อาหารตามสั่ง,ร้านจำหน่ายอาหาร,ท่าเรือ,ท่ามะกา,กาญจนบุรี,SAN,2024-06-24,ไม่ผ่านเกณฑ์
ข้าวมันไก่ (ศูนย์อาหาร TMK),ศูนย์อาหาร,ท่ามะขาม,เมืองกาญจนบุรี,กาญจนบุรี,SAN,2024-06-24,ไม่ผ่านเกณฑ์
Westory,ร้านจำหน่ายอาหาร,ปากแพรก,เมืองกาญจนบุรี,กาญจนบุรี,มาตรฐาน SAN,2024-06-25,หมดอายุ
สวนอาหาร Princess,ร้านจำหน่ายอาหาร,แก่งเสี้ยน,เมืองกาญจนบุรี,กาญจนบุรี,SAN,2024-06-25,ไม่ผ่านเกณฑ์
ก๋วยเตี๋ยวเป็ดปราโมทย์,ร้านจำหน่ายอาหาร,ท่าม่วง,ท่าม่วง,กาญจนบุรี,มาตรฐาน SAN,2024-06-25,หมดอายุ
ร้านปอยหลวง,ร้านจำหน่ายอาหาร,ท่าม่วง,ท่าม่วง,กาญจนบุรี,มาตรฐาน SAN,2024-06-25,หมดอายุ
ร้านเเก้วของฝากกาญจนบุรี,ร้านจำหน่ายอาหาร,วังศาลา,ท่าม่วง,กาญจนบุรี,มาตรฐาน SAN,2024-06-25,หมดอายุ
ครัวขาม อาหารป่า No.๑,ร้านจำหน่ายอาหาร,ปากแพรก,เมืองกาญจนบุรี,กาญจนบุรี,SAN,2025-06-13,รับรอง
SixTeen Cafe'In Farm,ร้านจำหน่ายอาหาร,พนมทวน,พนมทวน,กาญจนบุรี,มาตรฐาน SAN,2024-06-27,หมดอายุ
ก๋วยเตี๋ยวเรือ 324,ร้านจำหน่ายอาหาร,พนมทวน,พนมทวน,กาญจนบุรี,มาตรฐาน SAN,2024-06-27,หมดอายุ
บ้านริมคลองแกงใต้,ร้านจำหน่ายอาหาร,พนมทวน,พนมทวน,กาญจนบุรี,SAN,2024-06-27,ไม่ผ่านเกณฑ์
ร้านอาหารบ้านทวน,ร้านจำหน่ายอาหาร,พนมทวน,พนมทวน,กาญจนบุรี,มาตรฐาน SAN,2024-06-27,หมดอายุ
ราตรี,ร้านจำหน่ายอาหาร,พนมทวน,พนมทวน,กาญจนบุรี,SAN,2024-06-27,ไม่ผ่านเกณฑ์
สเต็กบ้านนอก,ร้านจำหน่ายอาหาร,พนมทวน,พนมทวน,กาญจนบุรี,SAN,2025-04-21,รับรอง
โรงแรมเดอะเลกาซีริเวอร์แควรีสอร์ท,อื่นๆ,กลอนโด,ด่านมะขามเตี้ย,กาญจนบุรี,SAN,2024-06-28,ไม่ผ่านเกณฑ์
เทวมันทรา รีสอร์ท,อื่นๆ,ท่ามะขาม,เมืองกาญจนบุรี,กาญจนบุรี,มาตรฐาน SAN,2024-06-28,หมดอายุ
บาร์น้ำ Big c,ศูนย์อาหาร,เกาะสำโรง,เมืองกาญจนบุรี,กาญจนบุรี,มาตรฐาน SAN,2024-06-28,หมดอายุ
ข้าวขาหมู Big C,ศูนย์อาหาร,ท่ามะขาม,เมืองกาญจนบุรี,กาญจนบุรี,SAN,2024-06-28,ไม่ผ่านเกณฑ์
ลูกชิ้นทิพย์ Big C,ศูนย์อาหาร,ท่ามะขาม,เมืองกาญจนบุรี,กาญจนบุรี,มาตรฐาน SAN,2024-06-29,หมดอายุ
ก๋วยเตี๋ยวไก่ตุ๋นมะระ Big C,ศูนย์อาหาร,ท่ามะขาม,เมืองกาญจนบุรี,กาญจนบุรี,มาตรฐาน SAN,2024-06-29,หมดอายุ
อาหารตามสั่ง Big C,ศูนย์อาหาร,ท่ามะขาม,เมืองกาญจนบุรี,กาญจนบุรี,SAN,2024-06-29,ไม่ผ่านเกณฑ์
ก๋วยเตี๋ยวเรืออยุธยา Big C,ศูนย์อาหาร,ท่ามะขาม,เมืองกาญจนบุรี,กาญจนบุรี,มาตรฐาน SAN,2024-06-29,หมดอายุ
ก๋วยเตี๋ยวแม่ลี Big C,ศูนย์อาหาร,ท่ามะขาม,เมืองกาญจนบุรี,กาญจนบุรี,มาตรฐาน SAN,2024-06-29,หมดอายุ
แกงราดข้าว Big C,ศูนย์อาหาร,ท่ามะขาม,เมืองกาญจนบุรี,กาญจนบุรี,มาตรฐาน SAN,2024-06-29,หมดอายุ
สรรแดกเตี๋ยวไก่บุฟเฟ่ต์,ร้านจำหน่ายอาหาร,แก่งเสี้ยน,เมืองกาญจนบุรี,กาญจนบุรี,มาตรฐาน SAN,2024-07-04,หมดอายุ
ลามายอนคอฟฟี่,ร้านเครื่องดื่ม,แก่งเสี้ยน,เมืองกาญจนบุรี,กาญจนบุรี,SAN,2025-07-17,รับรอง
ตำอร่อย,ร้านจำหน่ายอาหาร,หนองลู,สังขละบุรี,กาญจนบุรี,SAN,2024-07-12,ไม่ผ่านเกณฑ์
GUT,ร้านเครื่องดื่ม,แก่งเสี้ยน,เมืองกาญจนบุรี,กาญจนบุรี,มาตรฐาน SAN,2024-07-04,หมดอายุ
The Hub Erawan,ร้านจำหน่ายอาหาร,ท่ากระดาน,ศรีสวัสดิ์,กาญจนบุรี,มาตรฐาน SAN,2024-07-05,หมดอายุ
ครัวอิงภูผา,ร้านจำหน่ายอาหาร,ท่ากระดาน,ศรีสวัสดิ์,กาญจนบุรี,SAN,2024-07-15,ไม่ผ่านเกณฑ์
ร้านอาหารเรือนธารา,ร้านจำหน่ายอาหาร,ท่ากระดาน,ศรีสวัสดิ์,กาญจนบุรี,SAN,2025-08-07,รับรอง
ร้านแควใหญ่,ร้านจำหน่ายอาหาร,ท่ากระดาน,ศรีสวัสดิ์,กาญจนบุรี,SAN,2024-07-15,ไม่ผ่านเกณฑ์
ร้านต้นน้ำ,ร้านจำหน่ายอาหาร,ท่ากระดาน,ศรีสวัสดิ์,กาญจนบุรี,SAN,2025-08-07,รับรอง
เอราชล ราฟท์ รีสอร์ท,ร้านจำหน่ายอาหาร,ท่ากระดาน,ศรีสวัสดิ์,กาญจนบุรี,SAN,2024-07-15,ไม่ผ่านเกณฑ์
ร้านแดง,ร้านจำหน่ายอาหาร,กลอนโด,ด่านมะขามเตี้ย,กาญจนบุรี,SAN,2024-07-16,ไม่ผ่านเกณฑ์
ร้านโนชแกงป่า,ร้านจำหน่ายอาหาร,กลอนโด,ด่านมะขามเตี้ย,กาญจนบุรี,SAN,2024-07-16,ไม่ผ่านเกณฑ์
ร้านชัยแกงป่า,ร้านจำหน่ายอาหาร,กลอนโด,ด่านมะขามเตี้ย,กาญจนบุรี,SAN,2024-07-16,ไม่ผ่านเกณฑ์
ร้านแอบแซ่บ สังขละบุรี,ร้านจำหน่ายอาหาร,หนองลู,สังขละบุรี,กาญจนบุรี,SAN,2024-07-15,ไม่ผ่านเกณฑ์
อะลิทเทิลบิท,ร้านเครื่องดื่ม,กลอนโด,ด่านมะขามเตี้ย,กาญจนบุรี,SAN,2024-08-28,ไม่ผ่านเกณฑ์
เรดไลท์คาเฟ่แอนด์เรสเทอรองท์,ร้านเครื่องดื่ม,แก่งเสี้ยน,เมืองกาญจนบุรี,กาญจนบุรี,มาตรฐาน SAN,2024-07-18,หมดอายุ
เรดไลท์คาเฟ่แอนด์เรสเทอรองท์,ร้านเครื่องดื่ม,แก่งเสี้ยน,เมืองกาญจนบุรี,กาญจนบุรี,SAN,2024-08-05,ไม่ผ่านเกณฑ์
ร้านลูกชิ้นทอด(คมสันต์),อื่นๆ,แก่งเสี้ยน,เมืองกาญจนบุรี,กาญจนบุรี,SAN,2024-08-05,ไม่ผ่านเกณฑ์
ครัวภักดีกาญจน์,ร้านจำหน่ายอาหาร,ลาดหญ้า,เมืองกาญจนบุรี,กาญจนบุรี,มาตรฐาน SAN,2024-08-13,หมดอายุ
SOFT DRINK,ศูนย์อาหาร,ปากแพรก,เมืองกาญจนบุรี,กาญจนบุรี,SAN,2024-08-13,ไม่ผ่านเกณฑ์
โรงครัว รพ.ทองผาภูมิ,อื่นๆ,ท่าขนุน,ทองผาภูมิ,กาญจนบุรี,มาตรฐาน SAN,2024-08-27,หมดอายุ
เส้นแซ่บ เตี๋ยวเรือ กะเพราถาด,ร้านจำหน่ายอาหาร,แก่งเสี้ยน,เมืองกาญจนบุรี,กาญจนบุรี,มาตรฐาน SAN,2024-08-27,หมดอายุ
ร้านมาย่างกาญจน์,ร้านจำหน่ายอาหาร,หนองไผ่,ด่านมะขามเตี้ย,กาญจนบุรี,มาตรฐาน SAN,2024-08-28,หมดอายุ
ร้านอาหารธนพร,ร้านจำหน่ายอาหาร,แก่งเสี้ยน,เมืองกาญจนบุรี,กาญจนบุรี,มาตรฐาน SAN,2024-08-29,หมดอายุ
ครัวชัย-อารีย์,ร้านจำหน่ายอาหาร,แก่งเสี้ยน,เมืองกาญจนบุรี,กาญจนบุรี,มาตรฐาน SAN,2024-08-29,หมดอายุ
ร้านข้าวแกง(ป้าบล),ร้านจำหน่ายอาหาร,แก่งเสี้ยน,เมืองกาญจนบุรี,กาญจนบุรี,SAN,2025-07-02,รับรอง
ร้านก๊ะเตี๋ยวเรือ 19 บาท,ร้านจำหน่ายอาหาร,ท่ามะกา,ท่ามะกา,กาญจนบุรี,SAN,2025-08-20,รับรอง
คาเฟ่ อเมซอน สาขาท่ามะกา (ปั๊มน้ำมัน ปตท.),ร้านเครื่องดื่ม,ท่ามะกา,ท่ามะกา,กาญจนบุรี,SAN,2025-01-15,ไม่ผ่านเกณฑ์
linlin café kanchanaburi,ร้านเครื่องดื่ม,พงตึก,ท่ามะกา,กาญจนบุรี,SAN,2024-09-20,ไม่ผ่านเกณฑ์
ครัวริมน้ำ คุณสุริยา,ร้านจำหน่ายอาหาร,ท่ามะกา,ท่ามะกา,กาญจนบุรี,SAN,2025-01-15,ไม่ผ่านเกณฑ์
ขนมบ้านหยากะดรีม,ร้านเครื่องดื่ม,หวายเหนียว,ท่ามะกา,กาญจนบุรี,SAN,2025-01-15,ไม่ผ่านเกณฑ์
ข้าวแกงนายแบงค์,ร้านจำหน่ายอาหาร,ท่ามะกา,ท่ามะกา,กาญจนบุรี,มาตรฐาน SAN,2025-01-15,หมดอายุ
ก๋วยเตี๋ยวไก่มะระ-ต้มเลือดหมู,ร้านจำหน่ายอาหาร,หวายเหนียว,ท่ามะกา,กาญจนบุรี,มาตรฐาน SAN,2025-01-15,หมดอายุ
-,ร้านจำหน่ายอาหาร,สระลงเรือ,ห้วยกระเจา,กาญจนบุรี,SAN,2024-09-05,ไม่ผ่านเกณฑ์
ตำกะเทย,ร้านจำหน่ายอาหาร,แก่งเสี้ยน,เมืองกาญจนบุรี,กาญจนบุรี,SAN,2025-05-21,รับรอง
มูมูนคาเฟ่,ร้านจำหน่ายอาหาร,แสนตอ,ท่ามะกา,กาญจนบุรี,SAN,2025-01-15,ไม่ผ่านเกณฑ์
บ้านนอกคาเฟ่@ท่ามะกา,ร้านจำหน่ายอาหาร,ดอนชะเอม,ท่ามะกา,กาญจนบุรี,SAN,2025-05-19,รับรอง
ผัดไทยเจ๊ตุ้ม บ้านตากิ้น,ร้านจำหน่ายอาหาร,ท่าเสา,ท่ามะกา,กาญจนบุรี,SAN,2025-05-27,รับรอง
ทีเอ็มเค สุกี้ ชาบู,ร้านบุฟเฟ่ต์ (ปิ้งย่าง/ชาบู/สุกี้),ดอนขมิ้น,ท่ามะกา,กาญจนบุรี,SAN,2024-09-20,ไม่ผ่านเกณฑ์
เจ๊เรียม ผัดไท อาหารตามสั่ง,ร้านจำหน่ายอาหาร,ท่าไม้,ท่ามะกา,กาญจนบุรี,มาตรฐาน SAN,2024-09-20,หมดอายุ
บ้านครัวลูกแก,ร้านจำหน่ายอาหาร,ท่าไม้,ท่ามะกา,กาญจนบุรี,มาตรฐาน SAN,2024-09-20,หมดอายุ
The House of Surat,ร้านจำหน่ายอาหาร,ท่าไม้,ท่ามะกา,กาญจนบุรี,มาตรฐาน SAN,2025-02-25,หมดอายุ
ทีเอ็มเค สุกี้ ชาบู,ร้านบุฟเฟ่ต์ (ปิ้งย่าง/ชาบู/สุกี้),ดอนขมิ้น,ท่ามะกา,กาญจนบุรี,SAN,2024-10-01,ไม่ผ่านเกณฑ์
ทีเอ็มเค สุกี้ ชาบู,ร้านบุฟเฟ่ต์ (ปิ้งย่าง/ชาบู/สุกี้),ดอนขมิ้น,ท่ามะกา,กาญจนบุรี,SAN,2025-07-02,รับรอง
โรงแรมริเวอร์แคว วิลเลจ,ร้านจำหน่ายอาหาร,ท่าเสา,ไทรโยค,กาญจนบุรี,SAN,2025-07-14,รับรอง
เซม เซม,ร้านจำหน่ายอาหาร,ท่าม่วง,ท่าม่วง,กาญจนบุรี,มาตรฐาน SAN,2025-03-12,หมดอายุ
มนต์เสน่ห์ริเวอร์แคว รีสอร์ท แอนด์สปา,อื่นๆ,ท่าล้อ,ท่าม่วง,กาญจนบุรี,SAN,2025-03-12,ไม่ผ่านเกณฑ์
ชมสะพาน(สวนไทรโยค รีสอร์ท),ร้านจำหน่ายอาหาร,ลุ่มสุ่ม,ไทรโยค,กาญจนบุรี,มาตรฐาน SAN,2025-03-20,หมดอายุ
โรงแรมริเวอร์แคว วิลเลจ,ร้านจำหน่ายอาหาร,ท่าเสา,ไทรโยค,กาญจนบุรี,มาตรฐาน SAN,2025-04-18,หมดอายุ
โรงแรมริเวอร์แคว วิลเลจ,ร้านจำหน่ายอาหาร,ท่าเสา,ไทรโยค,กาญจนบุรี,มาตรฐาน SAN,2025-04-18,หมดอายุ
ห้องอาหาร บ.เฟลิกซ์ ริเวอร์แคว รีสอร์ท,ร้านจำหน่ายอาหาร,ท่ามะขาม,เมืองกาญจนบุรี,กาญจนบุรี,SAN,2024-10-25,รับรอง
linlin café kanchanaburi,ร้านเครื่องดื่ม,พงตึก,ท่ามะกา,กาญจนบุรี,SAN,2025-07-03,ไม่ผ่านเกณฑ์
SixTeen Cafe'In Farm,ร้านจำหน่ายอาหาร,พนมทวน,พนมทวน,กาญจนบุรี,SAN,2025-05-31,รับรอง
บาวคาเฟ่,ร้านเครื่องดื่ม,ลุ่มสุ่ม,ไทรโยค,กาญจนบุรี,SAN PLUS,2025-04-25,รับรอง
